Publisher Name,Series Name,Volume,Full Title,Title,Issue Number,Release Date,Box,Proposed Box,Event,In Collection,In Wish List,Pull,Marked Read,Copies Owned,My Rating,Media Format,Price Paid,Date Purchased,Condition,Notes,Tags,Storage Box,Owner,Purchase Store,Signature,Slabbing,Grading,Grading Company,Equivalant Comic Book Size Per Issue,Equivalant Comic Book Size,Story Arc,Image Link
Amalgam Comics,JLX (1996),1,JLX #1,JLX,1,2/28/1996,4,16,,1,0,0,0,1,,Print,,,,,,,,,,,,,1,1,,
Amalgam Comics,The Magnetic Men featuring Magneto (1997),1,The Magnetic Men featuring Magneto #1,The Magnetic Men featuring Magneto,1,4/2/1997,4,16,,1,0,0,0,1,,Print,,,,,,,,,,,,,1,1,,
Amalgam Comics,X-Patrol (1996),1,X-Patrol #1,X-Patrol,1,2/28/1996,4,16,,1,0,0,0,1,,Print,,,,,,,,,,,,,1,1,,
Dark Horse Comics,Aliens / Predator: The Deadliest of the Species (1993 - 1995),1,Aliens / Predator: The Deadliest of the Species #1,Aliens / Predator: The Deadliest of the Species,1,7/1/1993,,,,0,1,0,0,0,,Print,,,,,,,,,,,,,1,0,,
Dark Horse Comics,Aliens / Predator: The Deadliest of the Species (1993 - 1995),1,Aliens / Predator: The Deadliest of the Species #2,Aliens / Predator: The Deadliest of the Species,2,9/1/1993,8,16,,1,0,0,0,1,,Print,,,,,,,,,,,,,1,1,,
Dark Horse Comics,Aliens / Predator: The Deadliest of the Species (1993 - 1995),1,Aliens / Predator: The Deadliest of the Species #3,Aliens / Predator: The Deadliest of the Species,3,11/1/1993,,,,0,1,0,0,0,,Print,,,,,,,,,,,,,1,0,,
Dark Horse Comics,Aliens / Predator: The Deadliest of the Species (1993 - 1995),1,Aliens / Predator: The Deadliest of the Species #4,Aliens / Predator: The Deadliest of the Species,4,1/1/1994,,,,0,1,0,0,0,,Print,,,,,,,,,,,,,1,0,,
Dark Horse Comics,Aliens / Predator: The Deadliest of the Species (1993 - 1995),1,Aliens / Predator: The Deadliest of the Species #5,Aliens / Predator: The Deadliest of the Species,5,3/1/1994,,,,0,1,0,0,0,,Print,,,,,,,,,,,,,1,0,,
Dark Horse Comics,Aliens / Predator: The Deadliest of the Species (1993 - 1995),1,Aliens / Predator: The Deadliest of the Species #6,Aliens / Predator: The Deadliest of the Species,6,5/1/1994,,,,0,1,0,0,0,,Print,,,,,,,,,,,,,1,0,,
Dark Horse Comics,Aliens / Predator: The Deadliest of the Species (1993 - 1995),1,Aliens / Predator: The Deadliest of the Species #7,Aliens / Predator: The Deadliest of the Species,7,8/1/1994,,,,0,1,0,0,0,,Print,,,,,,,,,,,,,1,0,,
Dark Horse Comics,Aliens / Predator: The Deadliest of the Species (1993 - 1995),1,Aliens / Predator: The Deadliest of the Species #8,Aliens / Predator: The Deadliest of the Species,8,10/25/1994,,,,0,1,0,0,0,,Print,,,,,,,,,,,,,1,0,,
Dark Horse Comics,Aliens / Predator: The Deadliest of the Species (1993 - 1995),1,Aliens / Predator: The Deadliest of the Species #9,Aliens / Predator: The Deadliest of the Species,9,12/1/1994,,,,0,1,0,0,0,,Print,,,,,,,,,,,,,1,0,,
Dark Horse Comics,Aliens / Predator: The Deadliest of the Species (1993 - 1995),1,Aliens / Predator: The Deadliest of the Species #10,Aliens / Predator: The Deadliest of the Species,10,2/1/1995,,,,0,1,0,0,0,,Print,,,,,,,,,,,,,1,0,,
Dark Horse Comics,Aliens / Predator: The Deadliest of the Species (1993 - 1995),1,Aliens / Predator: The Deadliest of the Species #11,Aliens / Predator: The Deadliest of the Species,11,5/1/1995,,,,0,1,0,0,0,,Print,,,,,,,,,,,,,1,0,,
Dark Horse Comics,Aliens / Predator: The Deadliest of the Species (1993 - 1995),1,Aliens / Predator: The Deadliest of the Species #12,Aliens / Predator: The Deadliest of the Species,12,8/1/1995,,,,0,1,0,0,0,,Print,,,,,,,,,,,,,1,0,,
Dark Horse Comics,Tales From The Secret Shop Are We Heroes Yet? (2014),1,Tales From The Secret Shop Are We Heroes Yet? #1,Tales From The Secret Shop Are We Heroes Yet?,1,1/1/2014,,16,,1,0,0,0,1,,Print,,,,,,,,,,,,,1,1,,https://drive.google.com/file/d/1a3uMHgP3_04BlmZ-0h8hdYfAPCfLWntc/view?usp=drive_link
DC Comics,"Action Comics #1, 50th Anniversary Reprint (1988)",1,Action Comics #1 (50th Anniversary 50 cent White Box Edition),Action Comics,1,6/1/1988,3,16,,1,0,0,1,1,,Print,,,,,,,,,,,,,1,1,,
DC Comics,Action Comics (Vol. 1) (1938 - 2011),1,Action Comics #587,Action Comics,587,1/6/1987,3,16,,1,0,0,0,1,,Print,,,,,,,,,,,,,1,1,,
DC Comics,Atari Force (Vol. 2) (1984 - 1985),2,Atari Force #8,Atari Force,8,4/17/1984,3,16,,1,0,0,0,1,,Print,,,,,,,,,,,,,1,1,,
DC Comics,DC Versus Marvel/Marvel Versus DC (1995 - 1996),1,DC Versus Marvel/Marvel Versus DC #4,DC Versus Marvel/Marvel Versus DC,4,1/5/1996,4,16,,1,0,0,0,1,,Print,,,,,,,,,,,,,1,1,,
DC Comics,Forgotten Realms (1989 - 1991),1,Forgotten Realms #1,Forgotten Realms,1,8/1/1989,,,,0,1,0,0,0,,Print,,,,,,,,,,,,,1,0,,
DC Comics,Forgotten Realms (1989 - 1991),1,Forgotten Realms #2,Forgotten Realms,2,9/1/1989,,,,0,1,0,0,0,,Print,,,,,,,,,,,,,1,0,,
DC Comics,Forgotten Realms (1989 - 1991),1,Forgotten Realms #3,Forgotten Realms,3,10/1/1989,,,,0,1,0,0,0,,Print,,,,,,,,,,,,,1,0,,
DC Comics,Forgotten Realms (1989 - 1991),1,Forgotten Realms #4,Forgotten Realms,4,11/1/1989,,,,0,1,0,0,0,,Print,,,,,,,,,,,,,1,0,,
DC Comics,Forgotten Realms (1989 - 1991),1,Forgotten Realms #5,Forgotten Realms,5,12/1/1989,12,16,,1,0,0,0,1,,Print,,,,,,,,,,,,,1,1,,
DC Comics,Forgotten Realms (1989 - 1991),1,Forgotten Realms #6,Forgotten Realms,6,1/1/1990,12,16,,1,0,0,0,1,,Print,,,,,,,,,,,,,1,1,,
DC Comics,Forgotten Realms (1989 - 1991),1,Forgotten Realms #7,Forgotten Realms,7,2/1/1990,,,,0,1,0,0,0,,Print,,,,,,,,,,,,,1,0,,
DC Comics,Forgotten Realms (1989 - 1991),1,Forgotten Realms #8,Forgotten Realms,8,3/1/1990,12,16,,1,0,0,0,1,,Print,,,,,,,,,,,,,1,1,,
DC Comics,Forgotten Realms (1989 - 1991),1,Forgotten Realms #9,Forgotten Realms,9,4/1/1990,,,,0,1,0,0,0,,Print,,,,,,,,,,,,,1,0,,
DC Comics,Forgotten Realms (1989 - 1991),1,Forgotten Realms #10,Forgotten Realms,10,5/1/1990,,,,0,1,0,0,0,,Print,,,,,,,,,,,,,1,0,,
DC Comics,Forgotten Realms (1989 - 1991),1,Forgotten Realms #11,Forgotten Realms,11,6/1/1990,,,,0,1,0,0,0,,Print,,,,,,,,,,,,,1,0,,
DC Comics,Forgotten Realms (1989 - 1991),1,Forgotten Realms #12,Forgotten Realms,12,7/1/1990,,,,0,1,0,0,0,,Print,,,,,,,,,,,,,1,0,,
DC Comics,Forgotten Realms (1989 - 1991),1,Forgotten Realms #13,Forgotten Realms,13,9/1/1990,,,,0,1,0,0,0,,Print,,,,,,,,,,,,,1,0,,
DC Comics,Forgotten Realms (1989 - 1991),1,Forgotten Realms #14,Forgotten Realms,14,10/1/1990,,,,0,1,0,0,0,,Print,,,,,,,,,,,,,1,0,,
DC Comics,Forgotten Realms (1989 - 1991),1,Forgotten Realms #15,Forgotten Realms,15,11/1/1990,,,,0,1,0,0,0,,Print,,,,,,,,,,,,,1,0,,
DC Comics,Forgotten Realms (1989 - 1991),1,Forgotten Realms #16,Forgotten Realms,16,12/1/1990,,,,0,1,0,0,0,,Print,,,,,,,,,,,,,1,0,,
DC Comics,Forgotten Realms (1989 - 1991),1,Forgotten Realms Annual #1,Forgotten Realms Annual,1,12/13/1990,,,,0,1,0,0,0,,Print,,,,,,,,,,,,,1,0,,
DC Comics,Forgotten Realms (1989 - 1991),1,Forgotten Realms #17,Forgotten Realms,17,1/1/1991,,,,0,1,0,0,0,,Print,,,,,,,,,,,,,1,0,,
DC Comics,Forgotten Realms (1989 - 1991),1,Forgotten Realms #18,Forgotten Realms,18,2/1/1991,,,,0,1,0,0,0,,Print,,,,,,,,,,,,,1,0,,
DC Comics,Forgotten Realms (1989 - 1991),1,Forgotten Realms #19,Forgotten Realms,19,3/1/1991,,,,0,1,0,0,0,,Print,,,,,,,,,,,,,1,0,,
DC Comics,Forgotten Realms (1989 - 1991),1,Forgotten Realms #20,Forgotten Realms,20,4/1/1991,,,,0,1,0,0,0,,Print,,,,,,,,,,,,,1,0,,
DC Comics,Forgotten Realms (1989 - 1991),1,Forgotten Realms #21,Forgotten Realms,21,5/1/1991,,,,0,1,0,0,0,,Print,,,,,,,,,,,,,1,0,,
DC Comics,Forgotten Realms (1989 - 1991),1,Forgotten Realms #22,Forgotten Realms,22,6/1/1991,,,,0,1,0,0,0,,Print,,,,,,,,,,,,,1,0,,
DC Comics,Forgotten Realms (1989 - 1991),1,Forgotten Realms #23,Forgotten Realms,23,7/1/1991,,,,0,1,0,0,0,,Print,,,,,,,,,,,,,1,0,,
DC Comics,Forgotten Realms (1989 - 1991),1,Forgotten Realms #24,Forgotten Realms,24,8/1/1991,,,,0,1,0,0,0,,Print,,,,,,,,,,,,,1,0,,
DC Comics,Forgotten Realms (1989 - 1991),1,Forgotten Realms #25,Forgotten Realms,25,9/1/1991,,,,0,1,0,0,0,,Print,,,,,,,,,,,,,1,0,,
DC Comics,Green Lantern (Vol. 2) (1960 - 1986),2,Green Lantern #166,Green Lantern,166,4/21/1983,12,16,,1,0,0,0,1,,Print,,,,,,,,,,,,,1,1,,
DC Comics,Sovereign Seven (1994 - 1998),1,Sovereign Seven #1,Sovereign Seven,1,5/16/1995,12,16,,1,0,0,0,1,,Print,,,,,,,,,,,,,1,1,,
DC Comics,Superman (Vol. 2) (1986 - 2006),2,Superman #36,Superman,36,8/24/1989,4,16,,1,0,0,0,1,,Print,,,,,,,,,,,,,1,1,,
DC Comics,The Flash (Vol. 5) (2016 - 2023),5,The Flash #1,The Flash,1,6/22/2016,,16,,1,0,0,0,1,,Print,,,,,,,,,,,,,1,1,,
DC Comics,The New Adventures of Superboy (1980 - 1984),1,The New Adventures of Superboy #29,The New Adventures of Superboy,29,2/25/1982,8,16,,1,0,0,0,1,,Print,,,,,,,,,,,,,1,1,,
Defiant Comics,Charlemagne (1994),1,Charlemagne #0,Charlemagne,0,2/1/1994,4,16,,1,0,0,0,1,,Print,,,,,,,,,,,,,1,1,,
Defiant Comics,Dark Dominion (1993 - 1994),1,Dark Dominion #1,Dark Dominion,1,10/1/1993,1,16,,1,0,0,0,1,,Print,,,,,,,,,,,,,1,1,,
Defiant Comics,Dark Dominion (1993 - 1994),1,Dark Dominion #2,Dark Dominion,2,11/1/1993,1,16,,1,0,0,0,1,,Print,,,,,,,,,,,,,1,1,,
Defiant Comics,Dark Dominion (1993 - 1994),1,Dark Dominion #3,Dark Dominion,3,12/1/1993,1,16,,1,0,0,0,1,,Print,,,,,,,,,,,,,1,1,,
Defiant Comics,Dark Dominion (1993 - 1994),1,Dark Dominion #4,Dark Dominion,4,1/1/1994,1,16,,1,0,0,0,1,,Print,,,,,,,,,,,,,1,1,,
Defiant Comics,Dark Dominion (1993 - 1994),1,Dark Dominion #5,Dark Dominion,5,2/1/1994,1,16,,1,0,0,0,1,,Print,,,,,,,,,,,,,1,1,,
Defiant Comics,Warriors of Plasm (1993 - 1994),1,Warriors of Plasm #1,Warriors of Plasm,1,8/1/1993,9,16,,1,0,0,0,1,,Print,,,,,,,,,,,,,1,1,,
Defiant Comics,Warriors of Plasm (1993 - 1994),1,Warriors of Plasm #2,Warriors of Plasm,2,9/1/1993,9,16,,1,0,0,0,1,,Print,,,,,,,,,,,,,1,1,,
Defiant Comics,Warriors of Plasm (1993 - 1994),1,Warriors of Plasm #3,Warriors of Plasm,3,10/1/1993,9,16,,1,0,0,0,1,,Print,,,,,,,,,,,,,1,1,,
Defiant Comics,Warriors of Plasm (1993 - 1994),1,Warriors of Plasm #4,Warriors of Plasm,4,11/1/1993,9,16,,1,0,0,0,1,,Print,,,,,,,,,,,,,1,1,,
Defiant Comics,Warriors of Plasm (1993 - 1994),1,Warriors of Plasm #5,Warriors of Plasm,5,12/1/1993,9,16,,1,0,0,0,2,,Print,,,,,,,,,,,,,1,2,,
Defiant Comics,Warriors of Plasm (1993 - 1994),1,Warriors of Plasm #6,Warriors of Plasm,6,1/1/1994,9,16,,1,0,0,0,1,,Print,,,,,,,,,,,,,1,1,,
Defiant Comics,Warriors of Plasm (1993 - 1994),1,Warriors of Plasm #7,Warriors of Plasm,7,2/1/1994,9,16,,1,0,0,0,1,,Print,,,,,,,,,,,,,1,1,,
Defiant Comics,Warriors of Plasm (1993 - 1994),1,Warriors of Plasm #8,Warriors of Plasm,8,3/1/1994,9,16,,1,0,0,0,1,,Print,,,,,,,,,,,,,1,1,,
Eagle Comics,The Stainless Steel Rat (1985),1,The Stainless Steel Rat #5,The Stainless Steel Rat,5,10/15/1985,,16,,1,0,0,0,1,,Print,,,,,,,,,,,,,1,1,,https://drive.google.com/file/d/1r5avbI2b1d3Ehhl2KNO9vshVynZZNT9Z/view?usp=drive_link
Image Comics,Badrock / Wolverine (1996),1,Badrock / Wolverine #1,Badrock / Wolverine,1,6/26/1996,3,16,,1,0,0,0,1,,Print,,,,,,,,,,,,,1,1,,
Image Comics,Bone (1996 - 1999),1,Bone #1,Bone,1,1/1/1996,12,16,,1,0,0,0,1,,Print,,,,,,,,,,,,,1,1,,
Image Comics,Cyberpunx (1996),1,Cyberpunx #1,Cyberpunx,1,3/27/1996,1,16,,1,0,0,0,1,,Print,,,,,,,,,,,,,1,1,,
Image Comics,Hellshock (Vol. 2) (1997 - 1998),2,Hellshock #1,Hellshock,1,1/1/1997,1,16,,1,0,0,0,1,,Print,,,,,,,,,,,,,1,1,,
Image Comics,Hellshock (Vol. 2) (1997 - 1998),2,Hellshock #2,Hellshock,2,2/1/1997,1,16,,1,0,0,0,1,,Print,,,,,,,,,,,,,1,1,,
Image Comics,Hellshock (Vol. 2) (1997 - 1998),2,Hellshock #3,Hellshock,3,1/1/1998,,,,0,1,0,0,0,,Print,,,,,,,,,,,,,1,0,,
Image Comics,StormWatch Sourcebook (1994),1,StormWatch Sourcebook #1,StormWatch Sourcebook,1,1/5/1994,1,16,,1,0,0,0,1,,Print,,,,,,,,,,,,,1,1,,
Image Comics,StormWatch (Vol. 1) (1993 - 1997),1,StormWatch #1,StormWatch,1,3/30/1993,1,16,,1,0,0,0,1,,Print,,,,,,,,,,,,,1,1,,
Image Comics,StormWatch (Vol. 1) (1993 - 1997),1,StormWatch #2,StormWatch,2,6/1/1993,1,16,,1,0,0,0,1,,Print,,,,,,,,,,,,,1,1,,
Image Comics,StormWatch (Vol. 1) (1993 - 1997),1,StormWatch #3,StormWatch,3,7/20/1993,1,16,,1,0,0,0,1,,Print,,,,,,,,,,,,,1,1,,
Image Comics,StormWatch (Vol. 1) (1993 - 1997),1,StormWatch #0,StormWatch,0,8/1/1993,1,16,,1,0,0,0,1,,Print,,,,,,,,,,,,,1,1,,
Image Comics,StormWatch (Vol. 1) (1993 - 1997),1,StormWatch #4,StormWatch,4,10/11/1993,1,16,,1,0,0,0,1,,Print,,,,,,,,,,,,,1,1,,
Image Comics,StormWatch (Vol. 1) (1993 - 1997),1,StormWatch #5,StormWatch,5,11/15/1993,1,16,,1,0,0,0,1,,Print,,,,,,,,,,,,,1,1,,
Image Comics,StormWatch (Vol. 1) (1993 - 1997),1,StormWatch #6,StormWatch,6,12/13/1993,1,16,,1,0,0,0,1,,Print,,,,,,,,,,,,,1,1,,
Image Comics,StormWatch (Vol. 1) (1993 - 1997),1,StormWatch #7,StormWatch,7,1/31/1994,1,16,,1,0,0,0,1,,Print,,,,,,,,,,,,,1,1,,
Image Comics,StormWatch (Vol. 1) (1993 - 1997),1,StormWatch #8,StormWatch,8,3/8/1994,1,16,,1,0,0,0,1,,Print,,,,,,,,,,,,,1,1,,
Image Comics,StormWatch (Vol. 1) (1993 - 1997),1,StormWatch #9,StormWatch,9,4/5/1994,1,16,,1,0,0,0,1,,Print,,,,,,,,,,,,,1,1,,
Image Comics,StormWatch (Vol. 1) (1993 - 1997),1,StormWatch #25,StormWatch,25,5/10/1994,1,16,,1,0,0,0,1,,Print,,,,,,,,,,,,,1,1,,
Image Comics,StormWatch (Vol. 1) (1993 - 1997),1,StormWatch #10,StormWatch,10,6/21/1994,1,16,,1,0,0,0,1,,Print,,,,,,,,,,,,,1,1,,
Image Comics,StormWatch (Vol. 1) (1993 - 1997),1,StormWatch #11,StormWatch,11,8/8/1994,1,16,,1,0,0,0,1,,Print,,,,,,,,,,,,,1,1,,
Image Comics,StormWatch (Vol. 1) (1993 - 1997),1,StormWatch #12,StormWatch,12,8/22/1994,1,16,,1,0,0,0,1,,Print,,,,,,,,,,,,,1,1,,
Image Comics,StormWatch (Vol. 1) (1993 - 1997),1,StormWatch #14,StormWatch,14,9/26/1994,1,16,,1,0,0,0,1,,Print,,,,,,,,,,,,,1,1,,
Image Comics,Wetworks (Vol. 1) (1994 - 1998),1,Wetworks #2 Whilce Portacio WildStorm Universe Connecting Variant,Wetworks,2,8/8/1994,9,16,,1,0,0,0,1,,Print,,,,,,,,,,,,,1,1,,
Image Comics,WildC.A.T.s: Covert Action Teams (Vol. 1) (1992 - 1998),1,WildC.A.T.s: Covert Action Teams #5,WildC.A.T.s: Covert Action Teams,5,11/1/1993,9,16,,1,0,0,0,1,,Print,,,,,,,,,,,,,1,1,,
Image Comics,WildC.A.T.s: Covert Action Teams (Vol. 1) (1992 - 1998),1,WildC.A.T.s: Covert Action Teams #6,WildC.A.T.s: Covert Action Teams,6,12/6/1993,9,16,,1,0,0,0,1,,Print,,,,,,,,,,,,,1,1,,
Image Comics,WildC.A.T.s: Covert Action Teams (Vol. 1) (1992 - 1998),1,WildC.A.T.s: Covert Action Teams #7,WildC.A.T.s: Covert Action Teams,7,1/18/1994,9,16,,1,0,0,0,1,,Print,,,,,,,,,,,,,1,1,,
Image Comics,WildC.A.T.s: Covert Action Teams (Vol. 1) (1992 - 1998),1,WildC.A.T.s: Covert Action Teams #8,WildC.A.T.s: Covert Action Teams,8,2/21/1994,9,16,,1,0,0,0,1,,Print,,,,,,,,,,,,,1,1,,
Image Comics,WildC.A.T.s: Covert Action Teams (Vol. 1) (1992 - 1998),1,WildC.A.T.s: Covert Action Teams #9,WildC.A.T.s: Covert Action Teams,9,3/21/1994,9,16,,1,0,0,0,1,,Print,,,,,,,,,,,,,1,1,,
Image Comics,WildC.A.T.s: Covert Action Teams (Vol. 1) (1992 - 1998),1,WildC.A.T.s: Covert Action Teams #10,WildC.A.T.s: Covert Action Teams,10,4/18/1994,9,16,,1,0,0,0,1,,Print,,,,,,,,,,,,,1,1,,
Image Comics,WildC.A.T.s: Covert Action Teams (Vol. 1) (1992 - 1998),1,WildC.A.T.s: Covert Action Teams #11,WildC.A.T.s: Covert Action Teams,11,6/6/1994,9,16,,1,0,0,0,1,,Print,,,,,,,,,,,,,1,1,,
Malibu Comics,The Night Man / Gambit (1996),1,The Night Man / Gambit #1,The Night Man / Gambit,1,3/1/1996,9,16,,1,0,0,0,1,,Print,,,,,,,,,,,,,1,1,,
Malibu Comics,The Night Man / Gambit (1996),1,The Night Man / Gambit #2,The Night Man / Gambit,2,4/1/1996,9,16,,1,0,0,0,1,,Print,,,,,,,,,,,,,1,1,,
Malibu Comics,The Night Man / Gambit (1996),1,The Night Man / Gambit #3,The Night Man / Gambit,3,5/1/1996,9,16,,1,0,0,0,1,,Print,,,,,,,,,,,,,1,1,,
Marvel Comics,2099 A.D. Genesis (1996),1,2099 A.D. Genesis #1,2099 A.D. Genesis,1,11/24/1995,1,1,,1,0,0,0,1,,Print,,,,,,,,,,,,,1,1,,
Marvel Comics,2099: World of Tomorrow (1996 - 1997),1,2099: World of Tomorrow #2,2099: World of Tomorrow,2,9/4/1996,1,1,,1,0,0,0,1,,Print,,,,,,,,,,,,,1,1,,
Marvel Comics,Age of Apocalypse: The Chosen (1995),1,Age of Apocalypse: The Chosen #1,Age of Apocalypse: The Chosen,1,2/7/1995,6,6,Age of Apocalypse,1,0,0,0,1,,Print,,,,,,,,,,,,,1,1,,
Marvel Comics,Air Raiders (Vol. 1) (1987 - 1988),1,Air Raiders #3,Air Raiders,3,3/3/1988,3,17,,1,0,0,0,1,,Print,,,,,,,,,,,,,1,1,,
Marvel Comics,ALF (1988 - 1992),1,ALF #12,ALF,12,11/2/1988,3,17,,1,0,0,0,1,,Print,,,,,,,,,,,,,1,1,,
Marvel Comics,Alpha Flight (Vol. 1) (1983 - 1993),1,Alpha Flight #28,Alpha Flight,28,7/30/1985,14,14,Secret Wars II,1,0,0,0,1,,Print,,,,,,,,,,,,,1,1,,
Marvel Comics,Alpha Flight (Vol. 1) (1983 - 1993),1,Alpha Flight #40,Alpha Flight,40,7/29/1986,3,3,,1,0,0,0,1,,Print,,,,,,,,,,,,,1,1,,
Marvel Comics,Alpha Flight (Vol. 1) (1983 - 1993),1,Alpha Flight #50,Alpha Flight,50,6/2/1987,3,3,,1,0,0,0,1,,Print,,,,,,,,,,,,,1,1,,
Marvel Comics,Alpha Flight (Vol. 1) (1983 - 1993),1,Alpha Flight #51,Alpha Flight,51,6/9/1987,3,3,,1,0,0,0,1,,Print,,,,,,,,,,,,,1,1,,
Marvel Comics,Alpha Flight (Vol. 1) (1983 - 1993),1,Alpha Flight Annual #2,Alpha Flight Annual,2,12/1/1987,3,3,,1,0,0,0,1,,Print,,,,,,,,,,,,,1,1,,
Marvel Comics,Alpha Flight (Vol. 1) (1983 - 1993),1,Alpha Flight #79,Alpha Flight,79,10/10/1989,14,14,Acts of Vengeance,1,0,0,0,1,,Print,,,,,,,,,,,,,1,1,,
Marvel Comics,Alpha Flight (Vol. 1) (1983 - 1993),1,Alpha Flight #80,Alpha Flight,80,11/10/1989,,14,Acts of Vengeance,0,1,0,0,0,,Print,,,,,,,,,,,,,1,0,,
Marvel Comics,Alpha Flight (Vol. 1) (1983 - 1993),1,Alpha Flight #110,Alpha Flight,110,3/12/1992,,2,The Infinity War,0,1,0,0,0,,Print,,,,,,,,,,,,,1,0,,
Marvel Comics,Alpha Flight (Vol. 1) (1983 - 1993),1,Alpha Flight #111,Alpha Flight,111,4/8/1992,2,2,The Infinity War,1,0,0,0,1,,Print,,,,,,,,,,,,,1,1,,
Marvel Comics,Alpha Flight (Vol. 1) (1983 - 1993),1,Alpha Flight #112,Alpha Flight,112,5/8/1992,,2,The Infinity War,0,1,0,0,0,,Print,,,,,,,,,,,,,1,0,,
Marvel Comics,Alpha Flight (Vol. 1) (1983 - 1993),1,Alpha Flight #122,Alpha Flight,122,3/8/1993,2,2,The Infinity Crusade,1,0,0,0,1,,Print,,,,,,,,,,,,,1,1,,
Marvel Comics,Alpha Flight (Vol. 1) (1983 - 1993),1,Alpha Flight #123,Alpha Flight,123,4/8/1993,2,2,The Infinity Crusade,1,0,0,0,1,,Print,,,,,,,,,,,,,1,1,,
Marvel Comics,Alpha Flight (Vol. 1) (1983 - 1993),1,Alpha Flight #124,Alpha Flight,124,5/8/1993,2,2,The Infinity Crusade,1,0,0,0,1,,Print,,,,,,,,,,,,,1,1,,
Marvel Comics,Alpha Flight (Vol. 1) (1983 - 1993),1,Alpha Flight #127,Alpha Flight,127,8/8/1993,3,3,,1,0,0,0,1,,Print,,,,,,,,,,,,,1,1,,
Marvel Comics,Alpha Flight (Vol. 1) (1983 - 1993),1,Alpha Flight #128,Alpha Flight,128,9/8/1993,3,3,No Future,1,0,0,0,1,,Print,,,,,,,,,,,,,1,1,No Future,
Marvel Comics,Alpha Flight (Vol. 1) (1983 - 1993),1,Alpha Flight #129,Alpha Flight,129,10/8/1993,3,3,No Future,1,0,0,0,1,,Print,,,,,,,,,,,,,1,1,No Future,
Marvel Comics,Alpha Flight (Vol. 1) (1983 - 1993),1,Alpha Flight #130,Alpha Flight,130,11/8/1993,3,3,No Future,1,0,0,0,1,,Print,,,,,,,,,,,,,1,1,No Future,
Marvel Comics,Amazing Adventures (1979 - 1981),1,Amazing Adventures #1,Amazing Adventures,1,9/25/1979,4,4,,1,0,0,1,1,,Print,,,,,,,,,,,,,1,1,,
Marvel Comics,Animax (Vol. 1) (1986 - 1987),1,Animax #1,Animax,1,11/4/1986,3,17,,1,0,0,0,1,,Print,,,,,,,,,,,,,1,1,,
Marvel Comics,Animax (Vol. 1) (1986 - 1987),1,Animax #2,Animax,2,12/1/1986,3,17,,1,0,0,0,1,,Print,,,,,,,,,,,,,1,1,,
Marvel Comics,Animax (Vol. 1) (1986 - 1987),1,Animax #3,Animax,3,4/1/1987,3,17,,1,0,0,0,1,,Print,,,,,,,,,,,,,1,1,,
Marvel Comics,Animax (Vol. 1) (1986 - 1987),1,Animax #4,Animax,4,10/26/1987,3,17,,1,0,0,0,1,,Print,,,,,,,,,,,,,1,1,,
Marvel Comics,Archangel (1996),1,Archangel #1,Archangel,1,12/7/1995,3,3,,1,0,0,0,1,,Print,,,,,,,,,,,,,1,1,,
Marvel Comics,Askani'son (1996),1,Askani'son #1,Askani'son,1,12/14/1995,3,3,,1,0,0,0,1,,Print,,,,,,,,,,,,,1,1,,
Marvel Comics,Askani'son (1996),1,Askani'son #2,Askani'son,2,2/8/1996,3,3,,1,0,0,0,1,,Print,,,,,,,,,,,,,1,1,,
Marvel Comics,Askani'son (1996),1,Askani'son #3,Askani'son,3,3/14/1996,3,3,,1,0,0,0,1,,Print,,,,,,,,,,,,,1,1,,
Marvel Comics,Askani'son (1996),1,Askani'son #4,Askani'son,4,5/8/1996,3,3,,1,0,0,0,1,,Print,,,,,,,,,,,,,1,1,,
Marvel Comics,Avengers Spotlight (1989 - 1991),1,Avengers Spotlight #21,Avengers Spotlight,21,4/11/1989,3,3,,1,0,0,0,1,,Print,,,,,,,,,,,,,1,1,,
Marvel Comics,Avengers Spotlight (1989 - 1991),1,Avengers Spotlight #23,Avengers Spotlight,23,6/13/1989,3,3,,1,0,0,0,1,,Print,,,,,,,,,,,,,1,1,,
Marvel Comics,Avengers Spotlight (1989 - 1991),1,Avengers Spotlight #24,Avengers Spotlight,24,7/11/1989,3,3,,1,0,0,0,1,,Print,,,,,,,,,,,,,1,1,,
Marvel Comics,Avengers Spotlight (1989 - 1991),1,Avengers Spotlight #25,Avengers Spotlight,25,8/8/1989,3,3,,1,0,0,0,1,,Print,,,,,,,,,,,,,1,1,,
Marvel Comics,Avengers Spotlight (1989 - 1991),1,Avengers Spotlight #26,Avengers Spotlight,26,9/12/1989,14,14,Acts of Vengeance,1,0,0,0,1,,Print,,,,,,,,,,,,,1,1,,
Marvel Comics,Avengers Spotlight (1989 - 1991),1,Avengers Spotlight #27,Avengers Spotlight,27,10/10/1989,14,14,Acts of Vengeance,1,0,0,0,1,,Print,,,,,,,,,,,,,1,1,,
Marvel Comics,Avengers Spotlight (1989 - 1991),1,Avengers Spotlight #28,Avengers Spotlight,28,11/14/1989,14,14,Acts of Vengeance,1,0,0,0,1,,Print,,,,,,,,,,,,,1,1,,
Marvel Comics,Avengers Spotlight (1989 - 1991),1,Avengers Spotlight #29,Avengers Spotlight,29,12/12/1989,14,14,Acts of Vengeance,1,0,0,0,1,,Print,,,,,,,,,,,,,1,1,,
Marvel Comics,Black Knight: Exodus (1996),1,Black Knight: Exodus #1,Black Knight: Exodus,1,12/1/1996,3,3,,1,0,0,0,1,,Print,,,,,,,,,,,,,1,1,,
Marvel Comics,Black Panther (Vol. 2) (1988),2,Black Panther #1,Black Panther,1,3/3/1988,,,,0,1,0,0,0,,Print,,,,,,,,,,,,,1,0,,
Marvel Comics,Black Panther (Vol. 2) (1988),2,Black Panther #2,Black Panther,2,4/5/1988,3,3,,1,0,0,0,1,,Print,,,,,,,,,,,,,1,1,,
Marvel Comics,Black Panther (Vol. 2) (1988),2,Black Panther #3,Black Panther,3,5/5/1988,3,3,,1,0,0,0,1,,Print,,,,,,,,,,,,,1,1,,
Marvel Comics,Black Panther (Vol. 2) (1988),2,Black Panther #4,Black Panther,4,6/7/1988,,,,0,1,0,0,0,,Print,,,,,,,,,,,,,1,0,,
Marvel Comics,Blink (2000 - 2001),1,Blink #1,Blink,1,12/28/2000,,6,Age of Apocalypse,0,1,0,0,0,,Print,,,,,,,,,,,,,1,0,,
Marvel Comics,Blink (2000 - 2001),1,Blink #2,Blink,2,2/14/2001,,6,Age of Apocalypse,0,1,0,0,0,,Print,,,,,,,,,,,,,1,0,,
Marvel Comics,Blink (2000 - 2001),1,Blink #3,Blink,3,3/7/2001,,6,Age of Apocalypse,0,1,0,0,0,,Print,,,,,,,,,,,,,1,0,,
Marvel Comics,Blink (2000 - 2001),1,Blink #4,Blink,4,4/11/2001,,6,Age of Apocalypse,0,1,0,0,0,,Print,,,,,,,,,,,,,1,0,,
Marvel Comics,Cable (Vol. 1) (1993 - 2002),1,Cable #1,Cable,1,3/2/1993,3,3,,1,0,0,0,1,,Print,,,,,,,,,,,,,1,1,,
Marvel Comics,Cable (Vol. 1) (1993 - 2002),1,Cable #5,Cable,5,9/7/1993,3,3,,1,0,0,0,1,,Print,,,,,,,,,,,,,1,1,,
Marvel Comics,Cable (Vol. 1) (1993 - 2002),1,Cable #6,Cable,6,10/5/1993,3,3,Fathers and Sons,1,0,0,0,1,,Print,,,,,,,,,,,,,1,1,Fathers and Sons,
Marvel Comics,Cable (Vol. 1) (1993 - 2002),1,Cable #7,Cable,7,11/2/1993,3,3,Fathers and Sons,1,0,0,0,1,,Print,,,,,,,,,,,,,1,1,Fathers and Sons,
Marvel Comics,Cable (Vol. 1) (1993 - 2002),1,Cable #8,Cable,8,12/7/1993,3,3,Fathers and Sons,1,0,0,0,1,,Print,,,,,,,,,,,,,1,1,Fathers and Sons,
Marvel Comics,Cable (Vol. 1) (1993 - 2002),1,Cable #9,Cable,9,1/4/1994,3,3,,1,0,0,0,1,,Print,,,,,,,,,,,,,1,1,,
Marvel Comics,Cable (Vol. 1) (1993 - 2002),1,Cable #10,Cable,10,2/1/1994,3,3,,1,0,0,0,1,,Print,,,,,,,,,,,,,1,1,,
Marvel Comics,Cable (Vol. 1) (1993 - 2002),1,Cable #11,Cable,11,3/1/1994,3,3,,1,0,0,0,1,,Print,,,,,,,,,,,,,1,1,,
Marvel Comics,Cable (Vol. 1) (1993 - 2002),1,Cable #12,Cable,12,4/5/1994,3,3,Fear and Loathing,1,0,0,0,1,,Print,,,,,,,,,,,,,1,1,Fear and Loathing,
Marvel Comics,Cable (Vol. 1) (1993 - 2002),1,Cable #13,Cable,13,5/3/1994,3,3,Fear and Loathing,1,0,0,0,1,,Print,,,,,,,,,,,,,1,1,Fear and Loathing,
Marvel Comics,Cable (Vol. 1) (1993 - 2002),1,Cable #14,Cable,14,6/7/1994,3,3,Fear and Loathing,1,0,0,0,1,,Print,,,,,,,,,,,,,1,1,Fear and Loathing,
Marvel Comics,Cable (Vol. 1) (1993 - 2002),1,Cable #15,Cable,15,7/5/1994,3,3,,1,0,0,0,1,,Print,,,,,,,,,,,,,1,1,,
Marvel Comics,Cable (Vol. 1) (1993 - 2002),1,Cable #16,Cable,16,8/2/1994,1,1,Phalanx Covenant,1,0,0,0,1,,Print,,,,,,,,,,,,,1,1,,
Marvel Comics,Cable (Vol. 1) (1993 - 2002),1,Cable #17,Cable,17,9/6/1994,3,3,,1,0,0,0,1,,Print,,,,,,,,,,,,,1,1,,
Marvel Comics,Cable (Vol. 1) (1993 - 2002),1,Cable #18,Cable,18,10/4/1994,3,3,,1,0,0,0,1,,Print,,,,,,,,,,,,,1,1,,
Marvel Comics,Cable (Vol. 1) (1993 - 2002),1,Cable #20,Cable,20,12/6/1994,4,4,Legion Quest,1,0,0,0,1,,Print,,,,,,,,,,,,,1,1,,
Marvel Comics,Cable (Vol. 1) (1993 - 2002),1,Cable #21,Cable,21,5/9/1995,3,3,,1,0,0,0,1,,Print,,,,,,,,,,,,,1,1,,
Marvel Comics,Cable (Vol. 1) (1993 - 2002),1,Cable #22,Cable,22,6/13/1995,3,3,,1,0,0,0,1,,Print,,,,,,,,,,,,,1,1,,
Marvel Comics,Cable (Vol. 1) (1993 - 2002),1,Cable #23,Cable,23,7/11/1995,3,3,,1,0,0,0,1,,Print,,,,,,,,,,,,,1,1,,
Marvel Comics,Cable (Vol. 1) (1993 - 2002),1,Cable #24,Cable,24,8/8/1995,3,3,,1,0,0,0,1,,Print,,,,,,,,,,,,,1,1,,
Marvel Comics,Cable (Vol. 1) (1993 - 2002),1,Cable #25,Cable,25,9/5/1995,3,3,,1,0,0,0,1,,Print,,,,,,,,,,,,,1,1,,
Marvel Comics,Cable (Vol. 1) (1993 - 2002),1,Cable #26,Cable,26,10/3/1995,3,3,,1,0,0,0,1,,Print,,,,,,,,,,,,,1,1,,
Marvel Comics,Cable (Vol. 1) (1993 - 2002),1,Cable #27,Cable,27,11/7/1995,3,3,,1,0,0,0,1,,Print,,,,,,,,,,,,,1,1,,
Marvel Comics,Cable (Vol. 1) (1993 - 2002),1,Cable #28,Cable,28,12/5/1995,3,3,,1,0,0,0,1,,Print,,,,,,,,,,,,,1,1,,
Marvel Comics,Cable (Vol. 1) (1993 - 2002),1,Cable #29,Cable,29,1/2/1996,3,3,,1,0,0,0,1,,Print,,,,,,,,,,,,,1,1,,
Marvel Comics,Cable (Vol. 1) (1993 - 2002),1,Cable #30,Cable,30,2/6/1996,3,3,,1,0,0,0,1,,Print,,,,,,,,,,,,,1,1,,
Marvel Comics,Cable (Vol. 1) (1993 - 2002),1,Cable #31,Cable,31,3/5/1996,3,3,,1,0,0,0,1,,Print,,,,,,,,,,,,,1,1,,
Marvel Comics,Cable (Vol. 1) (1993 - 2002),1,Cable #32,Cable,32,4/3/1996,3,3,,1,0,0,0,1,,Print,,,,,,,,,,,,,1,1,,
Marvel Comics,Cable (Vol. 1) (1993 - 2002),1,Cable #33,Cable,33,5/8/1996,3,3,,1,0,0,0,1,,Print,,,,,,,,,,,,,1,1,,
Marvel Comics,Cable (Vol. 1) (1993 - 2002),1,Cable #34,Cable,34,6/5/1996,6,6,Onslaught,1,0,0,0,1,,Print,,,,,,,,,,,,,1,1,,
Marvel Comics,Cable (Vol. 1) (1993 - 2002),1,Cable #35,Cable,35,7/3/1996,6,6,Onslaught,1,0,0,0,1,,Print,,,,,,,,,,,,,1,1,,
Marvel Comics,Cable (Vol. 1) (1993 - 2002),1,Cable #36,Cable,36,8/7/1996,3,3,,1,0,0,0,1,,Print,,,,,,,,,,,,,1,1,,
Marvel Comics,Cable (Vol. 1) (1993 - 2002),1,Cable #37,Cable,37,9/4/1996,3,3,,1,0,0,0,1,,Print,,,,,,,,,,,,,1,1,,
Marvel Comics,Cable (Vol. 1) (1993 - 2002),1,Cable #38,Cable,38,10/2/1996,3,3,,1,0,0,0,1,,Print,,,,,,,,,,,,,1,1,,
Marvel Comics,Cable (Vol. 1) (1993 - 2002),1,Cable #39,Cable,39,11/6/1996,3,3,,1,0,0,0,1,,Print,,,,,,,,,,,,,1,1,,
Marvel Comics,Cable (Vol. 1) (1993 - 2002),1,Cable #40,Cable,40,12/4/1996,3,3,,1,0,0,0,1,,Print,,,,,,,,,,,,,1,1,,
Marvel Comics,Cage (Vol. 1) (1992 - 1993),1,Cage #1,Cage,1,2/4/1992,5,5,,1,0,0,0,1,,Print,,,,,,,,,,,,,1,1,,
Marvel Comics,Cage (Vol. 1) (1992 - 1993),1,Cage #2,Cage,2,3/3/1992,,,,0,1,0,0,0,,Print,,,,,,,,,,,,,1,0,,
Marvel Comics,Cage (Vol. 1) (1992 - 1993),1,Cage #3,Cage,3,4/7/1992,,,,0,1,0,0,0,,Print,,,,,,,,,,,,,1,0,,
Marvel Comics,Cage (Vol. 1) (1992 - 1993),1,Cage #4,Cage,4,5/5/1992,,,,0,1,0,0,0,,Print,,,,,,,,,,,,,1,0,,
Marvel Comics,Cage (Vol. 1) (1992 - 1993),1,Cage #5,Cage,5,6/2/1992,,,,0,1,0,0,0,,Print,,,,,,,,,,,,,1,0,,
Marvel Comics,Cage (Vol. 1) (1992 - 1993),1,Cage #6,Cage,6,7/7/1992,,,,0,1,0,0,0,,Print,,,,,,,,,,,,,1,0,,
Marvel Comics,Cage (Vol. 1) (1992 - 1993),1,Cage #7,Cage,7,8/7/1992,,,,0,1,0,0,0,,Print,,,,,,,,,,,,,1,0,,
Marvel Comics,Cage (Vol. 1) (1992 - 1993),1,Cage #8,Cage,8,9/1/1992,,,,0,1,0,0,0,,Print,,,,,,,,,,,,,1,0,,
Marvel Comics,Cage (Vol. 1) (1992 - 1993),1,Cage #9,Cage,9,10/6/1992,,,,0,1,0,0,0,,Print,,,,,,,,,,,,,1,0,,
Marvel Comics,Cage (Vol. 1) (1992 - 1993),1,Cage #10,Cage,10,11/3/1992,,,,0,1,0,0,0,,Print,,,,,,,,,,,,,1,0,,
Marvel Comics,Cage (Vol. 1) (1992 - 1993),1,Cage #11,Cage,11,12/1/1992,,,,0,1,0,0,0,,Print,,,,,,,,,,,,,1,0,,
Marvel Comics,Cage (Vol. 1) (1992 - 1993),1,Cage #12,Cage,12,1/5/1993,,,,0,1,0,0,0,,Print,,,,,,,,,,,,,1,0,,
Marvel Comics,Cage (Vol. 1) (1992 - 1993),1,Cage #13,Cage,13,2/2/1993,,,,0,1,0,0,0,,Print,,,,,,,,,,,,,1,0,,
Marvel Comics,Cage (Vol. 1) (1992 - 1993),1,Cage #14,Cage,14,3/2/1993,,,,0,1,0,0,0,,Print,,,,,,,,,,,,,1,0,,
Marvel Comics,Cage (Vol. 1) (1992 - 1993),1,Cage #15,Cage,15,4/6/1993,,,,0,1,0,0,0,,Print,,,,,,,,,,,,,1,0,,
Marvel Comics,Cage (Vol. 1) (1992 - 1993),1,Cage #16,Cage,16,5/4/1993,,,,0,1,0,0,0,,Print,,,,,,,,,,,,,1,0,,
Marvel Comics,Cage (Vol. 1) (1992 - 1993),1,Cage #17,Cage,17,6/1/1993,2,2,The Infinity Crusade,1,0,0,0,1,,Print,,,,,,,,,,,,,1,1,,
Marvel Comics,Cage (Vol. 1) (1992 - 1993),1,Cage #18,Cage,18,7/6/1993,,,,0,1,0,0,0,,Print,,,,,,,,,,,,,1,0,,
Marvel Comics,Cage (Vol. 1) (1992 - 1993),1,Cage #19,Cage,19,8/3/1993,,,,0,1,0,0,0,,Print,,,,,,,,,,,,,1,0,,
Marvel Comics,Cage (Vol. 1) (1992 - 1993),1,Cage #20,Cage,20,9/7/1993,,,,0,1,0,0,0,,Print,,,,,,,,,,,,,1,0,,
Marvel Comics,Captain America (Vol. 1) (1968 - 1996),1,Captain America #308,Captain America,308,8/8/1985,,14,Secret Wars II,0,1,0,0,0,,Print,,,,,,,,,,,,,1,0,,
Marvel Comics,Captain America (Vol. 1) (1968 - 1996),1,Captain America #323,Captain America,323,7/8/1986,13,13,,1,0,0,0,1,,Print,,,,,,,,,,,,,1,1,,
Marvel Comics,Captain America (Vol. 1) (1968 - 1996),1,Captain America #324,Captain America,324,8/12/1986,13,13,,1,0,0,0,1,,Print,,,,,,,,,,,,,1,1,,
Marvel Comics,Captain America (Vol. 1) (1968 - 1996),1,Captain America #325,Captain America,325,9/9/1986,13,13,,1,0,0,0,1,,Print,,,,,,,,,,,,,1,1,,
Marvel Comics,Captain America (Vol. 1) (1968 - 1996),1,Captain America #331,Captain America,331,3/10/1987,13,13,,1,0,0,0,1,,Print,,,,,,,,,,,,,1,1,,
Marvel Comics,Captain America (Vol. 1) (1968 - 1996),1,Captain America #333,Captain America,333,5/12/1987,13,13,,1,0,0,0,1,,Print,,,,,,,,,,,,,1,1,,
Marvel Comics,Captain America (Vol. 1) (1968 - 1996),1,Captain America #335,Captain America,335,7/14/1987,13,13,,1,0,0,0,1,,Print,,,,,,,,,,,,,1,1,,
Marvel Comics,Captain America (Vol. 1) (1968 - 1996),1,Captain America #336,Captain America,336,8/11/1987,13,13,,1,0,0,0,1,,Print,,,,,,,,,,,,,1,1,,
Marvel Comics,Captain America (Vol. 1) (1968 - 1996),1,Captain America #337,Captain America,337,9/8/1987,13,13,,1,0,0,0,1,,Print,,,,,,,,,,,,,1,1,,
Marvel Comics,Captain America (Vol. 1) (1968 - 1996),1,Captain America #338,Captain America,338,10/13/1987,13,13,,1,0,0,0,1,,Print,,,,,,,,,,,,,1,1,,
Marvel Comics,Captain America (Vol. 1) (1968 - 1996),1,Captain America #339,Captain America,339,11/10/1987,10,10,Fall of the Mutants,1,0,0,0,1,,Print,,,,,,,,,,,,,1,1,,
Marvel Comics,Captain America (Vol. 1) (1968 - 1996),1,Captain America #340,Captain America,340,12/8/1987,13,13,,1,0,0,0,1,,Print,,,,,,,,,,,,,1,1,,
Marvel Comics,Captain America (Vol. 1) (1968 - 1996),1,Captain America #341,Captain America,341,1/12/1988,13,13,,1,0,0,0,1,,Print,,,,,,,,,,,,,1,1,,
Marvel Comics,Captain America (Vol. 1) (1968 - 1996),1,Captain America #343,Captain America,343,3/8/1988,13,13,,1,0,0,0,1,,Print,,,,,,,,,,,,,1,1,,
Marvel Comics,Captain America (Vol. 1) (1968 - 1996),1,Captain America #344,Captain America,344,4/12/1988,13,13,,1,0,0,0,1,,Print,,,,,,,,,,,,,1,1,,
Marvel Comics,Captain America (Vol. 1) (1968 - 1996),1,Captain America #345,Captain America,345,5/10/1988,13,13,,1,0,0,0,1,,Print,,,,,,,,,,,,,1,1,,
Marvel Comics,Captain America (Vol. 1) (1968 - 1996),1,Captain America #346,Captain America,346,6/14/1988,13,13,,1,0,0,0,1,,Print,,,,,,,,,,,,,1,1,,
Marvel Comics,Captain America (Vol. 1) (1968 - 1996),1,Captain America #347,Captain America,347,7/12/1988,13,13,,1,0,0,0,1,,Print,,,,,,,,,,,,,1,1,,
Marvel Comics,Captain America (Vol. 1) (1968 - 1996),1,Captain America #348,Captain America,348,8/9/1988,13,13,,1,0,0,0,1,,Print,,,,,,,,,,,,,1,1,,
Marvel Comics,Captain America (Vol. 1) (1968 - 1996),1,Captain America #349,Captain America,349,9/13/1988,13,13,,1,0,0,0,1,,Print,,,,,,,,,,,,,1,1,,
Marvel Comics,Captain America (Vol. 1) (1968 - 1996),1,Captain America #350,Captain America,350,10/11/1988,13,13,,1,0,0,0,1,,Print,,,,,,,,,,,,,1,1,,
Marvel Comics,Captain America (Vol. 1) (1968 - 1996),1,Captain America #351,Captain America,351,11/8/1988,13,13,,1,0,0,0,1,,Print,,,,,,,,,,,,,1,1,,
Marvel Comics,Captain America (Vol. 1) (1968 - 1996),1,Captain America #352,Captain America,352,12/13/1988,13,13,,1,0,0,0,1,,Print,,,,,,,,,,,,,1,1,,
Marvel Comics,Captain America (Vol. 1) (1968 - 1996),1,Captain America #353,Captain America,353,1/10/1989,13,13,,1,0,0,0,1,,Print,,,,,,,,,,,,,1,1,,
Marvel Comics,Captain America (Vol. 1) (1968 - 1996),1,Captain America #354,Captain America,354,2/14/1989,13,13,,1,0,0,0,1,,Print,,,,,,,,,,,,,1,1,,
Marvel Comics,Captain America (Vol. 1) (1968 - 1996),1,Captain America #355,Captain America,355,3/7/1989,13,13,,1,0,0,0,1,,Print,,,,,,,,,,,,,1,1,,
Marvel Comics,Captain America (Vol. 1) (1968 - 1996),1,Captain America #356,Captain America,356,4/4/1989,13,13,,1,0,0,0,1,,Print,,,,,,,,,,,,,1,1,,
Marvel Comics,Captain America (Vol. 1) (1968 - 1996),1,Captain America #357,Captain America,357,5/2/1989,13,13,Bloodstone Hunt,1,0,0,0,1,,Print,,,,,,,,,,,,,1,1,Bloodstone Hunt,
Marvel Comics,Captain America (Vol. 1) (1968 - 1996),1,Captain America #358,Captain America,358,5/16/1989,13,13,Bloodstone Hunt,1,0,0,0,1,,Print,,,,,,,,,,,,,1,1,Bloodstone Hunt,
Marvel Comics,Captain America (Vol. 1) (1968 - 1996),1,Captain America #359,Captain America,359,6/6/1989,13,13,Bloodstone Hunt,1,0,0,0,1,,Print,,,,,,,,,,,,,1,1,Bloodstone Hunt,
Marvel Comics,Captain America (Vol. 1) (1968 - 1996),1,Captain America #360,Captain America,360,6/20/1989,13,13,Bloodstone Hunt,1,0,0,0,1,,Print,,,,,,,,,,,,,1,1,Bloodstone Hunt,
Marvel Comics,Captain America (Vol. 1) (1968 - 1996),1,Captain America #361,Captain America,361,7/4/1989,13,13,Bloodstone Hunt,1,0,0,0,1,,Print,,,,,,,,,,,,,1,1,Bloodstone Hunt,
Marvel Comics,Captain America (Vol. 1) (1968 - 1996),1,Captain America #362,Captain America,362,7/18/1989,13,13,Bloodstone Hunt,1,0,0,0,1,,Print,,,,,,,,,,,,,1,1,Bloodstone Hunt,
Marvel Comics,Captain America (Vol. 1) (1968 - 1996),1,Captain America #363,Captain America,363,8/1/1989,13,13,,1,0,0,0,1,,Print,,,,,,,,,,,,,1,1,,
Marvel Comics,Captain America (Vol. 1) (1968 - 1996),1,Captain America #364,Captain America,364,9/5/1989,13,13,,1,0,0,0,1,,Print,,,,,,,,,,,,,1,1,,
Marvel Comics,Captain America (Vol. 1) (1968 - 1996),1,Captain America #365,Captain America,365,10/3/1989,14,14,Acts of Vengeance,1,0,0,0,1,,Print,,,,,,,,,,,,,1,1,,
Marvel Comics,Captain America (Vol. 1) (1968 - 1996),1,Captain America #366,Captain America,366,11/7/1989,14,14,Acts of Vengeance,1,0,0,0,1,,Print,,,,,,,,,,,,,1,1,,
Marvel Comics,Captain America (Vol. 1) (1968 - 1996),1,Captain America #367,Captain America,367,12/5/1989,14,14,Acts of Vengeance,1,0,0,0,1,,Print,,,,,,,,,,,,,1,1,,
Marvel Comics,Captain America (Vol. 1) (1968 - 1996),1,Captain America #368,Captain America,368,1/2/1990,13,13,,1,0,0,0,1,,Print,,,,,,,,,,,,,1,1,,
Marvel Comics,Captain America (Vol. 1) (1968 - 1996),1,Captain America #369,Captain America,369,2/6/1990,13,13,,1,0,0,0,1,,Print,,,,,,,,,,,,,1,1,,
Marvel Comics,Captain America (Vol. 1) (1968 - 1996),1,Captain America #398,Captain America,398,1/7/1992,9,9,Operation Galactic Storm,1,0,0,1,1,,Print,,,,,,,,,,,,,1,1,,
Marvel Comics,Captain America (Vol. 1) (1968 - 1996),1,Captain America #399,Captain America,399,2/4/1992,9,9,Operation Galactic Storm,1,0,0,0,1,,Print,,,,,,,,,,,,,1,1,,
Marvel Comics,Captain America (Vol. 1) (1968 - 1996),1,Captain America #400,Captain America,400,3/13/1992,9,9,Operation Galactic Storm,1,0,0,0,1,,Print,,,,,,,,,,,,,1,1,,
Marvel Comics,Captain America (Vol. 1) (1968 - 1996),1,Captain America #401,Captain America,401,6/10/1992,9,9,Operation Galactic Storm,1,0,0,0,1,,Print,,,,,,,,,,,,,1,1,,
Marvel Comics,Captain America (Vol. 1) (1968 - 1996),1,Captain America #407,Captain America,407,7/21/1992,13,13,,1,0,0,0,1,,Print,,,,,,,,,,,,,1,1,,
Marvel Comics,Captain America (Vol. 1) (1968 - 1996),1,Captain America #408,Captain America,408,8/4/1992,2,2,The Infinity War,1,0,0,0,1,,Print,,,,,,,,,,,,,1,1,,
Marvel Comics,Captain America (Vol. 2) (1996 - 1997),2,Captain America #1,Captain America,1,9/11/1996,13,13,Heroes Reborn,1,0,0,0,1,,Print,,,,,,,,,,,,,1,1,,
Marvel Comics,Captain America (Vol. 2) (1996 - 1997),2,Captain America #2,Captain America,2,10/23/1996,13,13,Heroes Reborn,1,0,0,0,1,,Print,,,,,,,,,,,,,1,1,,
Marvel Comics,Captain America (Vol. 2) (1996 - 1997),2,Captain America #3,Captain America,3,11/13/1996,13,13,Heroes Reborn,1,0,0,0,1,,Print,,,,,,,,,,,,,1,1,,
Marvel Comics,Captain America (Vol. 2) (1996 - 1997),2,Captain America #4,Captain America,4,12/26/1996,13,13,Heroes Reborn,1,0,0,0,1,,Print,,,,,,,,,,,,,1,1,,
Marvel Comics,Captain America (Vol. 2) (1996 - 1997),2,Captain America #5,Captain America,5,1/22/1997,,13,Heroes Reborn,0,1,0,0,0,,Print,,,,,,,,,,,,,1,0,,
Marvel Comics,Captain America (Vol. 2) (1996 - 1997),2,Captain America #6,Captain America,6,3/5/1997,,13,Heroes Reborn,0,1,0,0,0,,Print,,,,,,,,,,,,,1,0,,
Marvel Comics,Captain America (Vol. 2) (1996 - 1997),2,Captain America #7,Captain America,7,3/26/1997,,13,Heroes Reborn,0,1,0,0,0,,Print,,,,,,,,,,,,,1,0,,
Marvel Comics,Captain America (Vol. 2) (1996 - 1997),2,Captain America #8,Captain America,8,4/23/1997,,13,Heroes Reborn,0,1,0,0,0,,Print,,,,,,,,,,,,,1,0,,
Marvel Comics,Captain America (Vol. 2) (1996 - 1997),2,Captain America #9,Captain America,9,6/4/1997,13,13,Heroes Reborn,1,0,0,0,1,,Print,,,,,,,,,,,,,1,1,,
Marvel Comics,Captain America (Vol. 2) (1996 - 1997),2,Captain America #10,Captain America,10,6/25/1997,13,13,Heroes Reborn,1,0,0,0,1,,Print,,,,,,,,,,,,,1,1,,
Marvel Comics,Captain America (Vol. 2) (1996 - 1997),2,Captain America #11,Captain America,11,7/23/1997,,13,Heroes Reborn,0,1,0,0,0,,Print,,,,,,,,,,,,,1,0,,
Marvel Comics,Captain America (Vol. 2) (1996 - 1997),2,Captain America #12,Captain America,12,9/10/1997,13,13,Heroes Reborn,1,0,0,0,1,,Print,,,,,,,,,,,,,1,1,,
Marvel Comics,Captain America (Vol. 2) (1996 - 1997),2,Captain America #13,Captain America,13,10/1/1997,13,13,Heroes Reborn,1,0,0,0,1,,Print,,,,,,,,,,,,,1,1,,
Marvel Comics,Captain Marvel (1989),1,Captain Marvel #1,Captain Marvel,1,7/11/1989,5,5,,1,0,0,0,1,,Print,,,,,,,,,,,,,1,1,,
Marvel Comics,Chuck Norris Karate Kommandos (1987),1,Chuck Norris Karate Kommandos #4,Chuck Norris Karate Kommandos,4,3/31/1987,5,17,,1,0,0,0,1,,Print,,,,,,,,,,,,,1,1,,
Marvel Comics,ClanDestine (Vol. 2) (2008),2,ClanDestine #3,ClanDestine,3,4/2/2008,5,5,,1,0,0,0,1,,Print,,,,,,,,,,,,,1,1,,
Marvel Comics,Classic X-Men (1986 - 1990),1,Classic X-Men #3,Classic X-Men,3,8/12/1986,10,10,,1,0,0,0,1,,Print,,,,,,,,,,,,,1,1,,
Marvel Comics,Classic X-Men (1986 - 1990),1,Classic X-Men #7,Classic X-Men,7,12/16/1986,10,10,,1,0,0,0,1,,Print,,,,,,,,,,,,,1,1,,
Marvel Comics,Classic X-Men (1986 - 1990),1,Classic X-Men #11,Classic X-Men,11,4/14/1987,10,10,,1,0,0,0,1,,Print,,,,,,,,,,,,,1,1,,
Marvel Comics,Classic X-Men (1986 - 1990),1,Classic X-Men #12,Classic X-Men,12,5/19/1987,10,10,,1,0,0,0,1,,Print,,,,,,,,,,,,,1,1,,
Marvel Comics,Classic X-Men (1986 - 1990),1,Classic X-Men #13,Classic X-Men,13,6/16/1987,10,10,,1,0,0,0,1,,Print,,,,,,,,,,,,,1,1,,
Marvel Comics,Classic X-Men (1986 - 1990),1,Classic X-Men #14,Classic X-Men,14,7/14/1987,10,10,,1,0,0,0,1,,Print,,,,,,,,,,,,,1,1,,
Marvel Comics,Classic X-Men (1986 - 1990),1,Classic X-Men #15,Classic X-Men,15,8/11/1987,10,10,,1,0,0,0,1,,Print,,,,,,,,,,,,,1,1,,
Marvel Comics,Classic X-Men (1986 - 1990),1,Classic X-Men #16,Classic X-Men,16,9/15/1987,10,10,,1,0,0,0,1,,Print,,,,,,,,,,,,,1,1,,
Marvel Comics,Classic X-Men (1986 - 1990),1,Classic X-Men #17,Classic X-Men,17,9/22/1987,10,10,,1,0,0,0,1,,Print,,,,,,,,,,,,,1,1,,
Marvel Comics,Classic X-Men (1986 - 1990),1,Classic X-Men #18,Classic X-Men,18,10/27/1987,10,10,,1,0,0,0,1,,Print,,,,,,,,,,,,,1,1,,
Marvel Comics,Classic X-Men (1986 - 1990),1,Classic X-Men #19,Classic X-Men,19,11/24/1987,10,10,,1,0,0,0,2,,Print,,,,,,,,,,,,,1,2,,
Marvel Comics,Classic X-Men (1986 - 1990),1,Classic X-Men #20,Classic X-Men,20,12/29/1987,10,10,,1,0,0,0,2,,Print,,,,,,,,,,,,,1,2,,
Marvel Comics,Classic X-Men (1986 - 1990),1,Classic X-Men #21,Classic X-Men,21,1/26/1988,10,10,,1,0,0,0,1,,Print,,,,,,,,,,,,,1,1,,
Marvel Comics,Classic X-Men (1986 - 1990),1,Classic X-Men #22,Classic X-Men,22,2/25/1988,10,10,,1,0,0,0,1,,Print,,,,,,,,,,,,,1,1,,
Marvel Comics,Classic X-Men (1986 - 1990),1,Classic X-Men #23,Classic X-Men,23,3/22/1988,10,10,,1,0,0,0,1,,Print,,,,,,,,,,,,,1,1,,
Marvel Comics,Classic X-Men (1986 - 1990),1,Classic X-Men #24,Classic X-Men,24,4/26/1988,10,10,,1,0,0,0,1,,Print,,,,,,,,,,,,,1,1,,
Marvel Comics,Classic X-Men (1986 - 1990),1,Classic X-Men #25,Classic X-Men,25,5/26/1988,10,10,,1,0,0,0,1,,Print,,,,,,,,,,,,,1,1,,
Marvel Comics,Classic X-Men (1986 - 1990),1,Classic X-Men #26,Classic X-Men,26,6/30/1988,10,10,,1,0,0,0,1,,Print,,,,,,,,,,,,,1,1,,
Marvel Comics,Classic X-Men (1986 - 1990),1,Classic X-Men #27,Classic X-Men,27,7/28/1988,10,10,,1,0,0,0,1,,Print,,,,,,,,,,,,,1,1,,
Marvel Comics,Classic X-Men (1986 - 1990),1,Classic X-Men #28,Classic X-Men,28,8/18/1988,10,10,,1,0,0,0,1,,Print,,,,,,,,,,,,,1,1,,
Marvel Comics,Classic X-Men (1986 - 1990),1,Classic X-Men #29,Classic X-Men,29,9/20/1988,,10,,0,1,0,0,0,,Print,,,,,,,,,,,,,1,0,,
Marvel Comics,Classic X-Men (1986 - 1990),1,Classic X-Men #30,Classic X-Men,30,10/27/1988,10,10,,1,0,0,0,1,,Print,,,,,,,,,,,,,1,1,,
Marvel Comics,Classic X-Men (1986 - 1990),1,Classic X-Men #31,Classic X-Men,31,11/29/1988,10,10,,1,0,0,0,1,,Print,,,,,,,,,,,,,1,1,,
Marvel Comics,Classic X-Men (1986 - 1990),1,Classic X-Men #32,Classic X-Men,32,12/27/1988,10,10,,1,0,0,0,1,,Print,,,,,,,,,,,,,1,1,,
Marvel Comics,Classic X-Men (1986 - 1990),1,Classic X-Men #33,Classic X-Men,33,1/31/1989,10,10,,1,0,0,0,1,,Print,,,,,,,,,,,,,1,1,,
Marvel Comics,Classic X-Men (1986 - 1990),1,Classic X-Men #34,Classic X-Men,34,2/28/1989,10,10,,1,0,0,0,1,,Print,,,,,,,,,,,,,1,1,,
Marvel Comics,Classic X-Men (1986 - 1990),1,Classic X-Men #35,Classic X-Men,35,3/28/1989,10,10,The Dark Phoenix Saga,1,0,0,0,1,,Print,,,,,,,,,,,,,1,1,The Dark Phoenix Saga,
Marvel Comics,Classic X-Men (1986 - 1990),1,Classic X-Men #36,Classic X-Men,36,4/25/1989,10,10,The Dark Phoenix Saga,1,0,0,0,1,,Print,,,,,,,,,,,,,1,1,The Dark Phoenix Saga,
Marvel Comics,Classic X-Men (1986 - 1990),1,Classic X-Men #37,Classic X-Men,37,5/30/1989,10,10,The Dark Phoenix Saga,1,0,0,0,1,,Print,,,,,,,,,,,,,1,1,The Dark Phoenix Saga,
Marvel Comics,Classic X-Men (1986 - 1990),1,Classic X-Men #38,Classic X-Men,38,6/27/1989,10,10,The Dark Phoenix Saga,1,0,0,0,1,,Print,,,,,,,,,,,,,1,1,The Dark Phoenix Saga,
Marvel Comics,Classic X-Men (1986 - 1990),1,Classic X-Men #39,Classic X-Men,39,7/25/1989,10,10,The Dark Phoenix Saga,1,0,0,0,1,,Print,,,,,,,,,,,,,1,1,The Dark Phoenix Saga,
Marvel Comics,Classic X-Men (1986 - 1990),1,Classic X-Men #40,Classic X-Men,40,8/29/1989,10,10,The Dark Phoenix Saga,1,0,0,0,1,,Print,,,,,,,,,,,,,1,1,The Dark Phoenix Saga,
Marvel Comics,Classic X-Men (1986 - 1990),1,Classic X-Men #41,Classic X-Men,41,9/26/1989,10,10,The Dark Phoenix Saga,1,0,0,0,1,,Print,,,,,,,,,,,,,1,1,The Dark Phoenix Saga,
Marvel Comics,Classic X-Men (1986 - 1990),1,Classic X-Men #42,Classic X-Men,42,10/24/1989,10,10,The Dark Phoenix Saga,1,0,0,0,1,,Print,,,,,,,,,,,,,1,1,The Dark Phoenix Saga,
Marvel Comics,Classic X-Men (1986 - 1990),1,Classic X-Men #43,Classic X-Men,43,11/28/1989,10,10,The Dark Phoenix Saga,1,0,0,0,1,,Print,,,,,,,,,,,,,1,1,The Dark Phoenix Saga,
Marvel Comics,Classic X-Men (1986 - 1990),1,Classic X-Men #44,Classic X-Men,44,12/26/1989,10,10,,1,0,0,0,1,,Print,,,,,,,,,,,,,1,1,,
Marvel Comics,Classic X-Men (1986 - 1990),1,Classic X-Men #45,Classic X-Men,45,1/23/1990,10,10,,1,0,0,0,1,,Print,,,,,,,,,,,,,1,1,,
Marvel Comics,Cloak and Dagger (Vol. 2) (1985 - 1987),2,Cloak and Dagger #4,Cloak and Dagger,4,9/24/1985,14,14,Secret Wars II,1,0,0,0,1,,Print,,,,,,,,,,,,,1,1,,
Marvel Comics,Cosmic Powers (1994),1,Cosmic Powers #1,Cosmic Powers,1,1/18/1994,4,4,,1,0,0,0,1,,Print,,,,,,,,,,,,,1,1,,
Marvel Comics,Cosmic Powers (1994),1,Cosmic Powers #2,Cosmic Powers,2,2/15/1994,4,4,,1,0,0,0,1,,Print,,,,,,,,,,,,,1,1,,
Marvel Comics,Cosmic Powers (1994),1,Cosmic Powers #3,Cosmic Powers,3,3/15/1994,4,4,,1,0,0,0,1,,Print,,,,,,,,,,,,,1,1,,
Marvel Comics,Cosmic Powers (1994),1,Cosmic Powers #4,Cosmic Powers,4,4/19/1994,4,4,,1,0,0,0,1,,Print,,,,,,,,,,,,,1,1,,
Marvel Comics,Cosmic Powers (1994),1,Cosmic Powers #5,Cosmic Powers,5,5/17/1994,,4,,0,1,0,0,0,,Print,,,,,,,,,,,,,1,0,,
Marvel Comics,Cosmic Powers (1994),1,Cosmic Powers #6,Cosmic Powers,6,6/17/1994,,4,,1,1,0,0,1,,Print,,,,,,,,,,,,,1,1,,
Marvel Comics,Cosmic Powers Unlimited Starring The Silver Surfer (1995 - 1996),1,"Cosmic Powers, Unlimited #1","Cosmic Powers, Unlimited",1,3/14/1995,,4,,0,1,0,0,0,,,,,,,,,,,,,,,1,0,,
Marvel Comics,Cosmic Powers Unlimited Starring The Silver Surfer (1995 - 1996),1,"Cosmic Powers, Unlimited #2","Cosmic Powers, Unlimited",2,6/20/1995,,4,,0,1,0,0,0,,,,,,,,,,,,,,,1,0,,
Marvel Comics,Cosmic Powers Unlimited Starring The Silver Surfer (1995 - 1996),1,"Cosmic Powers, Unlimited #3","Cosmic Powers, Unlimited",3,10/24/1995,,4,,0,1,0,0,0,,,,,,,,,,,,,,,1,0,,
Marvel Comics,Cosmic Powers Unlimited Starring The Silver Surfer (1995 - 1996),1,"Cosmic Powers, Unlimited #4","Cosmic Powers, Unlimited",4,12/26/1995,,4,,0,1,0,0,0,,,,,,,,,,,,,,,1,0,,
Marvel Comics,Cosmic Powers Unlimited Starring The Silver Surfer (1995 - 1996),1,"Cosmic Powers, Unlimited #5","Cosmic Powers, Unlimited",5,3/5/1996,4,4,,1,0,0,0,1,,,,,,,,,,,,,,,1,1,,
Marvel Comics,Damage Control (Vol. 1) (1989),1,Damage Control #1,Damage Control,1,1/17/1989,5,5,,1,0,0,0,1,,Print,,,,,,,,,,,,,1,1,,
Marvel Comics,Damage Control (Vol. 1) (1989),1,Damage Control #2,Damage Control,2,2/21/1989,5,5,,1,0,0,0,1,,Print,,,,,,,,,,,,,1,1,,
Marvel Comics,Damage Control (Vol. 1) (1989),1,Damage Control #3,Damage Control,3,3/21/1989,5,5,,1,0,0,0,1,,Print,,,,,,,,,,,,,1,1,,
Marvel Comics,Damage Control (Vol. 1) (1989),1,Damage Control #4,Damage Control,4,4/20/1989,10,10,Inferno,1,0,0,0,1,,Print,,,,,,,,,,,,,1,1,,
Marvel Comics,Damage Control (Vol. 2) (1989),2,Damage Control #1,Damage Control,1,9/24/1989,14,14,Acts of Vengeance,1,0,0,0,1,,Print,,,,,,,,,,,,,1,1,,
Marvel Comics,Damage Control (Vol. 2) (1989),2,Damage Control #2,Damage Control,2,10/24/1989,14,14,Acts of Vengeance,1,0,0,0,1,,Print,,,,,,,,,,,,,1,1,,
Marvel Comics,Damage Control (Vol. 2) (1989),2,Damage Control #3,Damage Control,3,11/28/1989,,14,Acts of Vengeance,0,1,0,0,0,,Print,,,,,,,,,,,,,1,0,,
Marvel Comics,Damage Control (Vol. 2) (1989),2,Damage Control #4,Damage Control,4,12/26/1989,,14,Acts of Vengeance,0,1,0,0,0,,Print,,,,,,,,,,,,,1,0,,
Marvel Comics,Daredevil (Vol. 1) (1964 - 1998),1,Daredevil #134,Daredevil,134,3/2/1976,5,18,,1,0,0,0,1,,Print,,,,,,,,,,,,,1,1,,
Marvel Comics,Daredevil (Vol. 1) (1964 - 1998),1,Daredevil #137,Daredevil,137,6/1/1976,5,18,,1,0,0,0,1,,Print,,,,,,,,,,,,,1,1,,
Marvel Comics,Daredevil (Vol. 1) (1964 - 1998),1,Daredevil #223,Daredevil,223,10/15/1985,,14,Secret Wars II,0,1,0,0,0,,Print,,,,,,,,,,,,,1,0,,
Marvel Comics,Daredevil (Vol. 1) (1964 - 1998),1,Daredevil #238,Daredevil,238,9/2/1986,10,10,Mutant Massacre,1,0,0,0,1,,Print,,,,,,,,,,,,,1,1,,
Marvel Comics,Daredevil (Vol. 1) (1964 - 1998),1,Daredevil #252,Daredevil,252,11/3/1987,10,10,Fall of the Mutants,1,0,0,0,1,,Print,,,,,,,,,,,,,1,1,,
Marvel Comics,Daredevil (Vol. 1) (1964 - 1998),1,Daredevil #256,Daredevil,256,3/3/1988,5,18,,1,0,0,0,1,,Print,,,,,,,,,,,,,1,1,,
Marvel Comics,Daredevil (Vol. 1) (1964 - 1998),1,Daredevil #257,Daredevil,257,4/5/1988,5,18,,1,0,0,0,1,,Print,,,,,,,,,,,,,1,1,,
Marvel Comics,Daredevil (Vol. 1) (1964 - 1998),1,Daredevil #258,Daredevil,258,5/3/1988,5,18,,1,0,0,0,1,,Print,,,,,,,,,,,,,1,1,,
Marvel Comics,Daredevil (Vol. 1) (1964 - 1998),1,Daredevil #259,Daredevil,259,6/7/1988,5,18,,1,0,0,0,1,,Print,,,,,,,,,,,,,1,1,,
Marvel Comics,Daredevil (Vol. 1) (1964 - 1998),1,Daredevil #260,Daredevil,260,7/5/1988,5,18,,1,0,0,0,1,,Print,,,,,,,,,,,,,1,1,,
Marvel Comics,Daredevil (Vol. 1) (1964 - 1998),1,Daredevil #261,Daredevil,261,8/2/1988,5,18,,1,0,0,0,1,,Print,,,,,,,,,,,,,1,1,,
Marvel Comics,Daredevil (Vol. 1) (1964 - 1998),1,Daredevil #262,Daredevil,262,9/27/1988,10,10,Inferno,1,0,0,0,1,,Print,,,,,,,,,,,,,1,1,,
Marvel Comics,Daredevil (Vol. 1) (1964 - 1998),1,Daredevil #263,Daredevil,263,10/25/1988,10,10,Inferno,1,0,0,0,1,,Print,,,,,,,,,,,,,1,1,,
Marvel Comics,Daredevil (Vol. 1) (1964 - 1998),1,Daredevil #264,Daredevil,264,11/1/1988,5,18,,1,0,0,0,1,,Print,,,,,,,,,,,,,1,1,,
Marvel Comics,Daredevil (Vol. 1) (1964 - 1998),1,Daredevil #265,Daredevil,265,12/6/1988,10,10,Inferno,1,0,0,0,1,,Print,,,,,,,,,,,,,1,1,,
Marvel Comics,Daredevil (Vol. 1) (1964 - 1998),1,Daredevil #266,Daredevil,266,1/3/1989,5,18,,1,0,0,0,1,,Print,,,,,,,,,,,,,1,1,,
Marvel Comics,Daredevil (Vol. 1) (1964 - 1998),1,Daredevil #267,Daredevil,267,2/7/1989,5,18,,1,0,0,0,1,,Print,,,,,,,,,,,,,1,1,,
Marvel Comics,Daredevil (Vol. 1) (1964 - 1998),1,Daredevil #268,Daredevil,268,3/7/1989,5,18,,1,0,0,0,1,,Print,,,,,,,,,,,,,1,1,,
Marvel Comics,Daredevil (Vol. 1) (1964 - 1998),1,Daredevil #269,Daredevil,269,4/4/1989,5,18,,1,0,0,0,1,,Print,,,,,,,,,,,,,1,1,,
Marvel Comics,Daredevil (Vol. 1) (1964 - 1998),1,Daredevil #270,Daredevil,270,5/2/1989,5,18,,1,0,0,0,1,,Print,,,,,,,,,,,,,1,1,,
Marvel Comics,Daredevil (Vol. 1) (1964 - 1998),1,Daredevil Annual #5,Daredevil Annual,5,5/23/1989,10,10,Atlantis Attacks,1,0,0,0,1,,Print,,,,,,,,,,,,,2,2,,
Marvel Comics,Daredevil (Vol. 1) (1964 - 1998),1,Daredevil #271,Daredevil,271,6/6/1989,5,18,,1,0,0,0,1,,Print,,,,,,,,,,,,,1,1,,
Marvel Comics,Daredevil (Vol. 1) (1964 - 1998),1,Daredevil #272,Daredevil,272,7/4/1989,5,18,,1,0,0,0,1,,Print,,,,,,,,,,,,,1,1,,
Marvel Comics,Daredevil (Vol. 1) (1964 - 1998),1,Daredevil #273,Daredevil,273,8/1/1989,5,18,,1,0,0,0,1,,Print,,,,,,,,,,,,,1,1,,
Marvel Comics,Daredevil (Vol. 1) (1964 - 1998),1,Daredevil #274,Daredevil,274,9/5/1989,5,18,,1,0,0,0,1,,Print,,,,,,,,,,,,,1,1,,
Marvel Comics,Daredevil (Vol. 1) (1964 - 1998),1,Daredevil #275,Daredevil,275,10/3/1989,14,14,Acts of Vengeance,1,0,0,0,1,,Print,,,,,,,,,,,,,1,1,,
Marvel Comics,Daredevil (Vol. 1) (1964 - 1998),1,Daredevil #276,Daredevil,276,11/7/1989,14,14,Acts of Vengeance,1,0,0,0,1,,Print,,,,,,,,,,,,,1,1,,
Marvel Comics,Daredevil (Vol. 1) (1964 - 1998),1,Daredevil #277,Daredevil,277,12/5/1989,5,18,,1,0,0,0,1,,Print,,,,,,,,,,,,,1,1,,
Marvel Comics,Daredevil (Vol. 1) (1964 - 1998),1,Daredevil #278,Daredevil,278,1/2/1990,5,18,,1,0,0,0,1,,Print,,,,,,,,,,,,,1,1,,
Marvel Comics,Daredevil (Vol. 1) (1964 - 1998),1,Daredevil #279,Daredevil,279,2/6/1990,5,18,,1,0,0,0,1,,Print,,,,,,,,,,,,,1,1,,
Marvel Comics,Daredevil (Vol. 1) (1964 - 1998),1,Daredevil #310,Daredevil,310,9/1/1992,,2,The Infinity War,0,1,0,0,0,,Print,,,,,,,,,,,,,1,0,,
Marvel Comics,Darkhawk (Vol. 1) (1991 - 1995),1,Darkhawk #30,Darkhawk,30,6/1/1993,,2,The Infinity Crusade,0,1,0,0,0,,Print,,,,,,,,,,,,,1,0,,
Marvel Comics,Darkhawk (Vol. 1) (1991 - 1995),1,Darkhawk #31,Darkhawk,31,7/6/1993,,2,The Infinity Crusade,0,1,0,0,0,,Print,,,,,,,,,,,,,1,0,,
Marvel Comics,Dazzler (Vol. 1) (1980 - 1986),1,Dazzler #40,Dazzler,40,7/30/1985,,14,Secret Wars II,0,1,0,0,0,,Print,,,,,,,,,,,,,1,0,,
Marvel Comics,Death Metal (1993 - 1994),1,Death Metal #1,Death Metal,1,11/23/1993,7,7,,1,0,0,0,1,,Print,,,,,,,,,,,,,1,1,,
Marvel Comics,Deathlok (Vol. 2) (1991 - 1994),2,Deathlok #16,Deathlok,16,8/25/1992,2,2,The Infinity War,1,0,0,0,1,,Print,,,,,,,,,,,,,1,1,,
Marvel Comics,Deathlok (Vol. 2) (1991 - 1994),2,Deathlok #28,Deathlok,28,8/24/1993,2,2,The Infinity Crusade,1,0,0,0,1,,Print,,,,,,,,,,,,,1,1,,
Marvel Comics,Deathlok (Vol. 2) (1991 - 1994),2,Deathlok #29,Deathlok,29,9/28/1993,2,2,The Infinity Crusade,1,0,0,0,1,,Print,,,,,,,,,,,,,1,1,,
Marvel Comics,Deathlok (Vol. 2) (1991 - 1994),2,Deathlok #31,Deathlok,31,11/23/1993,7,7,,1,0,0,0,1,,Print,,,,,,,,,,,,,1,1,,
Marvel Comics,Doctor Strange (Vol. 2) (1974 - 1987),2,Doctor Strange #74,Doctor Strange,74,8/13/1985,14,14,Secret Wars II,1,0,0,0,1,,Print,,,,,,,,,,,,,1,1,,
Marvel Comics,"Doctor Strange, Sorcerer Supreme (1988 - 1996)",1,"Doctor Strange, Sorcerer Supreme #11","Doctor Strange, Sorcerer Supreme",11,9/26/1989,,14,Acts of Vengeance,0,1,0,0,0,,Print,,,,,,,,,,,,,1,0,,
Marvel Comics,"Doctor Strange, Sorcerer Supreme (1988 - 1996)",1,"Doctor Strange, Sorcerer Supreme #12","Doctor Strange, Sorcerer Supreme",12,10/31/1989,,14,Acts of Vengeance,0,1,0,0,0,,Print,,,,,,,,,,,,,1,0,,
Marvel Comics,"Doctor Strange, Sorcerer Supreme (1988 - 1996)",1,"Doctor Strange, Sorcerer Supreme #13","Doctor Strange, Sorcerer Supreme",13,11/28/1989,,14,Acts of Vengeance,0,1,0,0,0,,Print,,,,,,,,,,,,,1,0,,
Marvel Comics,"Doctor Strange, Sorcerer Supreme (1988 - 1996)",1,"Doctor Strange, Sorcerer Supreme #31","Doctor Strange, Sorcerer Supreme",31,5/28/1991,,14,The Infinity Gauntlet,0,1,0,0,0,,Print,,,,,,,,,,,,,1,0,,
Marvel Comics,"Doctor Strange, Sorcerer Supreme (1988 - 1996)",1,"Doctor Strange, Sorcerer Supreme #32","Doctor Strange, Sorcerer Supreme",32,6/25/1991,,14,The Infinity Gauntlet,0,1,0,0,0,,Print,,,,,,,,,,,,,1,0,,
Marvel Comics,"Doctor Strange, Sorcerer Supreme (1988 - 1996)",1,"Doctor Strange, Sorcerer Supreme #33","Doctor Strange, Sorcerer Supreme",33,6/30/1991,,14,The Infinity Gauntlet,0,1,0,0,0,,Print,,,,,,,,,,,,,1,0,,
Marvel Comics,"Doctor Strange, Sorcerer Supreme (1988 - 1996)",1,"Doctor Strange, Sorcerer Supreme #34","Doctor Strange, Sorcerer Supreme",34,8/27/1991,,14,The Infinity Gauntlet,0,1,0,0,0,,Print,,,,,,,,,,,,,1,0,,
Marvel Comics,"Doctor Strange, Sorcerer Supreme (1988 - 1996)",1,"Doctor Strange, Sorcerer Supreme #35","Doctor Strange, Sorcerer Supreme",35,9/24/1991,,14,The Infinity Gauntlet,0,1,0,0,0,,Print,,,,,,,,,,,,,1,0,,
Marvel Comics,"Doctor Strange, Sorcerer Supreme (1988 - 1996)",1,"Doctor Strange, Sorcerer Supreme #36","Doctor Strange, Sorcerer Supreme",36,10/29/1991,,14,The Infinity Gauntlet,0,1,0,0,0,,Print,,,,,,,,,,,,,1,0,,
Marvel Comics,"Doctor Strange, Sorcerer Supreme (1988 - 1996)",1,"Doctor Strange, Sorcerer Supreme #42","Doctor Strange, Sorcerer Supreme",42,4/28/1992,,2,The Infinity War,0,1,0,0,0,,Print,,,,,,,,,,,,,1,0,,
Marvel Comics,"Doctor Strange, Sorcerer Supreme (1988 - 1996)",1,"Doctor Strange, Sorcerer Supreme #43","Doctor Strange, Sorcerer Supreme",43,5/26/1992,,2,The Infinity War,0,1,0,0,0,,Print,,,,,,,,,,,,,1,0,,
Marvel Comics,"Doctor Strange, Sorcerer Supreme (1988 - 1996)",1,"Doctor Strange, Sorcerer Supreme #44","Doctor Strange, Sorcerer Supreme",44,6/30/1992,,2,The Infinity War,0,1,0,0,0,,Print,,,,,,,,,,,,,1,0,,
Marvel Comics,"Doctor Strange, Sorcerer Supreme (1988 - 1996)",1,"Doctor Strange, Sorcerer Supreme #45","Doctor Strange, Sorcerer Supreme",45,7/28/1992,,2,The Infinity War,0,1,0,0,0,,Print,,,,,,,,,,,,,1,0,,
Marvel Comics,"Doctor Strange, Sorcerer Supreme (1988 - 1996)",1,"Doctor Strange, Sorcerer Supreme #46","Doctor Strange, Sorcerer Supreme",46,8/25/1992,,2,The Infinity War,0,1,0,0,0,,Print,,,,,,,,,,,,,1,0,,
Marvel Comics,"Doctor Strange, Sorcerer Supreme (1988 - 1996)",1,"Doctor Strange, Sorcerer Supreme #47","Doctor Strange, Sorcerer Supreme",47,9/29/1992,,2,The Infinity War,0,1,0,0,0,,Print,,,,,,,,,,,,,1,0,,
Marvel Comics,"Doctor Strange, Sorcerer Supreme (1988 - 1996)",1,"Doctor Strange, Sorcerer Supreme #54","Doctor Strange, Sorcerer Supreme",54,4/27/1993,,2,The Infinity Crusade,0,1,0,0,0,,Print,,,,,,,,,,,,,1,0,,
Marvel Comics,"Doctor Strange, Sorcerer Supreme (1988 - 1996)",1,"Doctor Strange, Sorcerer Supreme #55","Doctor Strange, Sorcerer Supreme",55,5/25/1993,,2,The Infinity Crusade,0,1,0,0,0,,Print,,,,,,,,,,,,,1,0,,
Marvel Comics,"Doctor Strange, Sorcerer Supreme (1988 - 1996)",1,"Doctor Strange, Sorcerer Supreme #56","Doctor Strange, Sorcerer Supreme",56,6/29/1993,,2,The Infinity Crusade,0,1,0,0,0,,Print,,,,,,,,,,,,,1,0,,
Marvel Comics,Doom 2099 (Vol. 1) (1993 - 1996),1,Doom 2099 #14,Doom 2099,14,12/21/1993,1,1,The Fall of the Hammer,1,0,0,0,1,,Print,,,,,,,,,,,,,1,1,,
Marvel Comics,Elektra (Vol. 1) (1996 - 1998),1,Elektra #1,Elektra,1,9/25/1996,5,5,,1,0,0,0,1,,Print,,,,,,,,,,,,,1,1,,
Marvel Comics,Excalibur (Vol. 1) (1988 - 1998),1,Excalibur #1,Excalibur,1,6/7/1988,5,5,,1,0,0,0,1,,Print,,,,,,,,,,,,,1,1,,
Marvel Comics,Excalibur (Vol. 1) (1988 - 1998),1,Excalibur #2,Excalibur,2,7/5/1988,5,5,,1,0,0,0,1,,Print,,,,,,,,,,,,,1,1,,
Marvel Comics,Excalibur (Vol. 1) (1988 - 1998),1,Excalibur #3,Excalibur,3,8/2/1988,5,5,,1,0,0,0,1,,Print,,,,,,,,,,,,,1,1,,
Marvel Comics,Excalibur (Vol. 1) (1988 - 1998),1,Excalibur #4,Excalibur,4,9/6/1988,5,5,,1,0,0,0,1,,Print,,,,,,,,,,,,,1,1,,
Marvel Comics,Excalibur (Vol. 1) (1988 - 1998),1,Excalibur #5,Excalibur,5,10/4/1988,5,5,,1,0,0,0,1,,Print,,,,,,,,,,,,,1,1,,
Marvel Comics,Excalibur (Vol. 1) (1988 - 1998),1,Excalibur #6,Excalibur,6,11/1/1988,10,10,Inferno,1,0,0,0,1,,Print,,,,,,,,,,,,,1,1,,
Marvel Comics,Excalibur (Vol. 1) (1988 - 1998),1,Excalibur #7,Excalibur,7,12/6/1988,10,10,Inferno,1,0,0,0,1,,Print,,,,,,,,,,,,,1,1,,
Marvel Comics,Excalibur (Vol. 1) (1988 - 1998),1,Excalibur #8,Excalibur,8,1/3/1989,5,5,,1,0,0,0,1,,Print,,,,,,,,,,,,,1,1,,
Marvel Comics,Excalibur (Vol. 1) (1988 - 1998),1,Excalibur #9,Excalibur,9,2/7/1989,5,5,,1,0,0,0,1,,Print,,,,,,,,,,,,,1,1,,
Marvel Comics,Excalibur (Vol. 1) (1988 - 1998),1,Excalibur #10,Excalibur,10,3/7/1989,5,5,,1,0,0,0,1,,Print,,,,,,,,,,,,,1,1,,
Marvel Comics,Excalibur (Vol. 1) (1988 - 1998),1,Excalibur #11,Excalibur,11,4/4/1989,5,5,,1,0,0,0,1,,Print,,,,,,,,,,,,,1,1,,
Marvel Comics,Excalibur (Vol. 1) (1988 - 1998),1,Excalibur #12,Excalibur,12,5/2/1989,5,5,The Cross-Time Caper,1,0,0,0,1,,Print,,,,,,,,,,,,,1,1,The Cross-Time Caper,
Marvel Comics,Excalibur (Vol. 1) (1988 - 1998),1,Excalibur #13,Excalibur,13,6/20/1989,5,5,The Cross-Time Caper,1,0,0,0,1,,Print,,,,,,,,,,,,,1,1,The Cross-Time Caper,
Marvel Comics,Excalibur (Vol. 1) (1988 - 1998),1,Excalibur #14,Excalibur,14,7/18/1989,5,5,The Cross-Time Caper,1,0,0,0,1,,Print,,,,,,,,,,,,,1,1,The Cross-Time Caper,
Marvel Comics,Excalibur (Vol. 1) (1988 - 1998),1,Excalibur #15,Excalibur,15,8/15/1989,5,5,The Cross-Time Caper,1,0,0,0,1,,Print,,,,,,,,,,,,,1,1,The Cross-Time Caper,
Marvel Comics,Excalibur (Vol. 1) (1988 - 1998),1,Excalibur #16,Excalibur,16,9/19/1989,5,5,The Cross-Time Caper,1,0,0,0,1,,Print,,,,,,,,,,,,,1,1,The Cross-Time Caper,
Marvel Comics,Excalibur (Vol. 1) (1988 - 1998),1,Excalibur #17,Excalibur,17,10/17/1989,5,5,The Cross-Time Caper,1,0,0,0,1,,Print,,,,,,,,,,,,,1,1,The Cross-Time Caper,
Marvel Comics,Excalibur (Vol. 1) (1988 - 1998),1,Excalibur #18,Excalibur,18,11/21/1989,5,5,The Cross-Time Caper,1,0,0,0,1,,Print,,,,,,,,,,,,,1,1,The Cross-Time Caper,
Marvel Comics,Excalibur (Vol. 1) (1988 - 1998),1,Excalibur #19,Excalibur,19,12/19/1989,5,5,The Cross-Time Caper,1,0,0,0,1,,Print,,,,,,,,,,,,,1,1,The Cross-Time Caper,
Marvel Comics,Excalibur (Vol. 1) (1988 - 1998),1,Excalibur #20,Excalibur,20,1/16/1990,5,5,,1,0,0,0,1,,Print,,,,,,,,,,,,,1,1,,
Marvel Comics,Excalibur (Vol. 1) (1988 - 1998),1,Excalibur #21,Excalibur,21,2/20/1990,5,5,The Cross-Time Caper,1,0,0,0,1,,Print,,,,,,,,,,,,,1,1,The Cross-Time Caper,
Marvel Comics,Excalibur (Vol. 1) (1988 - 1998),1,Excalibur #22,Excalibur,22,3/20/1990,5,5,The Cross-Time Caper,1,0,0,0,1,,Print,,,,,,,,,,,,,1,1,The Cross-Time Caper,
Marvel Comics,Excalibur (Vol. 1) (1988 - 1998),1,Excalibur #23,Excalibur,23,4/17/1990,5,5,The Cross-Time Caper,1,0,0,0,1,,Print,,,,,,,,,,,,,1,1,The Cross-Time Caper,
Marvel Comics,Excalibur (Vol. 1) (1988 - 1998),1,Excalibur #24,Excalibur,24,5/15/1990,5,5,The Cross-Time Caper,1,0,0,0,1,,Print,,,,,,,,,,,,,1,1,The Cross-Time Caper,
Marvel Comics,Excalibur (Vol. 1) (1988 - 1998),1,Excalibur #25,Excalibur,25,6/5/1990,5,5,,1,0,0,0,1,,Print,,,,,,,,,,,,,1,1,,
Marvel Comics,Excalibur (Vol. 1) (1988 - 1998),1,Excalibur #26,Excalibur,26,6/19/1990,5,5,,1,0,0,0,1,,Print,,,,,,,,,,,,,1,1,,
Marvel Comics,Excalibur (Vol. 1) (1988 - 1998),1,Excalibur #27,Excalibur,27,7/3/1990,5,5,,1,0,0,0,1,,Print,,,,,,,,,,,,,1,1,,
Marvel Comics,Excalibur (Vol. 1) (1988 - 1998),1,Excalibur #28,Excalibur,28,7/17/1990,5,5,,1,0,0,0,1,,Print,,,,,,,,,,,,,1,1,,
Marvel Comics,Excalibur (Vol. 1) (1988 - 1998),1,Excalibur #29,Excalibur,29,8/7/1990,5,5,,1,0,0,0,1,,Print,,,,,,,,,,,,,1,1,,
Marvel Comics,Excalibur (Vol. 1) (1988 - 1998),1,Excalibur #30,Excalibur,30,8/21/1990,5,5,,1,0,0,0,1,,Print,,,,,,,,,,,,,1,1,,
Marvel Comics,Excalibur (Vol. 1) (1988 - 1998),1,Excalibur #31,Excalibur,31,9/18/1990,5,5,,1,0,0,0,1,,Print,,,,,,,,,,,,,1,1,,
Marvel Comics,Excalibur (Vol. 1) (1988 - 1998),1,Excalibur #32,Excalibur,32,10/16/1990,5,5,Girls' School from HECK,1,0,0,0,1,,Print,,,,,,,,,,,,,1,1,Girls' School from HECK,
Marvel Comics,Excalibur (Vol. 1) (1988 - 1998),1,Excalibur #33,Excalibur,33,11/20/1990,5,5,Girls' School from HECK,1,0,0,1,1,,Print,1.99,2026-01-15,,,,,,Comic Kingdom,,0,0.0,,1,1,Girls' School from HECK,
Marvel Comics,Excalibur (Vol. 1) (1988 - 1998),1,Excalibur #34,Excalibur,34,12/18/1990,5,5,Girls' School from HECK,1,0,0,0,1,,Print,,,,,,,,,,,,,1,1,Girls' School from HECK,
Marvel Comics,Excalibur (Vol. 1) (1988 - 1998),1,Excalibur #35,Excalibur,35,1/15/1991,5,5,,1,0,0,0,1,,Print,,,,,,,,,,,,,1,1,,
Marvel Comics,Excalibur (Vol. 1) (1988 - 1998),1,Excalibur #36,Excalibur,36,2/19/1991,5,5,,1,0,0,0,1,,Print,,,,,,,,,,,,,1,1,,
Marvel Comics,Excalibur (Vol. 1) (1988 - 1998),1,Excalibur #37,Excalibur,37,3/19/1991,5,5,The Promethium Exchange,1,0,0,0,1,,Print,,,,,,,,,,,,,1,1,The Promethium Exchange,
Marvel Comics,Excalibur (Vol. 1) (1988 - 1998),1,Excalibur #38,Excalibur,38,4/16/1991,5,5,The Promethium Exchange,1,0,0,0,1,,Print,,,,,,,,,,,,,1,1,The Promethium Exchange,
Marvel Comics,Excalibur (Vol. 1) (1988 - 1998),1,Excalibur #39,Excalibur,39,5/21/1991,5,5,The Promethium Exchange,1,0,0,0,1,,Print,1.99,2026-01-15,,,,,,Comic Kingdom,,0,0.0,,1,1,The Promethium Exchange,
Marvel Comics,Excalibur (Vol. 1) (1988 - 1998),1,Excalibur #40,Excalibur,40,6/18/1991,5,5,,1,0,0,0,1,,Print,,,,,,,,,,,,,1,1,,
Marvel Comics,Excalibur (Vol. 1) (1988 - 1998),1,Excalibur #41,Excalibur,41,7/16/1991,5,5,,1,0,0,0,1,,Print,2.99,2026-01-15,,,,,,Comic Kingdom,,0,0.0,,1,1,,
Marvel Comics,Excalibur (Vol. 1) (1988 - 1998),1,Excalibur #42,Excalibur,42,8/20/1991,5,5,,1,0,0,0,1,,Print,,,,,,,,,,,,,1,1,,
Marvel Comics,Excalibur (Vol. 1) (1988 - 1998),1,Excalibur #43,Excalibur,43,9/3/1991,5,5,,1,0,0,0,1,,Print,,,,,,,,,,,,,1,1,,
Marvel Comics,Excalibur (Vol. 1) (1988 - 1998),1,Excalibur #44,Excalibur,44,9/17/1991,5,5,,1,0,0,0,1,,Print,1.99,2026-01-15,,,,,,Comic Kingdom,,0,0.0,,1,1,,
Marvel Comics,Excalibur (Vol. 1) (1988 - 1998),1,Excalibur #45,Excalibur,45,10/1/1991,5,5,,1,0,0,0,1,,Print,1.99,2026-01-15,,,,,,Comic Kingdom,,0,0.0,,1,1,,
Marvel Comics,Excalibur (Vol. 1) (1988 - 1998),1,Excalibur #46,Excalibur,46,11/5/1991,5,5,,1,0,0,0,1,,Print,2.99,2026-01-15,,,,,,Comic Kingdom,,0,0.0,,1,1,,
Marvel Comics,Excalibur (Vol. 1) (1988 - 1998),1,Excalibur #47,Excalibur,47,12/17/1991,,,,0,1,0,0,0,,Print,,,,,,,,,,,,,1,0,,
Marvel Comics,Excalibur (Vol. 1) (1988 - 1998),1,Excalibur #48,Excalibur,48,1/21/1992,5,5,,1,0,0,0,1,,Print,,,,,,,,,,,,,1,1,,
Marvel Comics,Excalibur (Vol. 1) (1988 - 1998),1,Excalibur #49,Excalibur,49,2/18/1992,5,5,,1,0,0,0,1,,Print,,,,,,,,,,,,,1,1,,
Marvel Comics,Excalibur (Vol. 1) (1988 - 1998),1,Excalibur #50,Excalibur,50,3/24/1992,5,5,,1,0,0,0,1,,Print,,,,,,,,,,,,,1,1,,
Marvel Comics,Excalibur (Vol. 1) (1988 - 1998),1,Excalibur #51,Excalibur,51,4/21/1992,5,5,,1,0,0,0,1,,Print,,,,,,,,,,,,,1,1,,
Marvel Comics,Excalibur (Vol. 1) (1988 - 1998),1,Excalibur #52,Excalibur,52,5/19/1992,5,5,,1,0,0,0,1,,Print,,,,,,,,,,,,,1,1,,
Marvel Comics,Excalibur (Vol. 1) (1988 - 1998),1,Excalibur #53,Excalibur,53,6/16/1992,5,5,,1,0,0,0,1,,Print,,,,,,,,,,,,,1,1,,
Marvel Comics,Excalibur (Vol. 1) (1988 - 1998),1,Excalibur #54,Excalibur,54,7/21/1992,5,5,,1,0,0,0,1,,Print,,,,,,,,,,,,,1,1,,
Marvel Comics,Excalibur (Vol. 1) (1988 - 1998),1,Excalibur #55,Excalibur,55,8/18/1992,5,5,,1,0,0,0,1,,Print,,,,,,,,,,,,,1,1,,
Marvel Comics,Excalibur (Vol. 1) (1988 - 1998),1,Excalibur #56,Excalibur,56,9/1/1992,5,5,,1,0,0,0,1,,Print,,,,,,,,,,,,,1,1,,
Marvel Comics,Excalibur (Vol. 1) (1988 - 1998),1,Excalibur #57,Excalibur,57,9/15/1992,,,,0,1,0,0,0,,Print,,,,,,,,,,,,,1,0,,
Marvel Comics,Excalibur (Vol. 1) (1988 - 1998),1,Excalibur #58,Excalibur,58,10/6/1992,,,,0,1,0,0,0,,Print,,,,,,,,,,,,,1,0,,
Marvel Comics,Excalibur (Vol. 1) (1988 - 1998),1,Excalibur #59,Excalibur,59,10/20/1992,,,,0,1,0,0,0,,Print,,,,,,,,,,,,,1,0,,
Marvel Comics,Excalibur (Vol. 1) (1988 - 1998),1,Excalibur #60,Excalibur,60,11/3/1992,,,,0,1,0,0,0,,Print,,,,,,,,,,,,,1,0,,
Marvel Comics,Excalibur (Vol. 1) (1988 - 1998),1,Excalibur #61,Excalibur,61,11/17/1992,,,,0,1,0,0,0,,Print,,,,,,,,,,,,,1,0,,
Marvel Comics,Excalibur (Vol. 1) (1988 - 1998),1,Excalibur #62,Excalibur,62,12/15/1992,5,5,,1,0,0,0,1,,Print,,,,,,,,,,,,,1,1,,
Marvel Comics,Excalibur (Vol. 1) (1988 - 1998),1,Excalibur #63,Excalibur,63,1/19/1993,5,5,,1,0,0,0,1,,Print,,,,,,,,,,,,,1,1,,
Marvel Comics,Excalibur (Vol. 1) (1988 - 1998),1,Excalibur #64,Excalibur,64,2/16/1993,5,5,,1,0,0,0,1,,Print,,,,,,,,,,,,,1,1,,
Marvel Comics,Excalibur (Vol. 1) (1988 - 1998),1,Excalibur #65,Excalibur,65,3/16/1993,5,5,,1,0,0,0,1,,Print,,,,,,,,,,,,,1,1,,
Marvel Comics,Excalibur (Vol. 1) (1988 - 1998),1,Excalibur #66,Excalibur,66,4/20/1993,5,5,,1,0,0,0,1,,Print,,,,,,,,,,,,,1,1,,
Marvel Comics,Excalibur (Vol. 1) (1988 - 1998),1,Excalibur #67,Excalibur,67,5/18/1993,5,5,,1,0,0,0,1,,Print,,,,,,,,,,,,,1,1,,
Marvel Comics,Excalibur (Vol. 1) (1988 - 1998),1,Excalibur #68,Excalibur,68,6/15/1993,,,,0,1,0,0,0,,Print,,,,,,,,,,,,,1,0,,
Marvel Comics,Excalibur (Vol. 1) (1988 - 1998),1,Excalibur Annual #1,Excalibur Annual,1,7/6/1993,5,5,,1,0,0,0,1,,Print,,,,,,,,,,,,,1,1,,
Marvel Comics,Excalibur (Vol. 1) (1988 - 1998),1,Excalibur #69,Excalibur,69,7/20/1993,,,,0,1,0,0,0,,Print,,,,,,,,,,,,,1,0,,
Marvel Comics,Excalibur (Vol. 1) (1988 - 1998),1,Excalibur #70,Excalibur,70,8/17/1993,5,5,,1,0,0,0,1,,Print,,,,,,,,,,,,,1,1,,
Marvel Comics,Excalibur (Vol. 1) (1988 - 1998),1,Excalibur #71,Excalibur,71,9/21/1993,1,1,Fatal Attractions,1,0,0,0,1,,Print,,,,,,,,,,,,,1,1,,
Marvel Comics,Excalibur (Vol. 1) (1988 - 1998),1,Excalibur #72,Excalibur,72,10/19/1993,5,5,,1,0,0,0,1,,Print,,,,,,,,,,,,,1,1,,
Marvel Comics,Excalibur (Vol. 1) (1988 - 1998),1,Excalibur #73,Excalibur,73,11/16/1993,5,5,,1,0,0,0,1,,Print,,,,,,,,,,,,,1,1,,
Marvel Comics,Excalibur (Vol. 1) (1988 - 1998),1,Excalibur #74,Excalibur,74,12/21/1993,5,5,,1,0,0,0,1,,Print,,,,,,,,,,,,,1,1,,
Marvel Comics,Excalibur (Vol. 1) (1988 - 1998),1,Excalibur #75,Excalibur,75,1/18/1994,5,5,,1,0,0,0,1,,Print,,,,,,,,,,,,,1,1,,
Marvel Comics,Excalibur (Vol. 1) (1988 - 1998),1,Excalibur #76,Excalibur,76,2/15/1994,5,5,,1,0,0,0,1,,Print,,,,,,,,,,,,,1,1,,
Marvel Comics,Excalibur (Vol. 1) (1988 - 1998),1,Excalibur #77,Excalibur,77,3/15/1994,5,5,,1,0,0,0,1,,Print,,,,,,,,,,,,,1,1,,
Marvel Comics,Excalibur (Vol. 1) (1988 - 1998),1,Excalibur #78,Excalibur,78,4/19/1994,5,5,,1,0,0,0,1,,Print,,,,,,,,,,,,,1,1,,
Marvel Comics,Excalibur (Vol. 1) (1988 - 1998),1,Excalibur #79,Excalibur,79,5/17/1994,5,5,,1,0,0,0,1,,Print,,,,,,,,,,,,,1,1,,
Marvel Comics,Excalibur (Vol. 1) (1988 - 1998),1,Excalibur #80,Excalibur,80,6/21/1994,5,5,,1,0,0,0,1,,Print,,,,,,,,,,,,,1,1,,
Marvel Comics,Excalibur (Vol. 1) (1988 - 1998),1,Excalibur #81,Excalibur,81,7/19/1994,5,5,,1,0,0,0,1,,Print,,,,,,,,,,,,,1,1,,
Marvel Comics,Excalibur (Vol. 1) (1988 - 1998),1,Excalibur Annual #2,Excalibur Annual,2,8/16/1994,5,5,,1,0,0,0,1,,Print,,,,,,,,,,,,,1,1,,
Marvel Comics,Excalibur (Vol. 1) (1988 - 1998),1,Excalibur #82,Excalibur,82,8/16/1994,1,1,Phalanx Covenant,1,0,0,0,1,,Print,,,,,,,,,,,,,1,1,,
Marvel Comics,Excalibur (Vol. 1) (1988 - 1998),1,Excalibur #83,Excalibur,83,9/20/1994,5,5,Soul Sword Trilogy,1,0,0,0,1,,Print,,,,,,,,,,,,,1,1,Soul Sword Trilogy,
Marvel Comics,Excalibur (Vol. 1) (1988 - 1998),1,Excalibur #84,Excalibur,84,10/18/1994,5,5,Soul Sword Trilogy,1,0,0,0,1,,Print,,,,,,,,,,,,,1,1,Soul Sword Trilogy,
Marvel Comics,Excalibur (Vol. 1) (1988 - 1998),1,Excalibur #85,Excalibur,85,11/15/1994,5,5,Soul Sword Trilogy,1,0,0,0,1,,Print,,,,,,,,,,,,,1,1,Soul Sword Trilogy,
Marvel Comics,Excalibur (Vol. 1) (1988 - 1998),1,Excalibur #86,Excalibur,86,12/20/1994,6,6,Age of Apocalypse,1,0,0,0,1,,Print,,,,,,,,,,,,,1,1,,
Marvel Comics,Excalibur (Vol. 1) (1988 - 1998),1,Excalibur #87,Excalibur,87,5/2/1995,5,5,,1,0,0,0,1,,Print,,,,,,,,,,,,,1,1,,
Marvel Comics,Excalibur (Vol. 1) (1988 - 1998),1,Excalibur #88,Excalibur,88,6/27/1995,5,5,,1,0,0,0,1,,Print,,,,,,,,,,,,,1,1,,
Marvel Comics,Excalibur (Vol. 1) (1988 - 1998),1,Excalibur #89,Excalibur,89,7/27/1995,5,5,,1,0,0,0,1,,Print,,,,,,,,,,,,,1,1,,
Marvel Comics,Excalibur (Vol. 1) (1988 - 1998),1,Excalibur #90,Excalibur,90,8/24/1995,5,5,,1,0,0,0,1,,Print,,,,,,,,,,,,,1,1,,
Marvel Comics,Excalibur (Vol. 1) (1988 - 1998),1,Excalibur #91,Excalibur,91,9/21/1995,5,5,,1,0,0,0,1,,Print,,,,,,,,,,,,,1,1,,
Marvel Comics,Excalibur (Vol. 1) (1988 - 1998),1,Excalibur #92,Excalibur,92,10/19/1995,5,5,,1,0,0,0,1,,Print,,,,,,,,,,,,,1,1,,
Marvel Comics,Excalibur (Vol. 1) (1988 - 1998),1,Excalibur #93,Excalibur,93,11/24/1995,5,5,,1,0,0,0,1,,Print,,,,,,,,,,,,,1,1,,
Marvel Comics,Excalibur (Vol. 1) (1988 - 1998),1,Excalibur #94,Excalibur,94,12/21/1995,5,5,,1,0,0,0,1,,Print,,,,,,,,,,,,,1,1,,
Marvel Comics,Excalibur (Vol. 1) (1988 - 1998),1,Excalibur #95,Excalibur,95,1/18/1996,5,5,,1,0,0,0,1,,Print,,,,,,,,,,,,,1,1,,
Marvel Comics,Excalibur (Vol. 1) (1988 - 1998),1,Excalibur #96,Excalibur,96,2/22/1996,5,5,,1,0,0,0,1,,Print,,,,,,,,,,,,,1,1,,
Marvel Comics,Excalibur (Vol. 1) (1988 - 1998),1,Excalibur #97,Excalibur,97,3/21/1996,5,5,,1,0,0,0,1,,Print,,,,,,,,,,,,,1,1,,
Marvel Comics,Excalibur (Vol. 1) (1988 - 1998),1,Excalibur #98,Excalibur,98,4/17/1996,5,5,,1,0,0,0,1,,Print,,,,,,,,,,,,,1,1,,
Marvel Comics,Excalibur (Vol. 1) (1988 - 1998),1,Excalibur #99,Excalibur,99,5/22/1996,5,5,,1,0,0,0,1,,Print,,,,,,,,,,,,,1,1,,
Marvel Comics,Excalibur (Vol. 1) (1988 - 1998),1,Excalibur #100,Excalibur,100,6/19/1996,6,6,Onslaught,1,0,0,0,1,,Print,,,,,,,,,,,,,1,1,,
Marvel Comics,Excalibur (Vol. 1) (1988 - 1998),1,Excalibur #101,Excalibur,101,7/17/1996,6,6,Onslaught,1,0,0,0,1,,Print,,,,,,,,,,,,,1,1,,
Marvel Comics,Excalibur (Vol. 1) (1988 - 1998),1,Excalibur #102,Excalibur,102,8/21/1996,5,5,,1,0,0,0,1,,Print,,,,,,,,,,,,,1,1,,
Marvel Comics,Excalibur (Vol. 1) (1988 - 1998),1,Excalibur #103,Excalibur,103,9/18/1996,5,5,,1,0,0,0,1,,Print,,,,,,,,,,,,,1,1,,
Marvel Comics,Excalibur (Vol. 1) (1988 - 1998),1,Excalibur #104,Excalibur,104,10/16/1996,5,5,,1,0,0,0,1,,Print,,,,,,,,,,,,,1,1,,
Marvel Comics,Excalibur (Vol. 1) (1988 - 1998),1,Excalibur #105,Excalibur,105,11/20/1996,5,5,,1,0,0,0,1,,Print,,,,,,,,,,,,,1,1,,
Marvel Comics,Excalibur (Vol. 1) (1988 - 1998),1,Excalibur #106,Excalibur,106,12/18/1996,,,,0,1,0,0,0,,Print,,,,,,,,,,,,,1,0,,
Marvel Comics,Excalibur (Vol. 1) (1988 - 1998),1,Excalibur #107,Excalibur,107,1/15/1997,,,,0,1,0,0,0,,Print,,,,,,,,,,,,,1,0,,
Marvel Comics,Excalibur (Vol. 1) (1988 - 1998),1,Excalibur #108,Excalibur,108,2/19/1997,,,,0,1,0,0,0,,Print,,,,,,,,,,,,,1,0,,
Marvel Comics,Excalibur (Vol. 1) (1988 - 1998),1,Excalibur #109,Excalibur,109,3/19/1997,,,,0,1,0,0,0,,Print,,,,,,,,,,,,,1,0,,
Marvel Comics,Excalibur (Vol. 1) (1988 - 1998),1,Excalibur #110,Excalibur,110,4/16/1997,,,,0,1,0,0,0,,Print,,,,,,,,,,,,,1,0,,
Marvel Comics,Excalibur (Vol. 1) (1988 - 1998),1,Excalibur #-1,Excalibur,1,5/21/1997,5,5,,1,0,0,0,1,,Print,,,,,,,,,,,,,1,1,,
Marvel Comics,Excalibur (Vol. 1) (1988 - 1998),1,Excalibur #111,Excalibur,111,6/18/1997,,,,0,1,0,0,0,,Print,,,,,,,,,,,,,1,0,,
Marvel Comics,Excalibur (Vol. 1) (1988 - 1998),1,Excalibur #112,Excalibur,112,7/16/1997,5,5,,1,0,0,0,1,,Print,,,,,,,,,,,,,1,1,,
Marvel Comics,Excalibur (Vol. 1) (1988 - 1998),1,Excalibur #113,Excalibur,113,8/20/1997,,,,0,1,0,0,0,,Print,,,,,,,,,,,,,1,0,,
Marvel Comics,Excalibur (Vol. 1) (1988 - 1998),1,Excalibur #114,Excalibur,114,9/17/1997,,,,0,1,0,0,0,,Print,,,,,,,,,,,,,1,0,,
Marvel Comics,Excalibur (Vol. 1) (1988 - 1998),1,Excalibur #115,Excalibur,115,10/15/1997,,,,0,1,0,0,0,,Print,,,,,,,,,,,,,1,0,,
Marvel Comics,Excalibur (Vol. 1) (1988 - 1998),1,Excalibur #116,Excalibur,116,11/19/1997,,,,0,1,0,0,0,,Print,,,,,,,,,,,,,1,0,,
Marvel Comics,Excalibur (Vol. 1) (1988 - 1998),1,Excalibur #117,Excalibur,117,12/17/1997,5,5,,1,0,0,0,1,,Print,,,,,,,,,,,,,1,1,,
Marvel Comics,Excalibur (Vol. 1) (1988 - 1998),1,Excalibur #118,Excalibur,118,2/11/1998,,,,0,1,0,0,0,,Print,,,,,,,,,,,,,1,0,,
Marvel Comics,Excalibur (Vol. 1) (1988 - 1998),1,Excalibur #119,Excalibur,119,3/4/1998,,,,0,1,0,0,0,,Print,,,,,,,,,,,,,1,0,,
Marvel Comics,Excalibur (Vol. 1) (1988 - 1998),1,Excalibur #120,Excalibur,120,3/25/1998,,,,0,1,0,0,0,,Print,,,,,,,,,,,,,1,0,,
Marvel Comics,Excalibur (Vol. 1) (1988 - 1998),1,Excalibur #121,Excalibur,121,4/29/1998,,,,0,1,0,0,0,,Print,,,,,,,,,,,,,1,0,,
Marvel Comics,Excalibur (Vol. 1) (1988 - 1998),1,Excalibur #122,Excalibur,122,5/28/1998,5,5,,1,0,0,0,1,,Print,,,,,,,,,,,,,1,1,,
Marvel Comics,Excalibur (Vol. 1) (1988 - 1998),1,Excalibur #123,Excalibur,123,7/1/1998,,,,0,1,0,0,0,,Print,,,,,,,,,,,,,1,0,,
Marvel Comics,Excalibur (Vol. 1) (1988 - 1998),1,Excalibur #124,Excalibur,124,7/29/1998,,,,0,1,0,0,0,,Print,,,,,,,,,,,,,1,0,,
Marvel Comics,Excalibur (Vol. 1) (1988 - 1998),1,Excalibur #125,Excalibur,125,8/26/1998,,,,0,1,0,0,0,,Print,,,,,,,,,,,,,1,0,,
Marvel Comics,Excalibur: Air Apparent (1991),1,Excalibur: Air Apparent #1,Excalibur: Air Apparent,1,12/3/1991,5,5,,1,0,0,0,1,,Print,,,,,,,,,,,,,1,1,,
Marvel Comics,Excalibur: Mojo Mayhem (1989),1,Excalibur: Mojo Mayhem #1,Excalibur: Mojo Mayhem,1,12/12/1989,5,5,,1,0,0,0,1,,Print,,,,,,,,,,,,,1,1,,
Marvel Comics,Excalibur: The Possession (1991),1,Excalibur: The Possession #1,Excalibur: The Possession,1,5/21/1991,5,5,,1,0,0,0,1,,Print,,,,,,,,,,,,,1,1,,
Marvel Comics,Excalibur: XX Crossing (1992),1,Excalibur: XX Crossing #1,Excalibur: XX Crossing,1,5/1/1992,5,5,,1,0,0,0,1,,Print,,,,,,,,,,,,,1,1,,
Marvel Comics,Excalibur Special Edition (1987),1,Excalibur Special Edition #1,Excalibur Special Edition,1,12/1/1987,5,5,,1,0,0,0,1,,Print,,,,,,,,,,,,,1,1,,
Marvel Comics,Factor-X (1995),1,Factor-X #1,Factor-X,1,1/10/1995,6,6,Age of Apocalypse,1,0,0,0,1,,Print,,,,,,,,,,,,,1,1,,
Marvel Comics,Factor-X (1995),1,Factor-X #2,Factor-X,2,2/14/1995,6,6,Age of Apocalypse,1,0,0,0,1,,Print,,,,,,,,,,,,,1,1,,
Marvel Comics,Factor-X (1995),1,Factor-X #3,Factor-X,3,3/14/1995,6,6,Age of Apocalypse,1,0,0,0,1,,Print,,,,,,,,,,,,,1,1,,
Marvel Comics,Factor-X (1995),1,Factor-X #4,Factor-X,4,4/11/1995,6,6,Age of Apocalypse,1,0,0,0,1,,Print,,,,,,,,,,,,,1,1,,
Marvel Comics,Fallen Angels (Vol. 1) (1987),1,Fallen Angels #1,Fallen Angels,1,12/30/1986,,,,0,1,0,0,0,,Print,,,,,,,,,,,,,1,0,,
Marvel Comics,Fallen Angels (Vol. 1) (1987),1,Fallen Angels #2,Fallen Angels,2,2/3/1987,15,15,,1,0,0,0,1,,Print,1.99,2026-01-15,,,,,,Comic Kingdom,,0,0.0,,1,1,,https://drive.google.com/file/d/19GQcl-AM2aUL6zpmbYVtxBmvH1388dfV/view?usp=drive_link
Marvel Comics,Fallen Angels (Vol. 1) (1987),1,Fallen Angels #3,Fallen Angels,3,3/3/1987,15,15,,1,0,0,0,1,,Print,,,,,,,,,,,,,1,1,,https://drive.google.com/file/d/1-Bul_ExGyIXHERpxa91otWi5XqZRcyL1/view?usp=drive_link
Marvel Comics,Fallen Angels (Vol. 1) (1987),1,Fallen Angels #4,Fallen Angels,4,3/31/1987,15,15,,1,0,0,0,1,,Print,,,,,,,,,,,,,1,1,,https://drive.google.com/file/d/1BllkddmvuhwEFfAqfHyju6RSW8HoZFSx/view?usp=drive_link
Marvel Comics,Fallen Angels (Vol. 1) (1987),1,Fallen Angels #5,Fallen Angels,5,5/5/1987,15,15,,1,0,0,0,1,,Print,1.99,2026-01-15,,,,,,Comic Kingdom,,0,0.0,,1,1,,https://drive.google.com/file/d/1DkEGD96_lI_m47H89k17V1JYElYBz6jB/view?usp=drive_link
Marvel Comics,Fallen Angels (Vol. 1) (1987),1,Fallen Angels #6,Fallen Angels,6,6/2/1987,15,15,,1,0,0,0,1,,Print,1.99,2026-01-15,,,,,,Comic Kingdom,,0,0.0,,1,1,,https://drive.google.com/file/d/1j6roKv09w9sJLS8lFQRnZKLpypOjqEuv/view?usp=drive_link
Marvel Comics,Fallen Angels (Vol. 1) (1987),1,Fallen Angels #7,Fallen Angels,7,6/30/1987,15,15,,1,0,0,0,1,,Print,,,,,,,,,,,,,1,1,,https://drive.google.com/file/d/10Fl7hUd6RFbV11eHJjWe_-Ym4j3riInN/view?usp=drive_link
Marvel Comics,Fallen Angels (Vol. 1) (1987),1,Fallen Angels #8,Fallen Angels,8,8/4/1987,15,15,,1,0,0,0,1,,Print,1.99,2026-01-15,,,,,,Comic Kingdom,,0,0.0,,1,1,,https://drive.google.com/file/d/1UOALTmpW4UsZiTFTBMirsme5sV2ljus-/view?usp=drive_link
Marvel Comics,Fantastic Four (Vol. 1) (1961 - 1996),1,Fantastic Four #282,Fantastic Four,282,9/15/1985,,14,Secret Wars II,0,1,0,0,0,,Print,,,,,,,,,,,,,1,0,,
Marvel Comics,Fantastic Four (Vol. 1) (1961 - 1996),1,Fantastic Four #285,Fantastic Four,285,12/15/1985,,14,Secret Wars II,0,1,0,0,0,,Print,,,,,,,,,,,,,1,0,,
Marvel Comics,Fantastic Four (Vol. 1) (1961 - 1996),1,Fantastic Four #288,Fantastic Four,288,12/17/1985,14,14,Secret Wars II,1,0,0,0,1,,Print,,,,,,,,,,,,,1,1,,
Marvel Comics,Fantastic Four (Vol. 1) (1961 - 1996),1,Fantastic Four #297,Fantastic Four,297,9/16/1986,7,7,,1,0,0,0,1,,Print,,,,,,,,,,,,,1,1,,
Marvel Comics,Fantastic Four (Vol. 1) (1961 - 1996),1,Fantastic Four #298,Fantastic Four,298,10/14/1986,7,7,,1,0,0,0,1,,Print,,,,,,,,,,,,,1,1,,
Marvel Comics,Fantastic Four (Vol. 1) (1961 - 1996),1,Fantastic Four #303,Fantastic Four,303,3/17/1987,7,7,,1,0,0,0,1,,Print,,,,,,,,,,,,,1,1,,
Marvel Comics,Fantastic Four (Vol. 1) (1961 - 1996),1,Fantastic Four #305,Fantastic Four,305,5/19/1987,7,7,,1,0,0,0,1,,Print,,,,,,,,,,,,,1,1,,
Marvel Comics,Fantastic Four (Vol. 1) (1961 - 1996),1,Fantastic Four Annual #20,Fantastic Four Annual,20,6/9/1987,7,7,,1,0,0,0,1,,Print,,,,,,,,,,,,,1,1,,
Marvel Comics,Fantastic Four (Vol. 1) (1961 - 1996),1,Fantastic Four #306,Fantastic Four,306,6/16/1987,7,7,,1,0,0,0,1,,Print,,,,,,,,,,,,,1,1,,
Marvel Comics,Fantastic Four (Vol. 1) (1961 - 1996),1,Fantastic Four #307,Fantastic Four,307,7/14/1987,7,7,,1,0,0,0,1,,Print,,,,,,,,,,,,,1,1,,
Marvel Comics,Fantastic Four (Vol. 1) (1961 - 1996),1,Fantastic Four #308,Fantastic Four,308,8/18/1987,7,7,,1,0,0,0,1,,Print,,,,,,,,,,,,,1,1,,
Marvel Comics,Fantastic Four (Vol. 1) (1961 - 1996),1,Fantastic Four #310,Fantastic Four,310,9/22/1987,7,7,,1,0,0,0,1,,Print,,,,,,,,,,,,,1,1,,
Marvel Comics,Fantastic Four (Vol. 1) (1961 - 1996),1,Fantastic Four #311,Fantastic Four,311,10/27/1987,7,7,,1,0,0,0,1,,Print,,,,,,,,,,,,,1,1,,
Marvel Comics,Fantastic Four (Vol. 1) (1961 - 1996),1,Fantastic Four #312,Fantastic Four,312,11/24/1987,10,10,Fall of the Mutants,1,0,0,0,1,,Print,,,,,,,,,,,,,1,1,,
Marvel Comics,Fantastic Four (Vol. 1) (1961 - 1996),1,Fantastic Four #313,Fantastic Four,313,12/22/1987,7,7,,1,0,0,0,1,,Print,,,,,,,,,,,,,1,1,,
Marvel Comics,Fantastic Four (Vol. 1) (1961 - 1996),1,Fantastic Four #314,Fantastic Four,314,1/26/1988,7,7,,1,0,0,0,1,,Print,,,,,,,,,,,,,1,1,,
Marvel Comics,Fantastic Four (Vol. 1) (1961 - 1996),1,Fantastic Four #315,Fantastic Four,315,2/23/1988,7,7,,1,0,0,0,1,,Print,,,,,,,,,,,,,1,1,,
Marvel Comics,Fantastic Four (Vol. 1) (1961 - 1996),1,Fantastic Four #316,Fantastic Four,316,3/22/1988,7,7,,1,0,0,0,1,,Print,,,,,,,,,,,,,1,1,,
Marvel Comics,Fantastic Four (Vol. 1) (1961 - 1996),1,Fantastic Four #317,Fantastic Four,317,4/26/1988,7,7,,1,0,0,0,1,,Print,,,,,,,,,,,,,1,1,,
Marvel Comics,Fantastic Four (Vol. 1) (1961 - 1996),1,Fantastic Four #318,Fantastic Four,318,5/24/1988,7,7,,1,0,0,0,1,,Print,,,,,,,,,,,,,1,1,,
Marvel Comics,Fantastic Four (Vol. 1) (1961 - 1996),1,Fantastic Four #319,Fantastic Four,319,6/28/1988,14,14,Secret Wars II,1,0,0,0,1,,Print,,,,,,,,,,,,,1,1,,
Marvel Comics,Fantastic Four (Vol. 1) (1961 - 1996),1,Fantastic Four #320,Fantastic Four,320,7/26/1988,7,7,,1,0,0,0,1,,Print,,,,,,,,,,,,,1,1,,
Marvel Comics,Fantastic Four (Vol. 1) (1961 - 1996),1,Fantastic Four #321,Fantastic Four,321,8/23/1988,7,7,,1,0,0,0,1,,Print,,,,,,,,,,,,,1,1,,
Marvel Comics,Fantastic Four (Vol. 1) (1961 - 1996),1,Fantastic Four #322,Fantastic Four,322,9/27/1988,10,10,Inferno,1,0,0,0,1,,Print,,,,,,,,,,,,,1,1,,
Marvel Comics,Fantastic Four (Vol. 1) (1961 - 1996),1,Fantastic Four Annual #21,Fantastic Four Annual,21,5/24/1988,,17,Evolutionary War,1,0,0,0,1,,Print,,,,,,,,,,,,,2,2,,
Marvel Comics,Fantastic Four (Vol. 1) (1961 - 1996),1,Fantastic Four #323,Fantastic Four,323,10/25/1988,10,10,Inferno,1,0,0,0,1,,Print,,,,,,,,,,,,,1,1,,
Marvel Comics,Fantastic Four (Vol. 1) (1961 - 1996),1,Fantastic Four #324,Fantastic Four,324,11/22/1988,10,10,Inferno,1,0,0,0,1,,Print,,,,,,,,,,,,,1,1,,
Marvel Comics,Fantastic Four (Vol. 1) (1961 - 1996),1,Fantastic Four #325,Fantastic Four,325,12/27/1988,7,7,,1,0,0,0,1,,Print,,,,,,,,,,,,,1,1,,
Marvel Comics,Fantastic Four (Vol. 1) (1961 - 1996),1,Fantastic Four #326,Fantastic Four,326,1/24/1989,7,7,,1,0,0,0,1,,Print,,,,,,,,,,,,,1,1,,
Marvel Comics,Fantastic Four (Vol. 1) (1961 - 1996),1,Fantastic Four #327,Fantastic Four,327,2/28/1989,7,7,,1,0,0,0,1,,Print,,,,,,,,,,,,,1,1,,
Marvel Comics,Fantastic Four (Vol. 1) (1961 - 1996),1,Fantastic Four #328,Fantastic Four,328,3/28/1989,7,7,,1,0,0,0,1,,Print,,,,,,,,,,,,,1,1,,
Marvel Comics,Fantastic Four (Vol. 1) (1961 - 1996),1,Fantastic Four #329,Fantastic Four,329,4/25/1989,7,7,,1,0,0,0,1,,Print,,,,,,,,,,,,,1,1,,
Marvel Comics,Fantastic Four (Vol. 1) (1961 - 1996),1,Fantastic Four #330,Fantastic Four,330,5/23/1989,7,7,,1,0,0,0,1,,Print,,,,,,,,,,,,,1,1,,
Marvel Comics,Fantastic Four (Vol. 1) (1961 - 1996),1,Fantastic Four Annual #22,Fantastic Four Annual,22,7/18/1989,10,10,Atlantis Attacks,1,0,0,0,1,,Print,,,,,,,,,,,,,2,2,,
Marvel Comics,Fantastic Four (Vol. 1) (1961 - 1996),1,Fantastic Four #331,Fantastic Four,331,6/27/1989,7,7,,1,0,0,0,1,,Print,,,,,,,,,,,,,1,1,,
Marvel Comics,Fantastic Four (Vol. 1) (1961 - 1996),1,Fantastic Four #332,Fantastic Four,332,7/25/1989,7,7,,1,0,0,0,1,,Print,,,,,,,,,,,,,1,1,,
Marvel Comics,Fantastic Four (Vol. 1) (1961 - 1996),1,Fantastic Four #333,Fantastic Four,333,8/22/1989,7,7,,1,0,0,0,1,,Print,,,,,,,,,,,,,1,1,,
Marvel Comics,Fantastic Four (Vol. 1) (1961 - 1996),1,Fantastic Four #334,Fantastic Four,334,9/26/1989,14,14,Acts of Vengeance,1,0,0,0,1,,Print,,,,,,,,,,,,,1,1,,
Marvel Comics,Fantastic Four (Vol. 1) (1961 - 1996),1,Fantastic Four #335,Fantastic Four,335,10/24/1989,14,14,Acts of Vengeance,1,0,0,0,1,,Print,,,,,,,,,,,,,1,1,,
Marvel Comics,Fantastic Four (Vol. 1) (1961 - 1996),1,Fantastic Four #336,Fantastic Four,336,11/28/1989,14,14,Acts of Vengeance,1,0,0,0,1,,Print,,,,,,,,,,,,,1,1,,
Marvel Comics,Fantastic Four (Vol. 1) (1961 - 1996),1,Fantastic Four #337,Fantastic Four,337,12/26/1989,7,7,,1,0,0,0,1,,Print,,,,,,,,,,,,,1,1,,
Marvel Comics,Fantastic Four (Vol. 1) (1961 - 1996),1,Fantastic Four #338,Fantastic Four,338,1/23/1990,7,7,,1,0,0,0,1,,Print,,,,,,,,,,,,,1,1,,
Marvel Comics,Fantastic Four (Vol. 1) (1961 - 1996),1,Fantastic Four Annual #24,Fantastic Four Annual,24,4/23/1991,,8,The Korvac Quest,0,1,0,0,0,,Print,,,,,,,,,,,,,2,0,,
Marvel Comics,Fantastic Four (Vol. 1) (1961 - 1996),1,Fantastic Four #366,Fantastic Four,366,5/26/1992,2,2,The Infinity War,1,0,0,0,1,,Print,,,,,,,,,,,,,1,1,,
Marvel Comics,Fantastic Four (Vol. 1) (1961 - 1996),1,Fantastic Four #367,Fantastic Four,367,6/23/1992,,2,The Infinity War,0,1,0,0,0,,Print,,,,,,,,,,,,,1,0,,
Marvel Comics,Fantastic Four (Vol. 1) (1961 - 1996),1,Fantastic Four #368,Fantastic Four,368,7/28/1992,,2,The Infinity War,0,1,0,0,0,,Print,,,,,,,,,,,,,1,0,,
Marvel Comics,Fantastic Four (Vol. 1) (1961 - 1996),1,Fantastic Four #369,Fantastic Four,369,8/26/1992,,2,The Infinity War,0,1,0,0,0,,Print,,,,,,,,,,,,,1,0,,
Marvel Comics,Fantastic Four (Vol. 1) (1961 - 1996),1,Fantastic Four #370,Fantastic Four,370,9/22/1992,,2,The Infinity War,0,1,0,0,0,,Print,,,,,,,,,,,,,1,0,,
Marvel Comics,Fantastic Four (Vol. 1) (1961 - 1996),1,Fantastic Four #412,Fantastic Four,412,3/27/1996,7,7,,1,0,0,0,1,,Print,,,,,,,,,,,,,1,1,,
Marvel Comics,Fantastic Four (Vol. 1) (1961 - 1996),1,Fantastic Four #413,Fantastic Four,413,5/1/1996,7,7,,1,0,0,0,1,,Print,,,,,,,,,,,,,1,1,,
Marvel Comics,Fantastic Four (Vol. 1) (1961 - 1996),1,Fantastic Four Annual #23,Fantastic Four Annual,23,5/8/1996,14,14,Days of Future Present,1,0,0,0,1,,Print,,,,,,,,,,,,,2,2,,
Marvel Comics,Fantastic Four (Vol. 1) (1961 - 1996),1,Fantastic Four #414,Fantastic Four,414,5/30/1996,7,7,,1,0,0,0,1,,Print,,,,,,,,,,,,,1,1,,
Marvel Comics,Fantastic Four (Vol. 1) (1961 - 1996),1,Fantastic Four #415,Fantastic Four,415,6/19/1996,6,6,Onslaught,1,0,0,0,1,,Print,,,,,,,,,,,,,1,1,,
Marvel Comics,Fantastic Four (Vol. 1) (1961 - 1996),1,Fantastic Four #416,Fantastic Four,416,8/7/1996,6,6,Onslaught,1,0,0,0,1,,Print,,,,,,,,,,,,,1,1,,
Marvel Comics,Fantastic Four (Vol. 2) (1996 - 1997),2,Fantastic Four #1,Fantastic Four,1,9/4/1996,13,13,Heroes Reborn,1,0,0,0,1,,Print,,,,,,,,,,,,,1,1,,
Marvel Comics,Fantastic Four (Vol. 2) (1996 - 1997),2,Fantastic Four #2,Fantastic Four,2,10/4/1996,13,13,Heroes Reborn,1,0,0,0,1,,Print,,,,,,,,,,,,,1,1,,
Marvel Comics,Fantastic Four (Vol. 2) (1996 - 1997),2,Fantastic Four #3,Fantastic Four,3,11/6/1996,13,13,Heroes Reborn,1,0,0,0,1,,Print,,,,,,,,,,,,,1,1,,
Marvel Comics,Fantastic Four (Vol. 2) (1996 - 1997),2,Fantastic Four #4,Fantastic Four,4,12/4/1996,13,13,Heroes Reborn,1,0,0,0,1,,Print,,,,,,,,,,,,,1,1,,
Marvel Comics,Fantastic Four (Vol. 2) (1996 - 1997),2,Fantastic Four #5,Fantastic Four,5,1/2/1997,,13,Heroes Reborn,0,1,0,0,0,,Print,,,,,,,,,,,,,1,0,,
Marvel Comics,Fantastic Four (Vol. 2) (1996 - 1997),2,Fantastic Four #6,Fantastic Four,6,2/5/1997,,13,Heroes Reborn,0,1,0,0,0,,Print,,,,,,,,,,,,,1,0,,
Marvel Comics,Fantastic Four (Vol. 2) (1996 - 1997),2,Fantastic Four #7,Fantastic Four,7,3/5/1997,,13,Heroes Reborn,0,1,0,0,0,,Print,,,,,,,,,,,,,1,0,,
Marvel Comics,Fantastic Four (Vol. 2) (1996 - 1997),2,Fantastic Four #8,Fantastic Four,8,4/16/1997,,13,Heroes Reborn,0,1,0,0,0,,Print,,,,,,,,,,,,,1,0,,
Marvel Comics,Fantastic Four (Vol. 2) (1996 - 1997),2,Fantastic Four #9,Fantastic Four,9,5/21/1997,,13,Heroes Reborn,0,1,0,0,0,,Print,,,,,,,,,,,,,1,0,,
Marvel Comics,Fantastic Four (Vol. 2) (1996 - 1997),2,Fantastic Four #10,Fantastic Four,10,6/25/1997,,13,Heroes Reborn,0,1,0,0,0,,Print,,,,,,,,,,,,,1,0,,
Marvel Comics,Fantastic Four (Vol. 2) (1996 - 1997),2,Fantastic Four #11,Fantastic Four,11,7/23/1997,,13,Heroes Reborn,0,1,0,0,0,,Print,,,,,,,,,,,,,1,0,,
Marvel Comics,Fantastic Four (Vol. 2) (1996 - 1997),2,Fantastic Four #12,Fantastic Four,12,8/27/1997,,13,Heroes Reborn,0,1,0,0,0,,Print,,,,,,,,,,,,,1,0,,
Marvel Comics,Fantastic Four (Vol. 2) (1996 - 1997),2,Fantastic Four #13,Fantastic Four,13,9/17/1997,,13,Heroes Reborn,0,1,0,0,0,,Print,,,,,,,,,,,,,1,0,,
Marvel Comics,Fantastic Four (Vol. 3) (1998 - 2012),3,Fantastic Four #5,Fantastic Four,5,5/4/1998,7,7,,1,0,0,0,1,,Print,,,,,,,,,,,,,1,1,,
Marvel Comics,Fantastic Four (Vol. 3) (1998 - 2012),3,Fantastic Four #10,Fantastic Four,10,8/5/1998,7,7,,1,0,0,0,1,,Print,,,,,,,,,,,,,1,1,,
Marvel Comics,Fantastic Four 2099 (Vol. 1) (1996),1,Fantastic Four 2099 #1,Fantastic Four 2099,1,11/30/1995,,,,0,1,0,0,0,,Print,,,,,,,,,,,,,1,0,,
Marvel Comics,Fantastic Four 2099 (Vol. 1) (1996),1,Fantastic Four 2099 #2,Fantastic Four 2099,2,12/28/1995,,,,0,1,0,0,0,,Print,,,,,,,,,,,,,1,0,,
Marvel Comics,Fantastic Four 2099 (Vol. 1) (1996),1,Fantastic Four 2099 #3,Fantastic Four 2099,3,2/1/1996,,,,0,1,0,0,0,,Print,,,,,,,,,,,,,1,0,,
Marvel Comics,Fantastic Four 2099 (Vol. 1) (1996),1,Fantastic Four 2099 #4,Fantastic Four 2099,4,2/22/1996,,,,0,1,0,0,0,,Print,,,,,,,,,,,,,1,0,,
Marvel Comics,Fantastic Four 2099 (Vol. 1) (1996),1,Fantastic Four 2099 #5,Fantastic Four 2099,5,3/27/1996,,,,0,1,0,0,0,,Print,,,,,,,,,,,,,1,0,,
Marvel Comics,Fantastic Four 2099 (Vol. 1) (1996),1,Fantastic Four 2099 #6,Fantastic Four 2099,6,5/1/1996,1,1,,1,0,0,0,1,,Print,,,,,,,,,,,,,1,1,,
Marvel Comics,Fantastic Four 2099 (Vol. 1) (1996),1,Fantastic Four 2099 #7,Fantastic Four 2099,7,5/30/1996,,,,0,1,0,0,0,,Print,,,,,,,,,,,,,1,0,,
Marvel Comics,Fantastic Four 2099 (Vol. 1) (1996),1,Fantastic Four 2099 #8,Fantastic Four 2099,8,6/26/1996,1,1,,1,0,0,0,1,,Print,,,,,,,,,,,,,1,1,,
Marvel Comics,Fantastic Four vs. The X-Men (1987),1,Fantastic Four vs. The X-Men #1,Fantastic Four vs. The X-Men,1,11/4/1986,14,14,,1,0,0,0,1,,Print,,,,,,,,,,,,,1,1,,
Marvel Comics,Fantastic Four vs. The X-Men (1987),1,Fantastic Four vs. The X-Men #2,Fantastic Four vs. The X-Men,2,12/2/1986,14,14,,1,0,0,0,1,,Print,,,,,,,,,,,,,1,1,,
Marvel Comics,Fantastic Four vs. The X-Men (1987),1,Fantastic Four vs. The X-Men #3,Fantastic Four vs. The X-Men,3,12/30/1986,14,14,,1,0,0,0,1,,Print,,,,,,,,,,,,,1,1,,
Marvel Comics,Fantastic Four vs. The X-Men (1987),1,Fantastic Four vs. The X-Men #4,Fantastic Four vs. The X-Men,4,2/3/1987,14,14,,1,0,0,0,1,,Print,,,,,,,,,,,,,1,1,,
Marvel Comics,Fred Hembeck Destroys the Marvel Universe (1989),1,Fred Hembeck Destroys the Marvel Universe #1,Fred Hembeck Destroys the Marvel Universe,1,3/28/1989,2,2,,1,0,0,0,1,,Print,,,,,,,,,,,,,1,1,,
Marvel Comics,The Further Adventures of Indiana Jones (1982 - 1985),1,The Further Adventures of Indiana Jones #19,The Further Adventures of Indiana Jones,19,3/13/1984,2,17,,1,0,0,0,1,,Print,,,,,,,,,,,,,1,1,,
Marvel Comics,Gambit (Vol. 2) (1997),2,Gambit #1,Gambit,1,7/30/1997,5,5,,1,0,0,0,1,,Print,,,,,,,,,,,,,1,1,,
Marvel Comics,Gambit (Vol. 2) (1997),2,Gambit #2,Gambit,2,8/27/1997,5,5,,1,0,0,0,1,,Print,,,,,,,,,,,,,1,1,,
Marvel Comics,Gambit (Vol. 2) (1997),2,Gambit #3,Gambit,3,10/1/1997,5,5,,1,0,0,0,1,,Print,,,,,,,,,,,,,1,1,,
Marvel Comics,Gambit (Vol. 2) (1997),2,Gambit #4,Gambit,4,11/5/1997,5,5,,1,0,0,0,1,,Print,,,,,,,,,,,,,1,1,,
Marvel Comics,Gambit and the X-Ternals (1995),1,Gambit and the X-Ternals #1,Gambit and the X-Ternals,1,1/24/1995,6,6,Age of Apocalypse,1,0,0,0,1,,Print,,,,,,,,,,,,,1,1,,
Marvel Comics,Gambit and the X-Ternals (1995),1,Gambit and the X-Ternals #2,Gambit and the X-Ternals,2,2/28/1995,6,6,Age of Apocalypse,1,0,0,0,1,,Print,,,,,,,,,,,,,1,1,,
Marvel Comics,Gambit and the X-Ternals (1995),1,Gambit and the X-Ternals #3,Gambit and the X-Ternals,3,3/28/1995,6,6,Age of Apocalypse,1,0,0,0,1,,Print,,,,,,,,,,,,,1,1,,
Marvel Comics,Gambit and the X-Ternals (1995),1,Gambit and the X-Ternals #4,Gambit and the X-Ternals,4,4/25/1995,6,6,Age of Apocalypse,1,0,0,0,1,,Print,,,,,,,,,,,,,1,1,,
Marvel Comics,Generation Next (1995),1,Generation Next #1,Generation Next,1,1/10/1995,6,6,Age of Apocalypse,1,0,0,0,1,,Print,,,,,,,,,,,,,1,1,,
Marvel Comics,Generation Next (1995),1,Generation Next #2,Generation Next,2,2/14/1995,6,6,Age of Apocalypse,1,0,0,0,1,,Print,,,,,,,,,,,,,1,1,,
Marvel Comics,Generation Next (1995),1,Generation Next #3,Generation Next,3,3/14/1995,6,6,Age of Apocalypse,1,0,0,0,1,,Print,,,,,,,,,,,,,1,1,,
Marvel Comics,Generation Next (1995),1,Generation Next #4,Generation Next,4,4/11/1995,6,6,Age of Apocalypse,1,0,0,0,1,,Print,,,,,,,,,,,,,1,1,,
Marvel Comics,Generation X (Vol. 1) (1994 - 2001),1,Generation X #1,Generation X,1,9/13/1994,2,2,,1,0,0,0,1,,Print,,,,,,,,,,,,,1,1,,
Marvel Comics,Generation X (Vol. 1) (1994 - 2001),1,Generation X #2,Generation X,2,10/11/1994,2,2,,1,0,0,0,1,,Print,,,,,,,,,,,,,1,1,,
Marvel Comics,Generation X (Vol. 1) (1994 - 2001),1,Generation X #3,Generation X,3,11/8/1994,2,2,,1,0,0,0,1,,Print,,,,,,,,,,,,,1,1,,
Marvel Comics,Generation X (Vol. 1) (1994 - 2001),1,Generation X #4,Generation X,4,12/13/1994,2,2,,1,0,0,0,1,,Print,,,,,,,,,,,,,1,1,,
Marvel Comics,Generation X (Vol. 1) (1994 - 2001),1,Generation X #5,Generation X,5,5/16/1995,2,2,,1,0,0,0,1,,Print,,,,,,,,,,,,,1,1,,
Marvel Comics,Generation X (Vol. 1) (1994 - 2001),1,Generation X #6,Generation X,6,6/20/1995,2,2,,1,0,0,0,1,,Print,,,,,,,,,,,,,1,1,,
Marvel Comics,Generation X (Vol. 1) (1994 - 2001),1,Generation X #7,Generation X,7,7/20/1995,2,2,,1,0,0,0,1,,Print,,,,,,,,,,,,,1,1,,
Marvel Comics,Generation X (Vol. 1) (1994 - 2001),1,Generation X #8,Generation X,8,8/17/1995,2,2,,1,0,0,0,1,,Print,,,,,,,,,,,,,1,1,,
Marvel Comics,Generation X (Vol. 1) (1994 - 2001),1,Generation X Annual '95,Generation X Annual '95,1,9/14/1995,2,2,,1,0,0,0,1,,Print,,,,,,,,,,,,,1,1,,
Marvel Comics,Generation X (Vol. 1) (1994 - 2001),1,Generation X #9,Generation X,9,9/14/1995,2,2,,1,0,0,0,1,,Print,,,,,,,,,,,,,1,1,,
Marvel Comics,Generation X (Vol. 1) (1994 - 2001),1,Generation X #10,Generation X,10,10/19/1995,2,2,,1,0,0,0,1,,Print,,,,,,,,,,,,,1,1,,
Marvel Comics,Generation X (Vol. 1) (1994 - 2001),1,Generation X #11,Generation X,11,11/16/1995,2,2,,1,0,0,0,1,,Print,,,,,,,,,,,,,1,1,,
Marvel Comics,Generation X (Vol. 1) (1994 - 2001),1,Generation X #12,Generation X,12,12/14/1995,2,2,,1,0,0,0,1,,Print,,,,,,,,,,,,,1,1,,
Marvel Comics,Generation X (Vol. 1) (1994 - 2001),1,Generation X #13,Generation X,13,1/18/1996,2,2,,1,0,0,0,1,,Print,,,,,,,,,,,,,1,1,,
Marvel Comics,Generation X (Vol. 1) (1994 - 2001),1,Generation X #14,Generation X,14,2/15/1996,2,2,,1,0,0,0,1,,Print,,,,,,,,,,,,,1,1,,
Marvel Comics,Generation X (Vol. 1) (1994 - 2001),1,Generation X #15,Generation X,15,3/14/1996,2,2,,1,0,0,0,1,,Print,,,,,,,,,,,,,1,1,,
Marvel Comics,Generation X (Vol. 1) (1994 - 2001),1,Generation X #16,Generation X,16,4/10/1996,2,2,,1,0,0,0,1,,Print,,,,,,,,,,,,,1,1,,
Marvel Comics,Generation X (Vol. 1) (1994 - 2001),1,Generation X #17,Generation X,17,5/15/1996,6,6,Onslaught,1,0,0,0,1,,Print,,,,,,,,,,,,,1,1,,
Marvel Comics,Generation X (Vol. 1) (1994 - 2001),1,Generation X #18,Generation X,18,6/12/1996,6,6,Onslaught,1,0,0,0,1,,Print,,,,,,,,,,,,,1,1,,
Marvel Comics,Generation X (Vol. 1) (1994 - 2001),1,Generation X #19,Generation X,19,7/10/1996,6,6,Onslaught,1,0,0,0,1,,Print,,,,,,,,,,,,,1,1,,
Marvel Comics,Generation X (Vol. 1) (1994 - 2001),1,Generation X #20,Generation X,20,8/14/1996,2,2,,1,0,0,0,1,,Print,,,,,,,,,,,,,1,1,,
Marvel Comics,Generation X (Vol. 1) (1994 - 2001),1,Generation X #21,Generation X,21,9/11/1996,2,2,,1,0,0,0,1,,Print,,,,,,,,,,,,,1,1,,
Marvel Comics,Generation X (Vol. 1) (1994 - 2001),1,Generation X Annual '96,Generation X Annual '96,1,10/2/1996,2,2,,1,0,0,0,1,,Print,,,,,,,,,,,,,1,1,,
Marvel Comics,Generation X (Vol. 1) (1994 - 2001),1,Generation X #22,Generation X,22,10/16/1996,2,2,,1,0,0,0,1,,Print,,,,,,,,,,,,,1,1,,
Marvel Comics,Generation X (Vol. 1) (1994 - 2001),1,Generation X #23,Generation X,23,11/13/1996,2,2,,1,0,0,0,1,,Print,,,,,,,,,,,,,1,1,,
Marvel Comics,Generation X (Vol. 1) (1994 - 2001),1,Generation X #24,Generation X,24,12/11/1996,2,2,,1,0,0,0,1,,Print,,,,,,,,,,,,,1,1,,
Marvel Comics,Generation X (Vol. 1) (1994 - 2001),1,Generation X #25,Generation X,25,1/8/1997,,,,0,1,0,0,0,,Print,,,,,,,,,,,,,1,0,,
Marvel Comics,Generation X (Vol. 1) (1994 - 2001),1,Generation X #26,Generation X,26,2/12/1997,,,,0,1,0,0,0,,Print,,,,,,,,,,,,,1,0,,
Marvel Comics,Generation X (Vol. 1) (1994 - 2001),1,Generation X #27,Generation X,27,3/12/1997,,,,0,1,0,0,0,,Print,,,,,,,,,,,,,1,0,,
Marvel Comics,Generation X (Vol. 1) (1994 - 2001),1,Generation X #28,Generation X,28,4/9/1997,,,,0,1,0,0,0,,Print,,,,,,,,,,,,,1,0,,
Marvel Comics,Generation X (Vol. 1) (1994 - 2001),1,Generation X #-1,Generation X,1,5/14/1997,,,,0,1,0,0,0,,Print,,,,,,,,,,,,,1,0,,
Marvel Comics,Generation X (Vol. 1) (1994 - 2001),1,Generation X #29,Generation X,29,6/12/1997,,,,0,1,0,0,0,,Print,,,,,,,,,,,,,1,0,,
Marvel Comics,Generation X (Vol. 1) (1994 - 2001),1,Generation X #30,Generation X,30,7/9/1997,,,,0,1,0,0,0,,Print,,,,,,,,,,,,,1,0,,
Marvel Comics,Generation X (Vol. 1) (1994 - 2001),1,Generation X #31,Generation X,31,8/13/1997,,,,0,1,0,0,0,,Print,,,,,,,,,,,,,1,0,,
Marvel Comics,Generation X (Vol. 1) (1994 - 2001),1,Generation X Annual '97,Generation X Annual '97,1,8/27/1997,,,,0,1,0,0,0,,Print,,,,,,,,,,,,,1,0,,
Marvel Comics,Generation X (Vol. 1) (1994 - 2001),1,Generation X #32,Generation X,32,9/10/1997,,,,0,1,0,0,0,,Print,,,,,,,,,,,,,1,0,,
Marvel Comics,Generation X (Vol. 1) (1994 - 2001),1,Generation X #33,Generation X,33,10/8/1997,,,,0,1,0,0,0,,Print,,,,,,,,,,,,,1,0,,
Marvel Comics,Generation X (Vol. 1) (1994 - 2001),1,Generation X #34,Generation X,34,11/19/1997,,,,0,1,0,0,0,,Print,,,,,,,,,,,,,1,0,,
Marvel Comics,Generation X (Vol. 1) (1994 - 2001),1,Generation X #35,Generation X,35,12/10/1997,,,,0,1,0,0,0,,Print,,,,,,,,,,,,,1,0,,
Marvel Comics,Generation X (Vol. 1) (1994 - 2001),1,Generation X #36,Generation X,36,1/21/1998,,,,0,1,0,0,0,,Print,,,,,,,,,,,,,1,0,,
Marvel Comics,Generation X (Vol. 1) (1994 - 2001),1,Generation X #37,Generation X,37,2/18/1998,,,,0,1,0,0,0,,Print,,,,,,,,,,,,,1,0,,
Marvel Comics,Generation X (Vol. 1) (1994 - 2001),1,Generation X #38,Generation X,38,3/11/1998,,,,0,1,0,0,0,,Print,,,,,,,,,,,,,1,0,,
Marvel Comics,Generation X (Vol. 1) (1994 - 2001),1,Generation X #½,Generation X,1,3/25/1998,,,,0,1,0,0,0,,Print,,,,,,,,,,,,,1,0,,
Marvel Comics,Generation X (Vol. 1) (1994 - 2001),1,Generation X #39,Generation X,39,4/8/1998,,,,0,1,0,0,0,,Print,,,,,,,,,,,,,1,0,,
Marvel Comics,Generation X (Vol. 1) (1994 - 2001),1,Generation X #40,Generation X,40,5/13/1998,,,,0,1,0,0,0,,Print,,,,,,,,,,,,,1,0,,
Marvel Comics,Generation X (Vol. 1) (1994 - 2001),1,Generation X #41,Generation X,41,6/10/1998,,,,0,1,0,0,0,,Print,,,,,,,,,,,,,1,0,,
Marvel Comics,Generation X (Vol. 1) (1994 - 2001),1,Generation X #42,Generation X,42,7/8/1998,,,,0,1,0,0,0,,Print,,,,,,,,,,,,,1,0,,
Marvel Comics,Generation X (Vol. 1) (1994 - 2001),1,Generation X #43,Generation X,43,8/12/1998,,,,0,1,0,0,0,,Print,,,,,,,,,,,,,1,0,,
Marvel Comics,Generation X (Vol. 1) (1994 - 2001),1,Generation X #44,Generation X,44,9/9/1998,,,,0,1,0,0,0,,Print,,,,,,,,,,,,,1,0,,
Marvel Comics,Generation X (Vol. 1) (1994 - 2001),1,Generation X #45,Generation X,45,10/14/1998,,,,0,1,0,0,0,,Print,,,,,,,,,,,,,1,0,,
Marvel Comics,Generation X (Vol. 1) (1994 - 2001),1,Generation X #46,Generation X,46,10/28/1998,,,,0,1,0,0,0,,Print,,,,,,,,,,,,,1,0,,
Marvel Comics,Generation X (Vol. 1) (1994 - 2001),1,Generation X / Dracula Annual 1998,Generation X / Dracula Annual 1998,1,11/4/1998,,,,0,1,0,0,0,,Print,,,,,,,,,,,,,1,0,,
Marvel Comics,Generation X (Vol. 1) (1994 - 2001),1,Generation X #47,Generation X,47,11/18/1998,,,,0,1,0,0,0,,Print,,,,,,,,,,,,,1,0,,
Marvel Comics,Generation X (Vol. 1) (1994 - 2001),1,Generation X #48,Generation X,48,12/16/1998,,,,0,1,0,0,0,,Print,,,,,,,,,,,,,1,0,,
Marvel Comics,Generation X (Vol. 1) (1994 - 2001),1,Generation X #49,Generation X,49,1/13/1999,,,,0,1,0,0,0,,Print,,,,,,,,,,,,,1,0,,
Marvel Comics,Generation X (Vol. 1) (1994 - 2001),1,Generation X #50,Generation X,50,2/24/1999,,,,0,1,0,0,0,,Print,,,,,,,,,,,,,1,0,,
Marvel Comics,Generation X (Vol. 1) (1994 - 2001),1,Generation X #51,Generation X,51,3/10/1999,,,,0,1,0,0,0,,Print,,,,,,,,,,,,,1,0,,
Marvel Comics,Generation X (Vol. 1) (1994 - 2001),1,Generation X #52,Generation X,52,3/31/1999,,,,0,1,0,0,0,,Print,,,,,,,,,,,,,1,0,,
Marvel Comics,Generation X (Vol. 1) (1994 - 2001),1,Generation X #53,Generation X,53,5/12/1999,,,,0,1,0,0,0,,Print,,,,,,,,,,,,,1,0,,
Marvel Comics,Generation X (Vol. 1) (1994 - 2001),1,Generation X #54,Generation X,54,6/9/1999,,,,0,1,0,0,0,,Print,,,,,,,,,,,,,1,0,,
Marvel Comics,Generation X (Vol. 1) (1994 - 2001),1,Generation X #55,Generation X,55,7/14/1999,,,,0,1,0,0,0,,Print,,,,,,,,,,,,,1,0,,
Marvel Comics,Generation X (Vol. 1) (1994 - 2001),1,Generation X #56,Generation X,56,8/11/1999,,,,0,1,0,0,0,,Print,,,,,,,,,,,,,1,0,,
Marvel Comics,Generation X (Vol. 1) (1994 - 2001),1,Generation X #57,Generation X,57,9/8/1999,,,,0,1,0,0,0,,Print,,,,,,,,,,,,,1,0,,
Marvel Comics,Generation X (Vol. 1) (1994 - 2001),1,Generation X #58,Generation X,58,10/13/1999,,,,0,1,0,0,0,,Print,,,,,,,,,,,,,1,0,,
Marvel Comics,Generation X (Vol. 1) (1994 - 2001),1,Generation X Annual '99,Generation X Annual '99,1,10/27/1999,,,,0,1,0,0,0,,Print,,,,,,,,,,,,,1,0,,
Marvel Comics,Generation X (Vol. 1) (1994 - 2001),1,Generation X #59,Generation X,59,11/10/1999,,,,0,1,0,0,0,,Print,,,,,,,,,,,,,1,0,,
Marvel Comics,Generation X (Vol. 1) (1994 - 2001),1,Generation X #60,Generation X,60,12/8/1999,,,,0,1,0,0,0,,Print,,,,,,,,,,,,,1,0,,
Marvel Comics,Generation X (Vol. 1) (1994 - 2001),1,Generation X #61,Generation X,61,1/12/2000,,,,0,1,0,0,0,,Print,,,,,,,,,,,,,1,0,,
Marvel Comics,Generation X (Vol. 1) (1994 - 2001),1,Generation X #62,Generation X,62,2/16/2000,,,,0,1,0,0,0,,Print,,,,,,,,,,,,,1,0,,
Marvel Comics,Generation X (Vol. 1) (1994 - 2001),1,Generation X #63,Generation X,63,3/8/2000,,,,0,1,0,0,0,,Print,,,,,,,,,,,,,1,0,,
Marvel Comics,Generation X (Vol. 1) (1994 - 2001),1,Generation X #64,Generation X,64,4/12/2000,,,,0,1,0,0,0,,Print,,,,,,,,,,,,,1,0,,
Marvel Comics,Generation X (Vol. 1) (1994 - 2001),1,Generation X #65,Generation X,65,5/17/2000,,,,0,1,0,0,0,,Print,,,,,,,,,,,,,1,0,,
Marvel Comics,Generation X (Vol. 1) (1994 - 2001),1,Generation X #66,Generation X,66,6/14/2000,,,,0,1,0,0,0,,Print,,,,,,,,,,,,,1,0,,
Marvel Comics,Generation X (Vol. 1) (1994 - 2001),1,Generation X #67,Generation X,67,7/12/2000,,,,0,1,0,0,0,,Print,,,,,,,,,,,,,1,0,,
Marvel Comics,Generation X (Vol. 1) (1994 - 2001),1,Generation X #68,Generation X,68,8/16/2000,,,,0,1,0,0,0,,Print,,,,,,,,,,,,,1,0,,
Marvel Comics,Generation X (Vol. 1) (1994 - 2001),1,Generation X #69,Generation X,69,9/13/2000,,,,0,1,0,0,0,,Print,,,,,,,,,,,,,1,0,,
Marvel Comics,Generation X (Vol. 1) (1994 - 2001),1,Generation X #70,Generation X,70,10/11/2000,,,,0,1,0,0,0,,Print,,,,,,,,,,,,,1,0,,
Marvel Comics,Generation X (Vol. 1) (1994 - 2001),1,Generation X #71,Generation X,71,11/29/2000,,,,0,1,0,0,0,,Print,,,,,,,,,,,,,1,0,,
Marvel Comics,Generation X (Vol. 1) (1994 - 2001),1,Generation X #72,Generation X,72,12/28/2000,,,,0,1,0,0,0,,Print,,,,,,,,,,,,,1,0,,
Marvel Comics,Generation X (Vol. 1) (1994 - 2001),1,Generation X #73,Generation X,73,1/10/2001,,,,0,1,0,0,0,,Print,,,,,,,,,,,,,1,0,,
Marvel Comics,Generation X (Vol. 1) (1994 - 2001),1,Generation X #74,Generation X,74,3/28/2001,,,,0,1,0,0,0,,Print,,,,,,,,,,,,,1,0,,
Marvel Comics,Generation X (Vol. 1) (1994 - 2001),1,Generation X #75,Generation X,75,5/16/2001,,,,0,1,0,0,0,,Print,,,,,,,,,,,,,1,0,,
Marvel Comics,Generation X Collectors' Preview (1994),1,Generation X Collectors' Preview #1,Generation X Collectors' Preview,1,8/16/1994,2,2,,1,0,0,0,1,,Print,,,,,,,,,,,,,1,1,,
Marvel Comics,Ghost Rider (Vol. 2) (1990 - 2007),2,Ghost Rider #27,Ghost Rider,27,12/5/1992,2,2,Brood Trouble In The Big Easy,1,0,0,0,1,,Print,,,,,,,,,,,,,1,1,Brood Trouble In The Big Easy,
Marvel Comics,Ghost Rider (Vol. 2) (1990 - 2007),2,Ghost Rider #26,Ghost Rider,26,4/14/1992,2,2,Brood Trouble In The Big Easy,1,0,0,0,1,,Print,,,,,,,,,,,,,1,1,Brood Trouble In The Big Easy,
Marvel Comics,Green Goblin (1995 - 1996),1,Green Goblin #12,Green Goblin,12,7/17/1996,,6,Onslaught,0,1,0,0,0,,Print,,,,,,,,,,,,,1,0,,
Marvel Comics,Guardians of the Galaxy (Vol. 1) (1990 - 1995),1,Guardians of the Galaxy Annual #1,Guardians of the Galaxy Annual,1,5/14/1991,8,8,The Korvac Quest,1,0,0,0,1,,Print,,,,,,,,,,,,,2,2,,
Marvel Comics,Guardians of the Galaxy (Vol. 1) (1990 - 1995),1,Guardians of the Galaxy #27,Guardians of the Galaxy,27,8/1/1992,,2,The Infinity War,0,1,0,0,0,,Print,,,,,,,,,,,,,1,0,,
Marvel Comics,Guardians of the Galaxy (Vol. 1) (1990 - 1995),1,Guardians of the Galaxy #28,Guardians of the Galaxy,28,9/1/1992,,2,The Infinity War,0,1,0,0,0,,Print,,,,,,,,,,,,,1,0,,
Marvel Comics,Guardians of the Galaxy (Vol. 1) (1990 - 1995),1,Guardians of the Galaxy #29,Guardians of the Galaxy,29,10/1/1992,2,2,The Infinity War,1,0,0,0,1,,Print,,,,,,,,,,,,,1,1,,
Marvel Comics,Havok & Wolverine: Meltdown (1989),1,Havok & Wolverine: Meltdown #1,Havok & Wolverine: Meltdown,1,11/8/1988,15,15,,1,0,0,0,2,,Print,,,,,,,,,,,,,1,2,,https://drive.google.com/file/d/1FCMIo80jdGvjKqWcn3MDWsiF7tSQOzF8/view?usp=drive_link
Marvel Comics,Havok & Wolverine: Meltdown (1989),1,Havok & Wolverine: Meltdown #2,Havok & Wolverine: Meltdown,2,12/13/1988,15,15,,1,0,0,0,1,,Print,,,,,,,,,,,,,1,1,,https://drive.google.com/file/d/1plyMT_BdIJldxVX9mEe6upCrV8JZI2tY/view?usp=drive_link
Marvel Comics,Havok & Wolverine: Meltdown (1989),1,Havok & Wolverine: Meltdown #3,Havok & Wolverine: Meltdown,3,1/10/1989,15,15,,1,0,0,0,1,,Print,,,,,,,,,,,,,1,1,,https://drive.google.com/file/d/1EtEXSW3K-MkO90IW51TBlFG7uCMrzGIY/view?usp=drive_link
Marvel Comics,Havok & Wolverine: Meltdown (1989),1,Havok & Wolverine: Meltdown #4,Havok & Wolverine: Meltdown,4,6/13/1989,15,15,,1,0,0,0,1,,Print,,,,,,,,,,,,,1,1,,
Marvel Comics,Hercules: Prince of Power (Vol. 2) (1984),2,Hercules: Prince of Power #1,Hercules: Prince of Power,1,12/13/1983,2,2,,1,0,0,0,1,,Print,,,,,,,,,,,,,1,1,,
Marvel Comics,Hercules: Prince of Power (Vol. 2) (1984),2,Hercules: Prince of Power #2,Hercules: Prince of Power,2,1/17/1984,2,2,,1,0,0,0,1,,Print,,,,,,,,,,,,,1,1,,
Marvel Comics,Hercules: Prince of Power (Vol. 2) (1984),2,Hercules: Prince of Power #3,Hercules: Prince of Power,3,2/14/1984,2,2,,1,0,0,0,1,,Print,,,,,,,,,,,,,1,1,,
Marvel Comics,Hercules: Prince of Power (Vol. 2) (1984),2,Hercules: Prince of Power #4,Hercules: Prince of Power,4,3/20/1984,,,,0,1,0,0,0,,Print,,,,,,,,,,,,,1,0,,
Marvel Comics,Heroes Reborn: The Return (1997),1,Heroes Reborn: The Return #1,Heroes Reborn: The Return,1,10/8/1997,,13,Heroes Reborn,0,1,0,0,0,,Print,,,,,,,,,,,,,1,0,,
Marvel Comics,Heroes Reborn: The Return (1997),1,Heroes Reborn: The Return #2,Heroes Reborn: The Return,2,10/15/1997,,13,Heroes Reborn,0,1,0,0,0,,Print,,,,,,,,,,,,,1,0,,
Marvel Comics,Heroes Reborn: The Return (1997),1,Heroes Reborn: The Return #3,Heroes Reborn: The Return,3,10/22/1997,,13,Heroes Reborn,0,1,0,0,0,,Print,,,,,,,,,,,,,1,0,,
Marvel Comics,Heroes Reborn: The Return (1997),1,Heroes Reborn: The Return #4,Heroes Reborn: The Return,4,10/29/1997,,13,Heroes Reborn,0,1,0,0,0,,Print,,,,,,,,,,,,,1,0,,
Marvel Comics,Iceman (Vol. 1) (1984 - 1985),1,Iceman #1,Iceman,1,8/7/1984,2,2,,1,0,0,0,1,,Print,,,,,,,,,,,,,1,1,,
Marvel Comics,Iceman (Vol. 1) (1984 - 1985),1,Iceman #2,Iceman,2,10/2/1984,2,2,,1,0,0,0,1,,Print,,,,,,,,,,,,,1,1,,
Marvel Comics,Iceman (Vol. 1) (1984 - 1985),1,Iceman #3,Iceman,3,12/25/1984,,,,0,1,0,0,0,,Print,,,,,,,,,,,,,1,0,,
Marvel Comics,Iceman (Vol. 1) (1984 - 1985),1,Iceman #4,Iceman,4,2/26/1985,,,,0,1,0,0,0,,Print,,,,,,,,,,,,,1,0,,
Marvel Comics,Incredible Hulk: Hercules Unleashed (1996),1,Incredible Hulk: Hercules Unleashed #1,Incredible Hulk: Hercules Unleashed,1,9/4/1996,6,6,Onslaught,1,0,0,0,1,,Print,,,,,,,,,,,,,1,1,,
Marvel Comics,Iron Man (Vol. 1) (1968 - 1996),1,Iron Man #1,Iron Man,1,2/1/1968,11,11,,1,0,0,0,1,,Print,,,,,,,,,,0,0.0,,1,1,,
Marvel Comics,Iron Man (Vol. 1) (1968 - 1996),1,Iron Man #8,Iron Man,8,9/3/1968,11,11,,1,0,0,0,1,,Print,,,,,,,,,,0,0.0,,1,1,,
Marvel Comics,Iron Man (Vol. 1) (1968 - 1996),1,Iron Man #100,Iron Man,100,4/26/1977,11,11,,1,0,0,0,1,,Print,,,,,,,,,,0,0.0,,1,1,,
Marvel Comics,Iron Man (Vol. 1) (1968 - 1996),1,Iron Man #101,Iron Man,101,5/24/1977,11,11,,1,0,0,0,1,,Print,,,,,,,,,,0,0.0,,1,1,,
Marvel Comics,Iron Man (Vol. 1) (1968 - 1996),1,Iron Man #102,Iron Man,102,6/21/1977,11,11,,1,0,0,0,1,,Print,,,,,,,,,,,,,1,1,,
Marvel Comics,Iron Man (Vol. 1) (1968 - 1996),1,Iron Man #103,Iron Man,103,7/26/1977,11,11,,1,0,0,0,1,,Print,,,,,,,,,,,,,1,1,,
Marvel Comics,Iron Man (Vol. 1) (1968 - 1996),1,Iron Man #109,Iron Man,109,1/24/1978,11,11,,1,0,0,0,1,,Print,,,,,,,,,,,,,1,1,,
Marvel Comics,Iron Man (Vol. 1) (1968 - 1996),1,Iron Man #111,Iron Man,111,3/28/1978,11,11,,1,0,0,0,1,,Print,,,,,,,,,,,,,1,1,,
Marvel Comics,Iron Man (Vol. 1) (1968 - 1996),1,Iron Man #112,Iron Man,112,4/25/1978,11,11,,1,0,0,0,1,,Print,,,,,,,,,,,,,1,1,,
Marvel Comics,Iron Man (Vol. 1) (1968 - 1996),1,Iron Man #115,Iron Man,115,7/25/1978,11,11,,1,0,0,0,1,,Print,,,,,,,,,,,,,1,1,,
Marvel Comics,Iron Man (Vol. 1) (1968 - 1996),1,Iron Man #116,Iron Man,116,8/22/1978,11,11,,1,0,0,0,1,,Print,,,,,,,,,,,,,1,1,,
Marvel Comics,Iron Man (Vol. 1) (1968 - 1996),1,Iron Man #117,Iron Man,117,9/26/1978,11,11,,1,0,0,0,1,,Print,,,,,,,,,,,,,1,1,,
Marvel Comics,Iron Man (Vol. 1) (1968 - 1996),1,Iron Man #118,Iron Man,118,10/24/1978,11,11,,1,0,0,0,1,,Print,,,,,,,,,,,,,1,1,,
Marvel Comics,Iron Man (Vol. 1) (1968 - 1996),1,Iron Man #119,Iron Man,119,11/21/1978,11,11,,1,0,0,0,1,,Print,,,,,,,,,,,,,1,1,,
Marvel Comics,Iron Man (Vol. 1) (1968 - 1996),1,Iron Man #120,Iron Man,120,12/19/1978,11,11,Demon in a Bottle,1,0,0,0,1,,Print,,,,,,,,,,,,,1,1,Demon in a Bottle,
Marvel Comics,Iron Man (Vol. 1) (1968 - 1996),1,Iron Man #121,Iron Man,121,1/23/1979,,11,Demon in a Bottle,0,1,0,0,0,,Print,,,,,,,,,,,,,1,0,Demon in a Bottle,
Marvel Comics,Iron Man (Vol. 1) (1968 - 1996),1,Iron Man #122,Iron Man,122,2/20/1979,11,11,Demon in a Bottle,1,0,0,0,1,,Print,,,,,,,,,,,,,1,1,Demon in a Bottle,
Marvel Comics,Iron Man (Vol. 1) (1968 - 1996),1,Iron Man #123,Iron Man,123,3/27/1979,11,11,Demon in a Bottle,1,0,0,0,1,,Print,,,,,,,,,,,,,1,1,Demon in a Bottle,
Marvel Comics,Iron Man (Vol. 1) (1968 - 1996),1,Iron Man #124,Iron Man,124,4/24/1979,11,11,Demon in a Bottle,1,0,0,0,1,,Print,,,,,,,,,,,,,1,1,Demon in a Bottle,
Marvel Comics,Iron Man (Vol. 1) (1968 - 1996),1,Iron Man #125,Iron Man,125,5/22/1979,,11,Demon in a Bottle,0,1,0,0,0,,Print,,,,,,,,,,,,,1,0,Demon in a Bottle,
Marvel Comics,Iron Man (Vol. 1) (1968 - 1996),1,Iron Man #126,Iron Man,126,6/26/1979,11,11,Demon in a Bottle,1,0,0,0,1,,Print,,,,,,,,,,,,,1,1,Demon in a Bottle,
Marvel Comics,Iron Man (Vol. 1) (1968 - 1996),1,Iron Man #127,Iron Man,127,7/24/1979,11,11,Demon in a Bottle,1,0,0,0,1,,Print,,,,,,,,,,,,,1,1,Demon in a Bottle,
Marvel Comics,Iron Man (Vol. 1) (1968 - 1996),1,Iron Man #128,Iron Man,128,8/28/1979,,11,Demon in a Bottle,0,1,0,0,0,,Print,,,,,,,,,,,,,1,0,Demon in a Bottle,
Marvel Comics,Iron Man (Vol. 1) (1968 - 1996),1,Iron Man #130,Iron Man,130,10/23/1979,11,11,,1,0,0,0,1,,Print,,,,,,,,,,,,,1,1,,
Marvel Comics,Iron Man (Vol. 1) (1968 - 1996),1,Iron Man #135,Iron Man,135,3/25/1980,11,11,,1,0,0,0,1,,Print,,,,,,,,,,,,,1,1,,
Marvel Comics,Iron Man (Vol. 1) (1968 - 1996),1,Iron Man #140,Iron Man,140,8/26/1980,11,11,,1,0,0,0,1,,Print,,,,,,,,,,,,,1,1,,
Marvel Comics,Iron Man (Vol. 1) (1968 - 1996),1,Iron Man #143,Iron Man,143,11/25/1980,11,11,,1,0,0,0,1,,Print,,,,,,,,,,,,,1,1,,
Marvel Comics,Iron Man (Vol. 1) (1968 - 1996),1,Iron Man #150,Iron Man,150,6/16/1981,11,11,Doomquest,1,0,0,0,1,,Print,,,,,,,,,,,,,1,1,Doomquest,
Marvel Comics,Iron Man (Vol. 1) (1968 - 1996),1,Iron Man #172,Iron Man,172,4/12/1983,11,11,,1,0,0,0,1,,Print,,,,,,,,,,,,,1,1,,
Marvel Comics,Iron Man (Vol. 1) (1968 - 1996),1,Iron Man #191,Iron Man,191,10/23/1984,11,11,,1,0,0,0,1,,Print,,,,,,,,,,,,,1,1,,
Marvel Comics,Iron Man (Vol. 1) (1968 - 1996),1,Iron Man #197,Iron Man,197,5/16/1985,,14,Secret Wars II,0,1,0,0,0,,Print,,,,,,,,,,,,,1,0,,
Marvel Comics,Iron Man (Vol. 1) (1968 - 1996),1,Iron Man #199,Iron Man,199,7/16/1985,11,11,,1,0,0,0,1,,Print,,,,,,,,,,,,,1,1,,
Marvel Comics,Iron Man (Vol. 1) (1968 - 1996),1,Iron Man #200,Iron Man,200,8/13/1985,,,,0,1,0,0,0,,Print,,,,,,,,,,,,,1,0,,
Marvel Comics,Iron Man (Vol. 1) (1968 - 1996),1,Iron Man #201,Iron Man,201,9/17/1985,,,,0,1,0,0,0,,Print,,,,,,,,,,,,,1,0,,
Marvel Comics,Iron Man (Vol. 1) (1968 - 1996),1,Iron Man #202,Iron Man,202,10/15/1985,,,,0,1,0,0,0,,Print,,,,,,,,,,,,,1,0,,
Marvel Comics,Iron Man (Vol. 1) (1968 - 1996),1,Iron Man #203,Iron Man,203,11/12/1985,11,11,,1,0,0,0,1,,Print,,,,,,,,,,,,,1,1,,
Marvel Comics,Iron Man (Vol. 1) (1968 - 1996),1,Iron Man #204,Iron Man,204,12/17/1985,11,11,,1,0,0,0,1,,Print,,,,,,,,,,,,,1,1,,
Marvel Comics,Iron Man (Vol. 1) (1968 - 1996),1,Iron Man #205,Iron Man,205,1/14/1986,,,,0,1,0,0,0,,Print,,,,,,,,,,,,,1,0,,
Marvel Comics,Iron Man (Vol. 1) (1968 - 1996),1,Iron Man #206,Iron Man,206,2/18/1986,11,11,,1,0,0,0,1,,Print,,,,,,,,,,,,,1,1,,
Marvel Comics,Iron Man (Vol. 1) (1968 - 1996),1,Iron Man #207,Iron Man,207,3/18/1986,,,,0,1,0,0,0,,Print,,,,,,,,,,,,,1,0,,
Marvel Comics,Iron Man (Vol. 1) (1968 - 1996),1,Iron Man #208,Iron Man,208,4/15/1986,11,11,,1,0,0,0,1,,Print,,,,,,,,,,,,,1,1,,
Marvel Comics,Iron Man (Vol. 1) (1968 - 1996),1,Iron Man #209,Iron Man,209,5/7/1986,11,11,,1,0,0,0,1,,Print,,,,,,,,,,,,,1,1,,
Marvel Comics,Iron Man (Vol. 1) (1968 - 1996),1,Iron Man Annual #8,Iron Man Annual,8,6/10/1986,11,11,,1,0,0,0,1,,Print,,,,,,,,,,,,,1,1,,
Marvel Comics,Iron Man (Vol. 1) (1968 - 1996),1,Iron Man #210,Iron Man,210,6/17/1986,11,11,,1,0,0,0,1,,Print,,,,,,,,,,,,,1,1,,
Marvel Comics,Iron Man (Vol. 1) (1968 - 1996),1,Iron Man #211,Iron Man,211,7/15/1986,11,11,,1,0,0,0,1,,Print,,,,,,,,,,,,,1,1,,
Marvel Comics,Iron Man (Vol. 1) (1968 - 1996),1,Iron Man #212,Iron Man,212,8/12/1986,11,11,,1,0,0,0,1,,Print,,,,,,,,,,,,,1,1,,
Marvel Comics,Iron Man (Vol. 1) (1968 - 1996),1,Iron Man #213,Iron Man,213,9/16/1986,,,,0,1,0,0,0,,Print,,,,,,,,,,,,,1,0,,
Marvel Comics,Iron Man (Vol. 1) (1968 - 1996),1,Iron Man #214,Iron Man,214,10/14/1986,,,,0,1,0,0,0,,Print,,,,,,,,,,,,,1,0,,
Marvel Comics,Iron Man (Vol. 1) (1968 - 1996),1,Iron Man #215,Iron Man,215,10/28/1986,11,11,,1,0,0,0,1,,Print,,,,,,,,,,,,,1,1,,
Marvel Comics,Iron Man (Vol. 1) (1968 - 1996),1,Iron Man #216,Iron Man,216,11/25/1986,11,11,,1,0,0,0,1,,Print,,,,,,,,,,,,,1,1,,
Marvel Comics,Iron Man (Vol. 1) (1968 - 1996),1,Iron Man #219,Iron Man,219,3/17/1987,11,11,Armor Wars,1,0,0,0,1,,Print,,,,,,,,,,,,,1,1,Armor Wars,
Marvel Comics,Iron Man (Vol. 1) (1968 - 1996),1,Iron Man #220,Iron Man,220,4/14/1987,11,11,Armor Wars,1,0,0,0,1,,Print,,,,,,,,,,,,,1,1,Armor Wars,
Marvel Comics,Iron Man (Vol. 1) (1968 - 1996),1,Iron Man #221,Iron Man,221,5/19/1987,11,11,Armor Wars,1,0,0,0,1,,Print,,,,,,,,,,,,,1,1,Armor Wars,
Marvel Comics,Iron Man (Vol. 1) (1968 - 1996),1,Iron Man #222,Iron Man,222,6/16/1987,11,11,Armor Wars,1,0,0,0,1,,Print,,,,,,,,,,,,,1,1,Armor Wars,
Marvel Comics,Iron Man (Vol. 1) (1968 - 1996),1,Iron Man #223,Iron Man,223,7/14/1987,11,11,Armor Wars,1,0,0,0,1,,Print,,,,,,,,,,,,,1,1,Armor Wars,
Marvel Comics,Iron Man (Vol. 1) (1968 - 1996),1,Iron Man #224,Iron Man,224,8/18/1987,11,11,Armor Wars,1,0,0,0,1,,Print,,,,,,,,,,,,,1,1,Armor Wars,
Marvel Comics,Iron Man (Vol. 1) (1968 - 1996),1,Iron Man #225,Iron Man,225,8/25/1987,11,11,Armor Wars,1,0,0,0,1,,Print,,,,,,,,,,,,,1,1,Armor Wars,
Marvel Comics,Iron Man (Vol. 1) (1968 - 1996),1,Iron Man Annual #9,Iron Man Annual,9,9/2/1987,11,11,,1,0,0,0,1,,Print,,,,,,,,,,,,,1,1,,
Marvel Comics,Iron Man (Vol. 1) (1968 - 1996),1,Iron Man #226,Iron Man,226,9/22/1987,11,11,Armor Wars,1,0,0,0,1,,Print,,,,,,,,,,,,,1,1,Armor Wars,
Marvel Comics,Iron Man (Vol. 1) (1968 - 1996),1,Iron Man #227,Iron Man,227,10/27/1987,11,11,Armor Wars,1,0,0,0,1,,Print,,,,,,,,,,,,,1,1,Armor Wars,
Marvel Comics,Iron Man (Vol. 1) (1968 - 1996),1,Iron Man #228,Iron Man,228,11/24/1987,11,11,Armor Wars,1,0,0,0,1,,Print,,,,,,,,,,,,,1,1,Armor Wars,
Marvel Comics,Iron Man (Vol. 1) (1968 - 1996),1,Iron Man #229,Iron Man,229,12/22/1987,11,11,Armor Wars,1,0,0,0,1,,Print,,,,,,,,,,,,,1,1,Armor Wars,
Marvel Comics,Iron Man (Vol. 1) (1968 - 1996),1,Iron Man #230,Iron Man,230,1/26/1988,11,11,Armor Wars,1,0,0,0,1,,Print,,,,,,,,,,,,,1,1,Armor Wars,
Marvel Comics,Iron Man (Vol. 1) (1968 - 1996),1,Iron Man #231,Iron Man,231,2/23/1988,11,11,Armor Wars,1,0,0,0,1,,Print,,,,,,,,,,,,,1,1,Armor Wars,
Marvel Comics,Iron Man (Vol. 1) (1968 - 1996),1,Iron Man #232,Iron Man,232,3/22/1988,11,11,,1,0,0,0,1,,Print,,,,,,,,,,,,,1,1,,
Marvel Comics,Iron Man (Vol. 1) (1968 - 1996),1,Iron Man #233,Iron Man,233,4/26/1988,11,11,,1,0,0,0,1,,Print,,,,,,,,,,,,,1,1,,
Marvel Comics,Iron Man (Vol. 1) (1968 - 1996),1,Iron Man #234,Iron Man,234,5/24/1988,11,11,,1,0,0,0,1,,Print,,,,,,,,,,,,,1,1,,
Marvel Comics,Iron Man (Vol. 1) (1968 - 1996),1,Iron Man #235,Iron Man,235,6/28/1988,11,11,,1,0,0,0,1,,Print,,,,,,,,,,,,,1,1,,
Marvel Comics,Iron Man (Vol. 1) (1968 - 1996),1,Iron Man #236,Iron Man,236,7/26/1988,11,11,,1,0,0,0,1,,Print,,,,,,,,,,,,,1,1,,
Marvel Comics,Iron Man (Vol. 1) (1968 - 1996),1,Iron Man #237,Iron Man,237,8/30/1988,11,11,,1,0,0,0,1,,Print,,,,,,,,,,,,,1,1,,
Marvel Comics,Iron Man (Vol. 1) (1968 - 1996),1,Iron Man #238,Iron Man,238,9/27/1988,11,11,,1,0,0,0,1,,Print,,,,,,,,,,,,,1,1,,
Marvel Comics,Iron Man (Vol. 1) (1968 - 1996),1,Iron Man #239,Iron Man,239,10/25/1988,11,11,,1,0,0,0,1,,Print,,,,,,,,,,,,,1,1,,
Marvel Comics,Iron Man (Vol. 1) (1968 - 1996),1,Iron Man #240,Iron Man,240,11/29/1988,11,11,,1,0,0,0,1,,Print,,,,,,,,,,,,,1,1,,
Marvel Comics,Iron Man (Vol. 1) (1968 - 1996),1,Iron Man #241,Iron Man,241,12/27/1988,11,11,,1,0,0,0,1,,Print,,,,,,,,,,,,,1,1,,
Marvel Comics,Iron Man (Vol. 1) (1968 - 1996),1,Iron Man #242,Iron Man,242,1/31/1989,11,11,,1,0,0,0,1,,Print,,,,,,,,,,,,,1,1,,
Marvel Comics,Iron Man (Vol. 1) (1968 - 1996),1,Iron Man #243,Iron Man,243,2/28/1989,11,11,,1,0,0,0,1,,Print,,,,,,,,,,,,,1,1,,
Marvel Comics,Iron Man (Vol. 1) (1968 - 1996),1,Iron Man #244,Iron Man,244,3/28/1989,11,11,,1,0,0,0,1,,Print,,,,,,,,,,,,,1,1,,
Marvel Comics,Iron Man (Vol. 1) (1968 - 1996),1,Iron Man Annual #10,Iron Man Annual,10,4/18/1989,10,10,Atlantis Attacks,1,0,0,0,2,,Print,,,,,,,,,,,,,2,4,,
Marvel Comics,Iron Man (Vol. 1) (1968 - 1996),1,Iron Man #245,Iron Man,245,4/25/1989,11,11,,1,0,0,0,1,,Print,,,,,,,,,,,,,1,1,,
Marvel Comics,Iron Man (Vol. 1) (1968 - 1996),1,Iron Man #246,Iron Man,246,5/30/1989,11,11,,1,0,0,0,1,,Print,,,,,,,,,,,,,1,1,,
Marvel Comics,Iron Man (Vol. 1) (1968 - 1996),1,Iron Man #247,Iron Man,247,6/27/1989,11,11,,1,0,0,0,1,,Print,,,,,,,,,,,,,1,1,,
Marvel Comics,Iron Man (Vol. 1) (1968 - 1996),1,Iron Man #248,Iron Man,248,7/25/1989,11,11,,1,0,0,0,1,,Print,,,,,,,,,,,,,1,1,,
Marvel Comics,Iron Man (Vol. 1) (1968 - 1996),1,Iron Man #249,Iron Man,249,8/29/1989,11,11,,1,0,0,0,1,,Print,,,,,,,,,,,,,1,1,,
Marvel Comics,Iron Man (Vol. 1) (1968 - 1996),1,Iron Man #250,Iron Man,250,9/26/1989,14,14,Acts of Vengeance,1,0,0,0,1,,Print,,,,,,,,,,,,,1,1,,
Marvel Comics,Iron Man (Vol. 1) (1968 - 1996),1,Iron Man #251,Iron Man,251,10/24/1989,14,14,Acts of Vengeance,1,0,0,0,1,,Print,,,,,,,,,,,,,1,1,,
Marvel Comics,Iron Man (Vol. 1) (1968 - 1996),1,Iron Man #252,Iron Man,252,11/28/1989,14,14,Acts of Vengeance,1,0,0,0,1,,Print,,,,,,,,,,,,,1,1,,
Marvel Comics,Iron Man (Vol. 1) (1968 - 1996),1,Iron Man #253,Iron Man,253,12/26/1989,11,11,,1,0,0,0,1,,Print,,,,,,,,,,,,,1,1,,
Marvel Comics,Iron Man (Vol. 1) (1968 - 1996),1,Iron Man #254,Iron Man,254,1/23/1990,11,11,,1,0,0,0,1,,Print,,,,,,,,,,,,,1,1,,
Marvel Comics,Iron Man (Vol. 1) (1968 - 1996),1,Iron Man #258,Iron Man,258,5/22/1990,,,,0,1,0,0,0,,Print,,,,,,,,,,,,,1,0,,
Marvel Comics,Iron Man (Vol. 1) (1968 - 1996),1,Iron Man #259,Iron Man,259,6/26/1990,,,,0,1,0,0,0,,Print,,,,,,,,,,,,,1,0,,
Marvel Comics,Iron Man (Vol. 1) (1968 - 1996),1,Iron Man #260,Iron Man,260,7/24/1990,11,11,,1,0,0,0,1,,Print,,,,,,,,,,,,,1,1,,
Marvel Comics,Iron Man (Vol. 1) (1968 - 1996),1,Iron Man #261,Iron Man,261,8/28/1990,11,11,,1,0,0,0,1,,Print,,,,,,,,,,,,,1,1,,
Marvel Comics,Iron Man (Vol. 1) (1968 - 1996),1,Iron Man #262,Iron Man,262,9/25/1990,11,11,,1,0,0,0,1,,Print,,,,,,,,,,,,,1,1,,
Marvel Comics,Iron Man (Vol. 1) (1968 - 1996),1,Iron Man #263,Iron Man,263,10/23/1990,11,11,,1,0,0,0,1,,Print,,,,,,,,,,,,,1,1,,
Marvel Comics,Iron Man (Vol. 1) (1968 - 1996),1,Iron Man #264,Iron Man,264,11/27/1990,11,11,,1,0,0,0,1,,Print,,,,,,,,,,,,,1,1,,
Marvel Comics,Iron Man (Vol. 1) (1968 - 1996),1,Iron Man #265,Iron Man,265,12/25/1990,11,11,,1,0,0,0,1,,Print,,,,,,,,,,,,,1,1,,
Marvel Comics,Iron Man (Vol. 1) (1968 - 1996),1,Iron Man #266,Iron Man,266,1/22/1991,11,11,,1,0,0,0,1,,Print,,,,,,,,,,,,,1,1,,
Marvel Comics,Iron Man (Vol. 1) (1968 - 1996),1,Iron Man #267,Iron Man,267,2/26/1991,11,11,,1,0,0,0,1,,Print,,,,,,,,,,,,,1,1,,
Marvel Comics,Iron Man (Vol. 1) (1968 - 1996),1,Iron Man #268,Iron Man,268,3/26/1991,11,11,,1,0,0,0,1,,Print,,,,,,,,,,,,,1,1,,
Marvel Comics,Iron Man (Vol. 1) (1968 - 1996),1,Iron Man #269,Iron Man,269,4/23/1991,11,11,,1,0,0,0,1,,Print,,,,,,,,,,,,,1,1,,
Marvel Comics,Iron Man (Vol. 1) (1968 - 1996),1,Iron Man #270,Iron Man,270,5/28/1991,11,11,,1,0,0,0,1,,Print,,,,,,,,,,,,,1,1,,
Marvel Comics,Iron Man (Vol. 1) (1968 - 1996),1,Iron Man #271,Iron Man,271,6/25/1991,11,11,,1,0,0,0,1,,Print,,,,,,,,,,,,,1,1,,
Marvel Comics,Iron Man (Vol. 1) (1968 - 1996),1,Iron Man #272,Iron Man,272,7/23/1991,11,11,,1,0,0,0,1,,Print,,,,,,,,,,,,,1,1,,
Marvel Comics,Iron Man (Vol. 1) (1968 - 1996),1,Iron Man #273,Iron Man,273,8/27/1991,11,11,,1,0,0,0,1,,Print,,,,,,,,,,,,,1,1,,
Marvel Comics,Iron Man (Vol. 1) (1968 - 1996),1,Iron Man #274,Iron Man,274,9/24/1991,11,11,,1,0,0,0,1,,Print,,,,,,,,,,,,,1,1,,
Marvel Comics,Iron Man (Vol. 1) (1968 - 1996),1,Iron Man #275,Iron Man,275,10/22/1991,11,11,,1,0,0,0,1,,Print,,,,,,,,,,,,,1,1,,
Marvel Comics,Iron Man (Vol. 1) (1968 - 1996),1,Iron Man #276,Iron Man,276,11/26/1991,11,11,,1,0,0,0,1,,Print,,,,,,,,,,,,,1,1,,
Marvel Comics,Iron Man (Vol. 1) (1968 - 1996),1,Iron Man #278,Iron Man,278,1/28/1992,9,9,Operation Galactic Storm,1,0,0,0,1,,Print,,,,,,,,,,,,,1,1,,
Marvel Comics,Iron Man (Vol. 1) (1968 - 1996),1,Iron Man #279,Iron Man,279,2/25/1992,9,9,Operation Galactic Storm,1,0,0,0,1,,Print,,,,,,,,,,,,,1,1,,
Marvel Comics,Iron Man (Vol. 1) (1968 - 1996),1,Iron Man #280,Iron Man,280,3/31/1992,11,11,,1,0,0,0,1,,Print,,,,,,,,,,,,,1,1,,
Marvel Comics,Iron Man (Vol. 1) (1968 - 1996),1,Iron Man #290,Iron Man,290,1/26/1993,11,11,,1,0,0,0,1,,Print,,,,,,,,,,,,,1,1,,
Marvel Comics,Iron Man (Vol. 1) (1968 - 1996),1,Iron Man #294,Iron Man,294,5/25/1993,,2,The Infinity Crusade,0,1,0,0,0,,Print,,,,,,,,,,,,,1,0,,
Marvel Comics,Iron Man (Vol. 1) (1968 - 1996),1,Iron Man #295,Iron Man,295,6/29/1993,,2,The Infinity Crusade,0,1,0,0,0,,Print,,,,,,,,,,,,,1,0,,
Marvel Comics,Iron Man (Vol. 1) (1968 - 1996),1,Iron Man #300,Iron Man,300,11/30/1993,11,11,,1,0,0,0,1,,Print,,,,,,,,,,,,,1,1,,
Marvel Comics,Iron Man (Vol. 1) (1968 - 1996),1,Iron Man #327,Iron Man,327,3/7/1996,11,11,,1,0,0,0,1,,Print,,,,,,,,,,,,,1,1,,
Marvel Comics,Iron Man (Vol. 1) (1968 - 1996),1,Iron Man #328,Iron Man,328,4/10/1996,11,11,,1,0,0,0,1,,Print,,,,,,,,,,,,,1,1,,
Marvel Comics,Iron Man (Vol. 1) (1968 - 1996),1,Iron Man #329,Iron Man,329,5/8/1996,11,11,,1,0,0,0,1,,Print,,,,,,,,,,,,,1,1,,
Marvel Comics,Iron Man (Vol. 1) (1968 - 1996),1,Iron Man #330,Iron Man,330,5/30/1996,11,11,,1,0,0,0,1,,Print,,,,,,,,,,,,,1,1,,
Marvel Comics,Iron Man (Vol. 1) (1968 - 1996),1,Iron Man #331,Iron Man,331,6/19/1996,11,11,,1,0,0,0,1,,Print,,,,,,,,,,,,,1,1,,
Marvel Comics,Iron Man (Vol. 1) (1968 - 1996),1,Iron Man #332,Iron Man,332,8/7/1996,6,6,Onslaught,1,0,0,0,1,,Print,,,,,,,,,,,,,1,1,,
Marvel Comics,Iron Man (Vol. 2) (1996 - 1997),2,Iron Man #1,Iron Man,1,9/18/1996,13,13,Heroes Reborn,1,0,0,0,1,,Print,,,,,,,,,,,,,1,1,,
Marvel Comics,Iron Man (Vol. 2) (1996 - 1997),2,Iron Man #2,Iron Man,2,10/16/1996,13,13,Heroes Reborn,1,0,0,0,1,,Print,,,,,,,,,,,,,1,1,,
Marvel Comics,Iron Man (Vol. 2) (1996 - 1997),2,Iron Man #3,Iron Man,3,11/20/1996,13,13,Heroes Reborn,1,0,0,0,1,,Print,,,,,,,,,,,,,1,1,,
Marvel Comics,Iron Man (Vol. 2) (1996 - 1997),2,Iron Man #4,Iron Man,4,12/18/1996,,13,Heroes Reborn,0,1,0,0,0,,Print,,,,,,,,,,,,,1,0,,
Marvel Comics,Iron Man (Vol. 2) (1996 - 1997),2,Iron Man #5,Iron Man,5,1/15/1997,,13,Heroes Reborn,0,1,0,0,0,,Print,,,,,,,,,,,,,1,0,,
Marvel Comics,Iron Man (Vol. 2) (1996 - 1997),2,Iron Man #6,Iron Man,6,2/26/1997,,13,Heroes Reborn,0,1,0,0,0,,Print,,,,,,,,,,,,,1,0,,
Marvel Comics,Iron Man (Vol. 2) (1996 - 1997),2,Iron Man #7,Iron Man,7,3/26/1997,,13,Heroes Reborn,0,1,0,0,0,,Print,,,,,,,,,,,,,1,0,,
Marvel Comics,Iron Man (Vol. 2) (1996 - 1997),2,Iron Man #8,Iron Man,8,4/30/1997,,13,Heroes Reborn,0,1,0,0,0,,Print,,,,,,,,,,,,,1,0,,
Marvel Comics,Iron Man (Vol. 2) (1996 - 1997),2,Iron Man #9,Iron Man,9,5/29/1997,,13,Heroes Reborn,0,1,0,0,0,,Print,,,,,,,,,,,,,1,0,,
Marvel Comics,Iron Man (Vol. 2) (1996 - 1997),2,Iron Man #10,Iron Man,10,6/25/1997,,13,Heroes Reborn,0,1,0,0,0,,Print,,,,,,,,,,,,,1,0,,
Marvel Comics,Iron Man (Vol. 2) (1996 - 1997),2,Iron Man #11,Iron Man,11,8/6/1997,,13,Heroes Reborn,0,1,0,0,0,,Print,,,,,,,,,,,,,1,0,,
Marvel Comics,Iron Man (Vol. 2) (1996 - 1997),2,Iron Man #12,Iron Man,12,9/3/1997,,13,Heroes Reborn,0,1,0,0,0,,Print,,,,,,,,,,,,,1,0,,
Marvel Comics,Iron Man (Vol. 2) (1996 - 1997),2,Iron Man #13,Iron Man,13,10/1/1997,,13,Heroes Reborn,0,1,0,0,0,,Print,,,,,,,,,,,,,1,0,,
Marvel Comics,Iron Man: The Legend (1996),1,Iron Man: The Legend #1,Iron Man: The Legend,1,9/1/1996,11,11,,1,0,0,0,1,,Print,,,,,,,,,,,,,1,1,,
Marvel Comics,Journey Into Mystery (Vol. 3) (1996 - 1998),3,Journey Into Mystery #503,Journey Into Mystery,503,9/11/1996,8,8,,1,0,0,0,1,,Print,,,,,,,,,,,,,1,1,,
Marvel Comics,Krull (Vol. 1) (1983),1,Krull #1,Krull,1,11/1/1983,,17,,1,0,0,0,1,,Print,,,,,,,,,,,,,1,1,,https://drive.google.com/file/d/1FR05I7YKasFY6BcmZTcq9Gckm5mQ4UYO/view?usp=drive_link
Marvel Comics,Krull (Vol. 1) (1983),1,Krull #2,Krull,2,12/1/1983,,17,,1,0,0,0,1,,Print,,,,,,,,,,,,,1,1,,https://drive.google.com/file/d/1SM-Q3WwolTfEwAGg2_Cf9cCurkLBEsO7/view?usp=drive_link
Marvel Comics,Logan: Path of the Warlord (1996),1,Logan: Path of the Warlord #1,Logan: Path of the Warlord,1,12/28/1995,5,5,,1,0,0,0,1,,Print,,,,,,,,,,,,,1,1,,
Marvel Comics,Magneto (Vol. 1) (1996 - 1997),1,Magneto #1,Magneto,1,9/25/1996,15,15,,1,0,0,0,1,,Print,,,,,,,,,,,,,1,1,,https://drive.google.com/file/d/1gOXgHrcWsY8eQ4m2Q-YaAi6uVlpwuZ1n/view?usp=drive_link
Marvel Comics,Magneto (Vol. 1) (1996 - 1997),1,Magneto #2,Magneto,2,12/1/1996,15,15,,1,0,0,0,1,,Print,,,,,,,,,,,,,1,1,,https://drive.google.com/file/d/1oOhVYqkRmvND1mZffkuixyofUCcdk5s3/view?usp=drive_link
Marvel Comics,Magneto (Vol. 1) (1996 - 1997),1,Magneto #3,Magneto,3,1/1/1997,,,,0,1,0,0,0,,Print,,,,,,,,,,,,,1,0,,
Marvel Comics,Magneto (Vol. 1) (1996 - 1997),1,Magneto #4,Magneto,4,2/1/1997,,,,0,1,0,0,0,,Print,,,,,,,,,,,,,1,0,,
Marvel Comics,Marc Spector: Moon Knight (1989 - 1994),1,Marc Spector: Moon Knight #8,Marc Spector: Moon Knight,8,9/26/1989,,14,Acts of Vengeance,0,1,0,0,0,,Print,,,,,,,,,,,,,1,0,,
Marvel Comics,Marc Spector: Moon Knight (1989 - 1994),1,Marc Spector: Moon Knight #9,Marc Spector: Moon Knight,9,10/24/1989,,14,Acts of Vengeance,0,1,0,0,0,,Print,,,,,,,,,,,,,1,0,,
Marvel Comics,Marc Spector: Moon Knight (1989 - 1994),1,Marc Spector: Moon Knight #10,Marc Spector: Moon Knight,10,11/28/1989,,14,Acts of Vengeance,0,1,0,0,0,,Print,,,,,,,,,,,,,1,0,,
Marvel Comics,Marc Spector: Moon Knight (1989 - 1994),1,Marc Spector: Moon Knight #41,Marc Spector: Moon Knight,41,6/30/1992,,2,The Infinity War,0,1,0,0,0,,Print,,,,,,,,,,,,,1,0,,
Marvel Comics,Marc Spector: Moon Knight (1989 - 1994),1,Marc Spector: Moon Knight #42,Marc Spector: Moon Knight,42,7/28/1992,,2,The Infinity War,0,1,0,0,0,,Print,,,,,,,,,,,,,1,0,,
Marvel Comics,Marc Spector: Moon Knight (1989 - 1994),1,Marc Spector: Moon Knight #43,Marc Spector: Moon Knight,43,8/25/1992,,2,The Infinity War,0,1,0,0,0,,Print,,,,,,,,,,,,,1,0,,
Marvel Comics,Marc Spector: Moon Knight (1989 - 1994),1,Marc Spector: Moon Knight #44,Marc Spector: Moon Knight,44,9/29/1992,,2,The Infinity War,0,1,0,0,0,,Print,,,,,,,,,,,,,1,0,,
Marvel Comics,Marc Spector: Moon Knight (1989 - 1994),1,Marc Spector: Moon Knight #57,Marc Spector: Moon Knight,57,10/26/1993,,2,The Infinity Crusade,0,1,0,0,0,,Print,,,,,,,,,,,,,1,0,,
Marvel Comics,Marvel Action Universe (1989),1,Marvel Action Universe #1,Marvel Action Universe,1,9/6/1988,15,15,,1,0,0,0,1,,Print,,,,,,,,,,,,,1,1,,https://drive.google.com/file/d/1oFymIecTQe-K4ZKzaoQuQmkl2Sj6nnpA/view?usp=drive_link
Marvel Comics,Marvel Age (Vol. 1) (1983 - 1994),1,Marvel Age #70,Marvel Age,70,9/20/1988,9,9,,1,0,0,0,1,,Print,,,,,,,,,,,,,1,1,,
Marvel Comics,Marvel Age (Vol. 1) (1983 - 1994),1,Marvel Age #86,Marvel Age,86,1/20/1990,9,9,,1,0,0,0,1,,Print,,,,,,,,,,,,,1,1,,
Marvel Comics,Marvel Age (Vol. 1) (1983 - 1994),1,Marvel Age #87,Marvel Age,87,2/20/1990,9,9,,1,0,0,0,1,,Print,,,,,,,,,,,,,1,1,,
Marvel Comics,Marvel Age (Vol. 1) (1983 - 1994),1,Marvel Age #90,Marvel Age,90,7/1/1990,9,9,,1,0,0,0,1,,Print,,,,,,,,,,,,,1,1,,
Marvel Comics,Marvel Age (Vol. 1) (1983 - 1994),1,Marvel Age #116,Marvel Age,116,9/1/1992,9,9,,1,0,0,0,1,,Print,,,,,,,,,,,,,1,1,,
Marvel Comics,Marvel Age (Vol. 1) (1983 - 1994),1,Marvel Age #118,Marvel Age,118,11/1/1992,9,9,,1,0,0,0,1,,Print,,,,,,,,,,,,,1,1,,
Marvel Comics,Marvel Age (Vol. 1) (1983 - 1994),1,Marvel Age #120,Marvel Age,120,1/1/1993,9,9,,1,0,0,0,1,,Print,,,,,,,,,,,,,1,1,,
Marvel Comics,Marvel Age (Vol. 1) (1983 - 1994),1,Marvel Age #123,Marvel Age,123,2/1/1993,9,9,,1,0,0,0,1,,Print,,,,,,,,,,,,,1,1,,
Marvel Comics,Marvel Age (Vol. 1) (1983 - 1994),1,Marvel Age #124,Marvel Age,124,3/1/1993,9,9,,1,0,0,0,1,,Print,,,,,,,,,,,,,1,1,,
Marvel Comics,Marvel Age (Vol. 1) (1983 - 1994),1,Marvel Age #125,Marvel Age,125,4/20/1993,9,9,,1,0,0,0,1,,Print,,,,,,,,,,,,,1,1,,
Marvel Comics,Marvel Age (Vol. 1) (1983 - 1994),1,Marvel Age #131,Marvel Age,131,12/1/1993,9,9,,1,0,0,0,1,,Print,,,,,,,,,,,,,1,1,,
Marvel Comics,Marvel Comics Presents (Vol. 1) (1988 - 1995),1,Marvel Comics Presents #1,Marvel Comics Presents,1,5/3/1988,2,2,Save the Tiger,1,0,0,0,1,,Print,,,,,,,,,,,,,1,1,Save the Tiger,
Marvel Comics,Marvel Comics Presents (Vol. 1) (1988 - 1995),1,Marvel Comics Presents #2,Marvel Comics Presents,2,5/17/1988,2,2,Save the Tiger,1,0,0,0,1,,Print,,,,,,,,,,,,,1,1,Save the Tiger,
Marvel Comics,Marvel Comics Presents (Vol. 1) (1988 - 1995),1,Marvel Comics Presents #3,Marvel Comics Presents,3,5/31/1988,2,2,Save the Tiger,1,0,0,0,1,,Print,,,,,,,,,,,,,1,1,Save the Tiger,
Marvel Comics,Marvel Comics Presents (Vol. 1) (1988 - 1995),1,Marvel Comics Presents #4,Marvel Comics Presents,4,6/14/1988,2,2,Save the Tiger,1,0,0,0,1,,Print,,,,,,,,,,,,,1,1,Save the Tiger,
Marvel Comics,Marvel Comics Presents (Vol. 1) (1988 - 1995),1,Marvel Comics Presents #5,Marvel Comics Presents,5,6/28/1988,2,2,Save the Tiger,1,0,0,0,1,,Print,,,,,,,,,,,,,1,1,Save the Tiger,
Marvel Comics,Marvel Comics Presents (Vol. 1) (1988 - 1995),1,Marvel Comics Presents #6,Marvel Comics Presents,6,7/12/1988,2,2,Save the Tiger,1,0,0,0,1,,Print,,,,,,,,,,,,,1,1,Save the Tiger,
Marvel Comics,Marvel Comics Presents (Vol. 1) (1988 - 1995),1,Marvel Comics Presents #7,Marvel Comics Presents,7,7/26/1988,2,2,Save the Tiger,1,0,0,0,1,,Print,,,,,,,,,,,,,1,1,Save the Tiger,
Marvel Comics,Marvel Comics Presents (Vol. 1) (1988 - 1995),1,Marvel Comics Presents #8,Marvel Comics Presents,8,8/9/1988,2,2,Save the Tiger,1,0,0,0,1,,Print,,,,,,,,,,,,,1,1,Save the Tiger,
Marvel Comics,Marvel Comics Presents (Vol. 1) (1988 - 1995),1,Marvel Comics Presents #9,Marvel Comics Presents,9,8/23/1988,2,2,Save the Tiger,1,0,0,0,1,,Print,,,,,,,,,,,,,1,1,Save the Tiger,
Marvel Comics,Marvel Comics Presents (Vol. 1) (1988 - 1995),1,Marvel Comics Presents #10,Marvel Comics Presents,10,9/6/1988,2,2,Save the Tiger,1,0,0,0,1,,Print,,,,,,,,,,,,,1,1,Save the Tiger,
Marvel Comics,Marvel Comics Presents (Vol. 1) (1988 - 1995),1,Marvel Comics Presents #11,Marvel Comics Presents,11,9/20/1988,2,2,,1,0,0,0,1,,Print,,,,,,,,,,,,,1,1,,
Marvel Comics,Marvel Comics Presents (Vol. 1) (1988 - 1995),1,Marvel Comics Presents #12,Marvel Comics Presents,12,10/4/1988,2,2,,1,0,0,0,1,,Print,,,,,,,,,,,,,1,1,,
Marvel Comics,Marvel Comics Presents (Vol. 1) (1988 - 1995),1,Marvel Comics Presents #13,Marvel Comics Presents,13,10/18/1988,2,2,,1,0,0,0,1,,Print,,,,,,,,,,,,,1,1,,
Marvel Comics,Marvel Comics Presents (Vol. 1) (1988 - 1995),1,Marvel Comics Presents #14,Marvel Comics Presents,14,11/1/1988,2,2,,1,0,0,0,1,,Print,,,,,,,,,,,,,1,1,,
Marvel Comics,Marvel Comics Presents (Vol. 1) (1988 - 1995),1,Marvel Comics Presents #15,Marvel Comics Presents,15,11/15/1988,2,2,,1,0,0,0,1,,Print,,,,,,,,,,,,,1,1,,
Marvel Comics,Marvel Comics Presents (Vol. 1) (1988 - 1995),1,Marvel Comics Presents #16,Marvel Comics Presents,16,11/29/1988,2,2,,1,0,0,0,1,,Print,,,,,,,,,,,,,1,1,,
Marvel Comics,Marvel Comics Presents (Vol. 1) (1988 - 1995),1,Marvel Comics Presents #17,Marvel Comics Presents,17,12/13/1988,2,2,,1,0,0,0,1,,Print,,,,,,,,,,,,,1,1,,
Marvel Comics,Marvel Comics Presents (Vol. 1) (1988 - 1995),1,Marvel Comics Presents #18,Marvel Comics Presents,18,12/27/1988,2,2,,1,0,0,0,1,,Print,,,,,,,,,,,,,1,1,,
Marvel Comics,Marvel Comics Presents (Vol. 1) (1988 - 1995),1,Marvel Comics Presents #19,Marvel Comics Presents,19,1/10/1989,2,2,,1,0,0,0,1,,Print,,,,,,,,,,,,,1,1,,
Marvel Comics,Marvel Comics Presents (Vol. 1) (1988 - 1995),1,Marvel Comics Presents #20,Marvel Comics Presents,20,1/24/1989,2,2,,1,0,0,0,1,,Print,,,,,,,,,,,,,1,1,,
Marvel Comics,Marvel Comics Presents (Vol. 1) (1988 - 1995),1,Marvel Comics Presents #21,Marvel Comics Presents,21,2/7/1989,2,2,,1,0,0,0,1,,Print,,,,,,,,,,,,,1,1,,
Marvel Comics,Marvel Comics Presents (Vol. 1) (1988 - 1995),1,Marvel Comics Presents #22,Marvel Comics Presents,22,2/21/1989,2,2,,1,0,0,0,1,,Print,,,,,,,,,,,,,1,1,,
Marvel Comics,Marvel Comics Presents (Vol. 1) (1988 - 1995),1,Marvel Comics Presents #23,Marvel Comics Presents,23,3/7/1989,2,2,,1,0,0,0,1,,Print,,,,,,,,,,,,,1,1,,
Marvel Comics,Marvel Comics Presents (Vol. 1) (1988 - 1995),1,Marvel Comics Presents #24,Marvel Comics Presents,24,3/21/1989,2,2,,1,0,0,0,1,,Print,,,,,,,,,,,,,1,1,,
Marvel Comics,Marvel Comics Presents (Vol. 1) (1988 - 1995),1,Marvel Comics Presents #25,Marvel Comics Presents,25,4/4/1989,2,2,,1,0,0,0,1,,Print,,,,,,,,,,,,,1,1,,
Marvel Comics,Marvel Comics Presents (Vol. 1) (1988 - 1995),1,Marvel Comics Presents #26,Marvel Comics Presents,26,4/18/1989,2,2,,1,0,0,0,1,,Print,,,,,,,,,,,,,1,1,,
Marvel Comics,Marvel Comics Presents (Vol. 1) (1988 - 1995),1,Marvel Comics Presents #27,Marvel Comics Presents,27,5/2/1989,2,2,,1,0,0,0,1,,Print,,,,,,,,,,,,,1,1,,
Marvel Comics,Marvel Comics Presents (Vol. 1) (1988 - 1995),1,Marvel Comics Presents #28,Marvel Comics Presents,28,5/16/1989,2,2,,1,0,0,0,1,,Print,,,,,,,,,,,,,1,1,,
Marvel Comics,Marvel Comics Presents (Vol. 1) (1988 - 1995),1,Marvel Comics Presents #29,Marvel Comics Presents,29,5/30/1989,2,2,,1,0,0,0,1,,Print,,,,,,,,,,,,,1,1,,
Marvel Comics,Marvel Comics Presents (Vol. 1) (1988 - 1995),1,Marvel Comics Presents #30,Marvel Comics Presents,30,6/13/1989,2,2,,1,0,0,0,1,,Print,,,,,,,,,,,,,1,1,,
Marvel Comics,Marvel Comics Presents (Vol. 1) (1988 - 1995),1,Marvel Comics Presents #31,Marvel Comics Presents,31,6/27/1989,2,2,,1,0,0,0,1,,Print,,,,,,,,,,,,,1,1,,
Marvel Comics,Marvel Comics Presents (Vol. 1) (1988 - 1995),1,Marvel Comics Presents #32,Marvel Comics Presents,32,7/11/1989,2,2,,1,0,0,0,1,,Print,,,,,,,,,,,,,1,1,,
Marvel Comics,Marvel Comics Presents (Vol. 1) (1988 - 1995),1,Marvel Comics Presents #33,Marvel Comics Presents,33,7/25/1989,2,2,,1,0,0,0,1,,Print,,,,,,,,,,,,,1,1,,
Marvel Comics,Marvel Comics Presents (Vol. 1) (1988 - 1995),1,Marvel Comics Presents #34,Marvel Comics Presents,34,8/9/1989,2,2,,1,0,0,0,1,,Print,,,,,,,,,,,,,1,1,,
Marvel Comics,Marvel Comics Presents (Vol. 1) (1988 - 1995),1,Marvel Comics Presents #35,Marvel Comics Presents,35,8/22/1989,2,2,,1,0,0,0,1,,Print,,,,,,,,,,,,,1,1,,
Marvel Comics,Marvel Comics Presents (Vol. 1) (1988 - 1995),1,Marvel Comics Presents #36,Marvel Comics Presents,36,9/5/1989,2,2,,1,0,0,0,1,,Print,,,,,,,,,,,,,1,1,,
Marvel Comics,Marvel Comics Presents (Vol. 1) (1988 - 1995),1,Marvel Comics Presents #37,Marvel Comics Presents,37,9/19/1989,2,2,,1,0,0,0,1,,Print,,,,,,,,,,,,,1,1,,
Marvel Comics,Marvel Comics Presents (Vol. 1) (1988 - 1995),1,Marvel Comics Presents #38,Marvel Comics Presents,38,10/3/1989,15,15,,1,0,0,0,1,,Print,,,,,,,,,,,,,1,1,,https://drive.google.com/file/d/1Bqb-e7b3MEKL17UUjb6XVwSNztS2ZMA_/view?usp=drive_link
Marvel Comics,Marvel Comics Presents (Vol. 1) (1988 - 1995),1,Marvel Comics Presents #39,Marvel Comics Presents,39,10/17/1989,15,15,,1,0,0,0,1,,Print,,,,,,,,,,,,,1,1,,https://drive.google.com/file/d/1u_rupBKWd0rj_2HUmzYdaFJJ5TFjQAnp/view?usp=drive_link
Marvel Comics,Marvel Comics Presents (Vol. 1) (1988 - 1995),1,Marvel Comics Presents #40,Marvel Comics Presents,40,10/31/1989,15,15,,1,0,0,0,1,,Print,,,,,,,,,,,,,1,1,,https://drive.google.com/file/d/1e-GdanDD0yyhFh3Qv9i9I1IV6DiyGghd/view?usp=drive_link
Marvel Comics,Marvel Comics Presents (Vol. 1) (1988 - 1995),1,Marvel Comics Presents #41,Marvel Comics Presents,41,11/14/1989,15,15,,1,0,0,0,1,,Print,,,,,,,,,,,,,1,1,,https://drive.google.com/file/d/1wAnG2k7n3mFoEk2ySjcynawIBELff2Im/view?usp=drive_link
Marvel Comics,Marvel Comics Presents (Vol. 1) (1988 - 1995),1,Marvel Comics Presents #42,Marvel Comics Presents,42,11/28/1989,15,15,,1,0,0,0,1,,Print,,,,,,,,,,,,,1,1,,https://drive.google.com/file/d/1iIMfIetlpKa3OwLmmreJV3LEdRhhLehc/view?usp=drive_link
Marvel Comics,Marvel Comics Presents (Vol. 1) (1988 - 1995),1,Marvel Comics Presents #43,Marvel Comics Presents,43,12/12/1989,15,15,,1,0,0,0,1,,Print,,,,,,,,,,,,,1,1,,https://drive.google.com/file/d/1qHZXdxpoyndOWTGplQXkQmwWKirLO6v9/view?usp=drive_link
Marvel Comics,Marvel Comics Presents (Vol. 1) (1988 - 1995),1,Marvel Comics Presents #44,Marvel Comics Presents,44,12/26/1989,15,15,,1,0,0,0,1,,Print,,,,,,,,,,,,,1,1,,https://drive.google.com/file/d/1oaPWTB0Uz6BeucCf5SfHTbVrHVHEe1Km/view?usp=drive_link
Marvel Comics,Marvel Comics Presents (Vol. 1) (1988 - 1995),1,Marvel Comics Presents #45,Marvel Comics Presents,45,1/9/1990,15,15,,1,0,0,0,1,,Print,,,,,,,,,,,,,1,1,,https://drive.google.com/file/d/1IeNYR490WD5l9khaAHMq_yqZxZO7kP9A/view?usp=drive_link
Marvel Comics,Marvel Comics Presents (Vol. 1) (1988 - 1995),1,Marvel Comics Presents #46,Marvel Comics Presents,46,1/23/1990,15,15,,1,0,0,0,1,,Print,,,,,,,,,,,,,1,1,,https://drive.google.com/file/d/1qNyzgT1oaeVJdRmgughLiAYuUMd1_MPs/view?usp=drive_link
Marvel Comics,Marvel Comics Presents (Vol. 1) (1988 - 1995),1,Marvel Comics Presents #72,Marvel Comics Presents,72,1/24/1991,,15,Weapon X,0,1,0,0,0,,Print,,,,,,,,,,,,,1,0,Weapon X,
Marvel Comics,Marvel Comics Presents (Vol. 1) (1988 - 1995),1,Marvel Comics Presents #73,Marvel Comics Presents,73,2/5/1991,,15,Weapon X,0,1,0,0,0,,Print,,,,,,,,,,,,,1,0,Weapon X,
Marvel Comics,Marvel Comics Presents (Vol. 1) (1988 - 1995),1,Marvel Comics Presents #74,Marvel Comics Presents,74,2/19/1991,15,15,Weapon X,1,0,0,0,1,,Print,,,,,,,,,,,,,1,1,Weapon X,https://drive.google.com/file/d/15YDK8e63TRe6mMmwMVHsPGFN815U37wO/view?usp=drive_link
Marvel Comics,Marvel Comics Presents (Vol. 1) (1988 - 1995),1,Marvel Comics Presents #75,Marvel Comics Presents,75,3/5/1991,15,15,Weapon X,1,0,0,0,1,,Print,,,,,,,,,,,,,1,1,Weapon X,https://drive.google.com/file/d/1mMMlVsjcuxJ6ji3ah2T2esobaxwpefb_/view?usp=drive_link
Marvel Comics,Marvel Comics Presents (Vol. 1) (1988 - 1995),1,Marvel Comics Presents #76,Marvel Comics Presents,76,3/19/1991,15,15,Weapon X,1,0,0,0,1,,Print,,,,,,,,,,,,,1,1,Weapon X,https://drive.google.com/file/d/1sW5WbIllWZE_m-l97dbequcFopN4BvRF/view?usp=drive_link
Marvel Comics,Marvel Comics Presents (Vol. 1) (1988 - 1995),1,Marvel Comics Presents #77,Marvel Comics Presents,77,4/2/1991,,15,Weapon X,0,1,0,0,0,,Print,,,,,,,,,,,,,1,0,Weapon X,
Marvel Comics,Marvel Comics Presents (Vol. 1) (1988 - 1995),1,Marvel Comics Presents #78,Marvel Comics Presents,78,4/16/1991,,15,Weapon X,0,1,0,0,0,,Print,,,,,,,,,,,,,1,0,Weapon X,
Marvel Comics,Marvel Comics Presents (Vol. 1) (1988 - 1995),1,Marvel Comics Presents #79,Marvel Comics Presents,79,4/30/1991,,15,Weapon X,0,1,0,0,0,,Print,,,,,,,,,,,,,1,0,Weapon X,
Marvel Comics,Marvel Comics Presents (Vol. 1) (1988 - 1995),1,Marvel Comics Presents #80,Marvel Comics Presents,80,5/14/1991,,15,Weapon X,0,1,0,0,0,,Print,,,,,,,,,,,,,1,0,Weapon X,
Marvel Comics,Marvel Comics Presents (Vol. 1) (1988 - 1995),1,Marvel Comics Presents #81,Marvel Comics Presents,81,5/28/1991,15,15,Weapon X,1,0,0,0,1,,Print,,,,,,,,,,,,,1,1,Weapon X,https://drive.google.com/file/d/1URZToaKhU6zUlqut_lCL2UJYouSvfn77/view?usp=drive_link
Marvel Comics,Marvel Comics Presents (Vol. 1) (1988 - 1995),1,Marvel Comics Presents #82,Marvel Comics Presents,82,6/11/1991,,15,Weapon X,0,1,0,0,0,,Print,,,,,,,,,,,,,1,0,Weapon X,
Marvel Comics,Marvel Comics Presents (Vol. 1) (1988 - 1995),1,Marvel Comics Presents #83,Marvel Comics Presents,83,6/25/1991,15,15,Weapon X,1,0,0,0,1,,Print,,,,,,,,,,,,,1,1,Weapon X,https://drive.google.com/file/d/1Qg9dBaLrt7Bhma3W45LcjKxrigXHGAFL/view?usp=drive_link
Marvel Comics,Marvel Comics Presents (Vol. 1) (1988 - 1995),1,Marvel Comics Presents #84,Marvel Comics Presents,84,7/9/1991,,15,Weapon X,0,1,0,0,0,,Print,,,,,,,,,,,,,1,0,Weapon X,
Marvel Comics,Marvel Comics Presents (Vol. 1) (1988 - 1995),1,Marvel Comics Presents #85,Marvel Comics Presents,85,7/23/1991,,15,,0,1,0,0,0,,Print,,,,,,,,,,,,,1,0,,
Marvel Comics,Marvel Comics Presents (Vol. 1) (1988 - 1995),1,Marvel Comics Presents #86,Marvel Comics Presents,86,8/6/1991,,15,,0,1,0,0,0,,Print,,,,,,,,,,,,,1,0,,
Marvel Comics,Marvel Comics Presents (Vol. 1) (1988 - 1995),1,Marvel Comics Presents #87,Marvel Comics Presents,87,8/20/1991,15,15,,1,0,0,0,1,,Print,,,,,,,,,,,,,1,1,,https://drive.google.com/file/d/1JTqtORKaCiOvHrVjE6NpL3UfGd3gl9QU/view?usp=drive_link
Marvel Comics,Marvel Comics Presents (Vol. 1) (1988 - 1995),1,Marvel Comics Presents #88,Marvel Comics Presents,88,9/3/1991,,15,,0,1,0,0,0,,Print,,,,,,,,,,,,,1,0,,
Marvel Comics,Marvel Comics Presents (Vol. 1) (1988 - 1995),1,Marvel Comics Presents #89,Marvel Comics Presents,89,9/17/1991,,15,,0,1,0,0,0,,Print,,,,,,,,,,,,,1,0,,
Marvel Comics,Marvel Comics Presents (Vol. 1) (1988 - 1995),1,Marvel Comics Presents #99,Marvel Comics Presents,99,2/4/1992,15,15,,1,0,0,0,1,,Print,,,,,,,,,,,,,1,1,,https://drive.google.com/file/d/14JVBlIHYf8ZqykJEyU4sueyDiQ5HDes_/view?usp=drive_link
Marvel Comics,Marvel Comics Presents (Vol. 1) (1988 - 1995),1,Marvel Comics Presents #100,Marvel Comics Presents,100,2/18/1992,15,15,,1,0,0,0,1,,Print,,,,,,,,,,,,,1,1,,https://drive.google.com/file/d/10rigfs177u191uv47Xp0iH_9JLpBNeN5/view?usp=drive_link
Marvel Comics,Marvel Comics Presents (Vol. 1) (1988 - 1995),1,Marvel Comics Presents #104,Marvel Comics Presents,104,4/14/1992,15,15,,1,0,0,0,1,,Print,,,,,,,,,,,,,1,1,,https://drive.google.com/file/d/11K1_79r8Ry6Ps3lwwfxNSZgph6gOpOhH/view?usp=drive_link
Marvel Comics,Marvel Comics Presents (Vol. 1) (1988 - 1995),1,Marvel Comics Presents #108,Marvel Comics Presents,108,6/9/1992,,2,The Infinity War,0,1,0,0,0,,Print,,,,,,,,,,,,,1,0,,
Marvel Comics,Marvel Comics Presents (Vol. 1) (1988 - 1995),1,Marvel Comics Presents #109,Marvel Comics Presents,109,6/23/1992,,2,The Infinity War,0,1,0,0,0,,Print,,,,,,,,,,,,,1,0,,
Marvel Comics,Marvel Comics Presents (Vol. 1) (1988 - 1995),1,Marvel Comics Presents #110,Marvel Comics Presents,110,7/7/1992,,2,The Infinity War,0,1,0,0,0,,Print,,,,,,,,,,,,,1,0,,
Marvel Comics,Marvel Comics Presents (Vol. 1) (1988 - 1995),1,Marvel Comics Presents #111,Marvel Comics Presents,111,7/21/1992,,2,The Infinity War,0,1,0,0,0,,Print,,,,,,,,,,,,,1,0,,
Marvel Comics,Marvel Fanfare (Vol. 2) (1996 - 1997),2,Marvel Fanfare #1,Marvel Fanfare,1,7/24/1996,,11,,0,1,0,0,0,,Print,,,,,,,,,,,,,1,0,,
Marvel Comics,Marvel Fanfare (Vol. 2) (1996 - 1997),2,Marvel Fanfare #2,Marvel Fanfare,2,8/28/1996,,11,,0,1,0,0,0,,Print,,,,,,,,,,,,,1,0,,
Marvel Comics,Marvel Fanfare (Vol. 2) (1996 - 1997),2,Marvel Fanfare #3,Marvel Fanfare,3,9/25/1996,,11,,0,1,0,0,0,,Print,,,,,,,,,,,,,1,0,,
Marvel Comics,Marvel Fanfare (Vol. 2) (1996 - 1997),2,Marvel Fanfare #4,Marvel Fanfare,4,10/23/1996,,11,,0,1,0,0,0,,Print,,,,,,,,,,,,,1,0,,
Marvel Comics,Marvel Fanfare (Vol. 2) (1996 - 1997),2,Marvel Fanfare #5,Marvel Fanfare,5,11/27/1996,11,11,,1,0,0,0,1,,Print,,,,,,,,,,,,,1,1,,
Marvel Comics,Marvel Fanfare (Vol. 2) (1996 - 1997),2,Marvel Fanfare #6,Marvel Fanfare,6,12/26/1996,,11,,0,1,0,0,0,,Print,,,,,,,,,,,,,1,0,,
Marvel Comics,Marvel Super Hero Contest of Champions (1982),1,Marvel Super Hero Contest of Champions #1,Marvel Super Hero Contest of Champions,1,3/9/1982,11,11,,1,0,0,0,1,,Print,,,,,,,,,,,,,1,1,,
Marvel Comics,Marvel Super Hero Contest of Champions (1982),1,Marvel Super Hero Contest of Champions #2,Marvel Super Hero Contest of Champions,2,4/6/1982,11,11,,1,0,0,0,1,,Print,,,,,,,,,,,,,1,1,,
Marvel Comics,Marvel Super Hero Contest of Champions (1982),1,Marvel Super Hero Contest of Champions #3,Marvel Super Hero Contest of Champions,3,5/18/1982,11,11,,1,0,0,0,1,,Print,,,,,,,,,,,,,1,1,,
Marvel Comics,Marvel Super Heroes Secret Wars (1984),1,Marvel Super Heroes Secret Wars #1,Marvel Super Heroes Secret Wars,1,1/24/1984,,14,Secret Wars,0,1,0,0,0,,Print,,,,,,,,,,,,,1,0,,
Marvel Comics,Marvel Super Heroes Secret Wars (1984),1,Marvel Super Heroes Secret Wars #2,Marvel Super Heroes Secret Wars,2,2/28/1984,,14,Secret Wars,0,1,0,0,0,,Print,,,,,,,,,,,,,1,0,,
Marvel Comics,Marvel Super Heroes Secret Wars (1984),1,Marvel Super Heroes Secret Wars #3,Marvel Super Heroes Secret Wars,3,3/27/1984,,14,Secret Wars,0,1,0,0,0,,Print,,,,,,,,,,,,,1,0,,
Marvel Comics,Marvel Super Heroes Secret Wars (1984),1,Marvel Super Heroes Secret Wars #4,Marvel Super Heroes Secret Wars,4,4/24/1984,,14,Secret Wars,0,1,0,0,0,,Print,,,,,,,,,,,,,1,0,,
Marvel Comics,Marvel Super Heroes Secret Wars (1984),1,Marvel Super Heroes Secret Wars #5,Marvel Super Heroes Secret Wars,5,5/22/1984,14,14,Secret Wars,1,0,0,0,1,,Print,,,,,,,,,,,,,1,1,,
Marvel Comics,Marvel Super Heroes Secret Wars (1984),1,Marvel Super Heroes Secret Wars #6,Marvel Super Heroes Secret Wars,6,6/26/1984,,14,Secret Wars,0,1,0,0,0,,Print,,,,,,,,,,,,,1,0,,
Marvel Comics,Marvel Super Heroes Secret Wars (1984),1,Marvel Super Heroes Secret Wars #7,Marvel Super Heroes Secret Wars,7,7/24/1984,,14,Secret Wars,0,1,0,0,0,,Print,,,,,,,,,,,,,1,0,,
Marvel Comics,Marvel Super Heroes Secret Wars (1984),1,Marvel Super Heroes Secret Wars #8,Marvel Super Heroes Secret Wars,8,8/28/1984,,14,Secret Wars,0,1,0,0,0,,Print,,,,,,,,,,,,,1,0,,
Marvel Comics,Marvel Super Heroes Secret Wars (1984),1,Marvel Super Heroes Secret Wars #9,Marvel Super Heroes Secret Wars,9,9/25/1984,,14,Secret Wars,0,1,0,0,0,,Print,,,,,,,,,,,,,1,0,,
Marvel Comics,Marvel Super Heroes Secret Wars (1984),1,Marvel Super Heroes Secret Wars #10,Marvel Super Heroes Secret Wars,10,10/23/1984,,14,Secret Wars,0,1,0,0,0,,Print,,,,,,,,,,,,,1,0,,
Marvel Comics,Marvel Super Heroes Secret Wars (1984),1,Marvel Super Heroes Secret Wars #11,Marvel Super Heroes Secret Wars,11,11/27/1984,,14,Secret Wars,0,1,0,0,0,,Print,,,,,,,,,,,,,1,0,,
Marvel Comics,Marvel Super Heroes Secret Wars (1984),1,Marvel Super Heroes Secret Wars #12,Marvel Super Heroes Secret Wars,12,12/25/1984,,14,Secret Wars,0,1,0,0,0,,Print,,,,,,,,,,,,,1,0,,
Marvel Comics,Marvel Tales (Vol. 2) (1964 - 1994),2,Marvel Tales #213,Marvel Tales,213,3/15/1988,11,11,,1,0,0,0,1,,Print,,,,,,,,,,,,,1,1,,
Marvel Comics,Marvel Tales (Vol. 2) (1964 - 1994),2,Marvel Tales #214,Marvel Tales,214,4/19/1988,11,11,,1,0,0,0,1,,Print,,,,,,,,,,,,,1,1,,
Marvel Comics,Marvel Tales (Vol. 2) (1964 - 1994),2,Marvel Tales #215,Marvel Tales,215,5/19/1988,11,11,,1,0,0,0,1,,Print,,,,,,,,,,,,,1,1,,
Marvel Comics,Marvel Tales (Vol. 2) (1964 - 1994),2,Marvel Tales #216,Marvel Tales,216,6/23/1988,11,11,,1,0,0,0,1,,Print,,,,,,,,,,,,,1,1,,
Marvel Comics,Marvel Tales (Vol. 2) (1964 - 1994),2,Marvel Tales #217,Marvel Tales,217,7/21/1988,11,11,,1,0,0,0,1,,Print,,,,,,,,,,,,,1,1,,
Marvel Comics,Marvel Tales (Vol. 2) (1964 - 1994),2,Marvel Tales #218,Marvel Tales,218,8/18/1988,11,11,,1,0,0,0,1,,Print,,,,,,,,,,,,,1,1,,
Marvel Comics,Marvel Tales (Vol. 2) (1964 - 1994),2,Marvel Tales #219,Marvel Tales,219,9/22/1988,11,11,,1,0,0,0,1,,Print,,,,,,,,,,,,,1,1,,
Marvel Comics,Marvel Tales (Vol. 2) (1964 - 1994),2,Marvel Tales #220,Marvel Tales,220,10/18/1988,11,11,,1,0,0,0,1,,Print,,,,,,,,,,,,,1,1,,
Marvel Comics,Marvel Tales (Vol. 2) (1964 - 1994),2,Marvel Tales #223,Marvel Tales,223,1/17/1989,11,11,,1,0,0,0,1,,Print,,,,,,,,,,,,,1,1,,
Marvel Comics,Marvel Tales (Vol. 2) (1964 - 1994),2,Marvel Tales #224,Marvel Tales,224,2/21/1989,11,11,,1,0,0,0,1,,Print,,,,,,,,,,,,,1,1,,
Marvel Comics,Marvel Tales (Vol. 2) (1964 - 1994),2,Marvel Tales #225,Marvel Tales,225,3/21/1989,11,11,,1,0,0,0,1,,Print,,,,,,,,,,,,,1,1,,
Marvel Comics,Marvel Tales (Vol. 2) (1964 - 1994),2,Marvel Tales #226,Marvel Tales,226,4/18/1989,11,11,,1,0,0,0,1,,Print,,,,,,,,,,,,,1,1,,
Marvel Comics,Marvel Tales (Vol. 2) (1964 - 1994),2,Marvel Tales #228,Marvel Tales,228,6/20/1989,11,11,,1,0,0,0,1,,Print,,,,,,,,,,,,,1,1,,
Marvel Comics,Marvel Tales (Vol. 2) (1964 - 1994),2,Marvel Tales #229,Marvel Tales,229,7/18/1989,11,11,,1,0,0,0,1,,Print,,,,,,,,,,,,,1,1,,
Marvel Comics,Marvel Team-Up (Vol. 1) (1972 - 1985),1,Marvel Team-Up #118,Marvel Team-Up,118,3/16/1982,11,11,,1,0,0,0,1,,Print,,,,,,,,,,,,,1,1,,
Marvel Comics,Marvel Team-Up (Vol. 1) (1972 - 1985),1,Marvel Team-Up #131,Marvel Team-Up,131,4/12/1983,11,11,,1,0,0,0,1,,Print,,,,,,,,,,,,,1,1,,
Marvel Comics,Masters of the Universe (1986 - 1988),1,Masters of the Universe #13,Masters of the Universe,13,5/1/1988,11,11,,1,0,0,0,1,,Print,,,,,,,,,,,,,1,1,,
Marvel Comics,Micronauts: The New Voyages (1984 - 1986),1,Micronauts: The New Voyages #16,Micronauts: The New Voyages,16,10/1/1985,14,14,Secret Wars II,1,0,0,0,1,,Print,,,,,,,,,,,,,1,1,,
Marvel Comics,Mystique & Sabretooth (Vol. 1) (1996 - 1997),1,Mystique & Sabretooth #1,Mystique & Sabretooth,1,10/2/1996,12,12,,1,0,0,0,1,,Print,,,,,,,,,,,,,1,1,,
Marvel Comics,Mystique & Sabretooth (Vol. 1) (1996 - 1997),1,Mystique & Sabretooth #2,Mystique & Sabretooth,2,1/1/1997,,,,0,1,0,0,0,,Print,,,,,,,,,,,,,1,0,,
Marvel Comics,Mystique & Sabretooth (Vol. 1) (1996 - 1997),1,Mystique & Sabretooth #3,Mystique & Sabretooth,3,2/1/1997,,,,0,1,0,0,0,,Print,,,,,,,,,,,,,1,0,,
Marvel Comics,Mystique & Sabretooth (Vol. 1) (1996 - 1997),1,Mystique & Sabretooth #4,Mystique & Sabretooth,4,3/1/1997,,,,0,1,0,0,0,,Print,,,,,,,,,,,,,1,0,,
Marvel Comics,"Namor, the Sub-Mariner (1990 - 1995)",1,"Namor, the Sub-Mariner #1","Namor, the Sub-Mariner",1,2/6/1990,11,11,,1,0,0,0,1,,Print,,,,,,,,,,,,,1,1,,
Marvel Comics,"Namor, the Sub-Mariner (1990 - 1995)",1,"Namor, the Sub-Mariner #2","Namor, the Sub-Mariner",2,3/6/1990,11,11,,1,0,0,0,1,,Print,,,,,,,,,,,,,1,1,,
Marvel Comics,"Namor, the Sub-Mariner (1990 - 1995)",1,"Namor, the Sub-Mariner #3","Namor, the Sub-Mariner",3,4/6/1990,,,,0,1,0,0,0,,Print,,,,,,,,,,,,,1,0,,
Marvel Comics,"Namor, the Sub-Mariner (1990 - 1995)",1,"Namor, the Sub-Mariner #4","Namor, the Sub-Mariner",4,5/1/1990,11,11,,1,0,0,0,1,,Print,,,,,,,,,,,,,1,1,,
Marvel Comics,"Namor, the Sub-Mariner (1990 - 1995)",1,"Namor, the Sub-Mariner #5","Namor, the Sub-Mariner",5,6/5/1990,11,11,,1,0,0,0,1,,Print,,,,,,,,,,,,,1,1,,
Marvel Comics,"Namor, the Sub-Mariner (1990 - 1995)",1,"Namor, the Sub-Mariner #6","Namor, the Sub-Mariner",6,7/3/1990,11,11,,1,0,0,0,1,,Print,,,,,,,,,,,,,1,1,,
Marvel Comics,"Namor, the Sub-Mariner (1990 - 1995)",1,"Namor, the Sub-Mariner #7","Namor, the Sub-Mariner",7,8/7/1990,11,11,,1,0,0,0,1,,Print,,,,,,,,,,,,,1,1,,
Marvel Comics,"Namor, the Sub-Mariner (1990 - 1995)",1,"Namor, the Sub-Mariner #8","Namor, the Sub-Mariner",8,9/4/1990,11,11,,1,0,0,0,1,,Print,,,,,,,,,,,,,1,1,,
Marvel Comics,"Namor, the Sub-Mariner (1990 - 1995)",1,"Namor, the Sub-Mariner #9","Namor, the Sub-Mariner",9,10/2/1990,11,11,,1,0,0,0,1,,Print,,,,,,,,,,,,,1,1,,
Marvel Comics,"Namor, the Sub-Mariner (1990 - 1995)",1,"Namor, the Sub-Mariner #10","Namor, the Sub-Mariner",10,11/6/1990,11,11,,1,0,0,0,1,,Print,,,,,,,,,,,,,1,1,,
Marvel Comics,"Namor, the Sub-Mariner (1990 - 1995)",1,"Namor, the Sub-Mariner #11","Namor, the Sub-Mariner",11,12/4/1990,11,11,,1,0,0,0,1,,Print,,,,,,,,,,,,,1,1,,
Marvel Comics,Night Thrasher: Four Control (1992 - 1993),1,Night Thrasher: Four Control #1,Night Thrasher: Four Control,1,10/1/1992,,,,0,1,0,0,0,,Print,,,,,,,,,,,,,1,0,,
Marvel Comics,Night Thrasher: Four Control (1992 - 1993),1,Night Thrasher: Four Control #2,Night Thrasher: Four Control,2,11/1/1992,,17,,1,0,0,0,1,,Print,,,,,,,,,,,,,1,1,,
Marvel Comics,Night Thrasher: Four Control (1992 - 1993),1,Night Thrasher: Four Control #3,Night Thrasher: Four Control,3,12/1/1992,,17,,1,0,0,0,1,,Print,,,,,,,,,,,,,1,1,,
Marvel Comics,Night Thrasher: Four Control (1992 - 1993),1,Night Thrasher: Four Control #4,Night Thrasher: Four Control,4,1/1/1993,,17,,1,0,0,0,1,,Print,,,,,,,,,,,,,1,1,,
Marvel Comics,Nomad (Vol. 2) (1992 - 1994),2,Nomad #1,Nomad,1,3/3/1992,,,,0,1,0,0,0,,Print,,,,,,,,,,,,,1,0,,
Marvel Comics,Nomad (Vol. 2) (1992 - 1994),2,Nomad #2,Nomad,2,4/7/1992,,,,0,1,0,0,0,,Print,,,,,,,,,,,,,1,0,,
Marvel Comics,Nomad (Vol. 2) (1992 - 1994),2,Nomad #3,Nomad,3,5/5/1992,,,,0,1,0,0,0,,Print,,,,,,,,,,,,,1,0,,
Marvel Comics,Nomad (Vol. 2) (1992 - 1994),2,Nomad #4,Nomad,4,6/2/1992,,,,0,1,0,0,0,,Print,,,,,,,,,,,,,1,0,,
Marvel Comics,Nomad (Vol. 2) (1992 - 1994),2,Nomad #5,Nomad,5,7/7/1992,,,,0,1,0,0,0,,Print,,,,,,,,,,,,,1,0,,
Marvel Comics,Nomad (Vol. 2) (1992 - 1994),2,Nomad #6,Nomad,6,8/4/1992,,,,0,1,0,0,0,,Print,,,,,,,,,,,,,1,0,,
Marvel Comics,Nomad (Vol. 2) (1992 - 1994),2,Nomad #7,Nomad,7,9/1/1992,2,2,The Infinity War,1,0,0,0,1,,Print,,,,,,,,,,,,,1,1,,
Marvel Comics,Nomad (Vol. 2) (1992 - 1994),2,Nomad #8,Nomad,8,10/6/1992,,,,0,1,0,0,0,,Print,,,,,,,,,,,,,1,0,,
Marvel Comics,Nomad (Vol. 2) (1992 - 1994),2,Nomad #9,Nomad,9,11/3/1992,,,,0,1,0,0,0,,Print,,,,,,,,,,,,,1,0,,
Marvel Comics,Nomad (Vol. 2) (1992 - 1994),2,Nomad #10,Nomad,10,12/1/1992,,,,0,1,0,0,0,,Print,,,,,,,,,,,,,1,0,,
Marvel Comics,Nomad (Vol. 2) (1992 - 1994),2,Nomad #11,Nomad,11,1/5/1993,,,,0,1,0,0,0,,Print,,,,,,,,,,,,,1,0,,
Marvel Comics,Nomad (Vol. 2) (1992 - 1994),2,Nomad #12,Nomad,12,2/2/1993,,,,0,1,0,0,0,,Print,,,,,,,,,,,,,1,0,,
Marvel Comics,Nomad (Vol. 2) (1992 - 1994),2,Nomad #13,Nomad,13,3/2/1993,,,,0,1,0,0,0,,Print,,,,,,,,,,,,,1,0,,
Marvel Comics,Nomad (Vol. 2) (1992 - 1994),2,Nomad #14,Nomad,14,4/6/1993,,,,0,1,0,0,0,,Print,,,,,,,,,,,,,1,0,,
Marvel Comics,Nomad (Vol. 2) (1992 - 1994),2,Nomad #15,Nomad,15,5/4/1993,,,,0,1,0,0,0,,Print,,,,,,,,,,,,,1,0,,
Marvel Comics,Nomad (Vol. 2) (1992 - 1994),2,Nomad #16,Nomad,16,6/1/1993,,,,0,1,0,0,0,,Print,,,,,,,,,,,,,1,0,,
Marvel Comics,Nomad (Vol. 2) (1992 - 1994),2,Nomad #17,Nomad,17,7/6/1993,,,,0,1,0,0,0,,Print,,,,,,,,,,,,,1,0,,
Marvel Comics,Nomad (Vol. 2) (1992 - 1994),2,Nomad #18,Nomad,18,8/3/1993,,,,0,1,0,0,0,,Print,,,,,,,,,,,,,1,0,,
Marvel Comics,Nomad (Vol. 2) (1992 - 1994),2,Nomad #19,Nomad,19,9/7/1993,,,,0,1,0,0,0,,Print,,,,,,,,,,,,,1,0,,
Marvel Comics,Nomad (Vol. 2) (1992 - 1994),2,Nomad #20,Nomad,20,10/5/1993,,,,0,1,0,0,0,,Print,,,,,,,,,,,,,1,0,,
Marvel Comics,Nomad (Vol. 2) (1992 - 1994),2,Nomad #21,Nomad,21,11/2/1993,,,,0,1,0,0,0,,Print,,,,,,,,,,,,,1,0,,
Marvel Comics,Nomad (Vol. 2) (1992 - 1994),2,Nomad #22,Nomad,22,2/1/1994,,,,0,1,0,0,0,,Print,,,,,,,,,,,,,1,0,,
Marvel Comics,Nomad (Vol. 2) (1992 - 1994),2,Nomad #23,Nomad,23,3/1/1994,,,,0,1,0,0,0,,Print,,,,,,,,,,,,,1,0,,
Marvel Comics,Nomad (Vol. 2) (1992 - 1994),2,Nomad #24,Nomad,24,4/1/1994,,,,0,1,0,0,0,,Print,,,,,,,,,,,,,1,0,,
Marvel Comics,Nomad (Vol. 2) (1992 - 1994),2,Nomad #25,Nomad,25,5/1/1994,,,,0,1,0,0,0,,Print,,,,,,,,,,,,,1,0,,
Marvel Comics,Onslaught: Marvel Universe (1996),1,Onslaught: Marvel Universe #1,Onslaught: Marvel Universe,1,8/7/1996,6,6,Onslaught,1,0,0,0,1,,Print,,,,,,,,,,,,,1,1,,
Marvel Comics,Onslaught: X-Men (1996),1,Onslaught: X-Men #1,Onslaught: X-Men,1,6/5/1996,6,6,Onslaught,1,0,0,0,1,,Print,,,,,,,,,,,,,1,1,,
Marvel Comics,Onslaught: Epilogue (1997),1,Onslaught: Epilogue #1,Onslaught: Epilogue,1,2/1/1997,,6,Onslaught,0,1,0,0,0,,Print,,,,,,,,,,,,,1,0,,
Marvel Comics,"Peter Parker, The Spectacular Spider-Man (Vol. 1) (1976 - 1998)",1,"Peter Parker, The Spectacular Spider-Man #88","Peter Parker, The Spectacular Spider-Man",88,11/22/1983,12,12,,1,0,0,0,1,,Print,,,,,,,,,,,,,1,1,,
Marvel Comics,"Peter Parker, The Spectacular Spider-Man (Vol. 1) (1976 - 1998)",1,"Peter Parker, The Spectacular Spider-Man #111","Peter Parker, The Spectacular Spider-Man",111,11/12/1985,14,14,Secret Wars II,1,0,0,0,1,,Print,,,,,,,,,,,,,1,1,,
Marvel Comics,"Peter Parker, The Spectacular Spider-Man (Vol. 1) (1976 - 1998)",1,"Peter Parker, The Spectacular Spider-Man #138","Peter Parker, The Spectacular Spider-Man",138,1/26/1988,12,12,,1,0,0,0,1,,Print,,,,,,,,,,,,,1,1,,
Marvel Comics,"Peter Parker, The Spectacular Spider-Man (Vol. 1) (1976 - 1998)",1,"Peter Parker, The Spectacular Spider-Man #139","Peter Parker, The Spectacular Spider-Man",139,2/25/1988,12,12,,1,0,0,0,1,,Print,,,,,,,,,,,,,1,1,,
Marvel Comics,"Peter Parker, The Spectacular Spider-Man (Vol. 1) (1976 - 1998)",1,"Peter Parker, The Spectacular Spider-Man #140","Peter Parker, The Spectacular Spider-Man",140,3/29/1988,12,12,,1,0,0,0,1,,Print,,,,,,,,,,,,,1,1,,
Marvel Comics,"Peter Parker, The Spectacular Spider-Man (Vol. 1) (1976 - 1998)",1,"Peter Parker, The Spectacular Spider-Man #141","Peter Parker, The Spectacular Spider-Man",141,4/26/1988,12,12,,1,0,0,0,1,,Print,,,,,,,,,,,,,1,1,,
Marvel Comics,"Peter Parker, The Spectacular Spider-Man (Vol. 1) (1976 - 1998)",1,"Peter Parker, The Spectacular Spider-Man #142","Peter Parker, The Spectacular Spider-Man",142,5/31/1988,,,,0,1,0,0,0,,Print,,,,,,,,,,,,,1,0,,
Marvel Comics,"Peter Parker, The Spectacular Spider-Man (Vol. 1) (1976 - 1998)",1,"Peter Parker, The Spectacular Spider-Man #143","Peter Parker, The Spectacular Spider-Man",143,6/28/1988,12,12,,1,0,0,0,1,,Print,,,,,,,,,,,,,1,1,,
Marvel Comics,"Peter Parker, The Spectacular Spider-Man (Vol. 1) (1976 - 1998)",1,"Peter Parker, The Spectacular Spider-Man Annual #8","Peter Parker, The Spectacular Spider-Man Annual",8,7/7/1988,,17,Evolutionary War,1,0,0,0,1,,Print,,,,,,,,,,,,,2,2,,
Marvel Comics,"Peter Parker, The Spectacular Spider-Man (Vol. 1) (1976 - 1998)",1,"Peter Parker, The Spectacular Spider-Man #144","Peter Parker, The Spectacular Spider-Man",144,7/26/1988,12,12,,1,0,0,0,1,,Print,,,,,,,,,,,,,1,1,,
Marvel Comics,"Peter Parker, The Spectacular Spider-Man (Vol. 1) (1976 - 1998)",1,"Peter Parker, The Spectacular Spider-Man #145","Peter Parker, The Spectacular Spider-Man",145,8/30/1988,12,12,,1,0,0,0,1,,Print,,,,,,,,,,,,,1,1,,
Marvel Comics,"Peter Parker, The Spectacular Spider-Man (Vol. 1) (1976 - 1998)",1,"Peter Parker, The Spectacular Spider-Man #146","Peter Parker, The Spectacular Spider-Man",146,9/29/1988,10,10,Inferno,1,0,0,0,1,,Print,,,,,,,,,,,,,1,1,,
Marvel Comics,"Peter Parker, The Spectacular Spider-Man (Vol. 1) (1976 - 1998)",1,"Peter Parker, The Spectacular Spider-Man #147","Peter Parker, The Spectacular Spider-Man",147,10/25/1988,10,10,Inferno,1,0,0,0,1,,Print,,,,,,,,,,,,,1,1,,
Marvel Comics,"Peter Parker, The Spectacular Spider-Man (Vol. 1) (1976 - 1998)",1,"Peter Parker, The Spectacular Spider-Man #148","Peter Parker, The Spectacular Spider-Man",148,11/29/1988,,10,Inferno,0,1,0,0,0,,Print,,,,,,,,,,,,,1,0,,
Marvel Comics,"Peter Parker, The Spectacular Spider-Man (Vol. 1) (1976 - 1998)",1,"Peter Parker, The Spectacular Spider-Man #149","Peter Parker, The Spectacular Spider-Man",149,12/27/1988,12,12,,1,0,0,0,1,,Print,,,,,,,,,,,,,1,1,,
Marvel Comics,"Peter Parker, The Spectacular Spider-Man (Vol. 1) (1976 - 1998)",1,"Peter Parker, The Spectacular Spider-Man #150","Peter Parker, The Spectacular Spider-Man",150,1/31/1989,12,12,,1,0,0,0,1,,Print,,,,,,,,,,,,,1,1,,
Marvel Comics,"Peter Parker, The Spectacular Spider-Man (Vol. 1) (1976 - 1998)",1,"Peter Parker, The Spectacular Spider-Man #151","Peter Parker, The Spectacular Spider-Man",151,2/28/1989,12,12,,1,0,0,0,1,,Print,,,,,,,,,,,,,1,1,,
Marvel Comics,"Peter Parker, The Spectacular Spider-Man (Vol. 1) (1976 - 1998)",1,"Peter Parker, The Spectacular Spider-Man #152","Peter Parker, The Spectacular Spider-Man",152,3/28/1989,12,12,,1,0,0,0,1,,Print,,,,,,,,,,,,,1,1,,
Marvel Comics,"Peter Parker, The Spectacular Spider-Man (Vol. 1) (1976 - 1998)",1,"Peter Parker, The Spectacular Spider-Man #153","Peter Parker, The Spectacular Spider-Man",153,4/25/1989,12,12,,1,0,0,0,1,,Print,,,,,,,,,,,,,1,1,,
Marvel Comics,"Peter Parker, The Spectacular Spider-Man (Vol. 1) (1976 - 1998)",1,"Peter Parker, The Spectacular Spider-Man Annual #9","Peter Parker, The Spectacular Spider-Man Annual",9,5/16/1989,10,10,Atlantis Attacks,1,0,0,0,1,,Print,,,,,,,,,,,,,2,2,,
Marvel Comics,"Peter Parker, The Spectacular Spider-Man (Vol. 1) (1976 - 1998)",1,"Peter Parker, The Spectacular Spider-Man #154","Peter Parker, The Spectacular Spider-Man",154,5/30/1989,12,12,,1,0,0,0,1,,Print,,,,,,,,,,,,,1,1,,
Marvel Comics,"Peter Parker, The Spectacular Spider-Man (Vol. 1) (1976 - 1998)",1,"Peter Parker, The Spectacular Spider-Man #155","Peter Parker, The Spectacular Spider-Man",155,6/27/1989,12,12,,1,0,0,0,1,,Print,,,,,,,,,,,,,1,1,,
Marvel Comics,"Peter Parker, The Spectacular Spider-Man (Vol. 1) (1976 - 1998)",1,"Peter Parker, The Spectacular Spider-Man #156","Peter Parker, The Spectacular Spider-Man",156,7/25/1989,12,12,,1,0,0,0,1,,Print,,,,,,,,,,,,,1,1,,
Marvel Comics,"Peter Parker, The Spectacular Spider-Man (Vol. 1) (1976 - 1998)",1,"Peter Parker, The Spectacular Spider-Man #157","Peter Parker, The Spectacular Spider-Man",157,8/29/1989,12,12,,1,0,0,0,1,,Print,,,,,,,,,,,,,1,1,,
Marvel Comics,"Peter Parker, The Spectacular Spider-Man (Vol. 1) (1976 - 1998)",1,"Peter Parker, The Spectacular Spider-Man #158","Peter Parker, The Spectacular Spider-Man",158,9/26/1989,14,14,Acts of Vengeance,1,0,0,0,1,,Print,,,,,,,,,,,,,1,1,,
Marvel Comics,"Peter Parker, The Spectacular Spider-Man (Vol. 1) (1976 - 1998)",1,"Peter Parker, The Spectacular Spider-Man #159","Peter Parker, The Spectacular Spider-Man",159,10/24/1989,14,14,Acts of Vengeance,1,0,0,0,1,,Print,,,,,,,,,,,,,1,1,,
Marvel Comics,"Peter Parker, The Spectacular Spider-Man (Vol. 1) (1976 - 1998)",1,"Peter Parker, The Spectacular Spider-Man #160","Peter Parker, The Spectacular Spider-Man",160,11/28/1989,,14,Acts of Vengeance,0,1,0,0,0,,Print,,,,,,,,,,,,,1,0,,
Marvel Comics,"Peter Parker, The Spectacular Spider-Man (Vol. 1) (1976 - 1998)",1,"Peter Parker, The Spectacular Spider-Man #161","Peter Parker, The Spectacular Spider-Man",161,12/26/1989,12,12,,1,0,0,0,1,,Print,,,,,,,,,,,,,1,1,,
Marvel Comics,"Peter Parker, The Spectacular Spider-Man (Vol. 1) (1976 - 1998)",1,"Peter Parker, The Spectacular Spider-Man #162","Peter Parker, The Spectacular Spider-Man",162,1/23/1990,12,12,,1,0,0,0,1,,Print,,,,,,,,,,,,,1,1,,
Marvel Comics,"Peter Parker, The Spectacular Spider-Man (Vol. 1) (1976 - 1998)",1,"Peter Parker, The Spectacular Spider-Man #238","Peter Parker, The Spectacular Spider-Man",238,7/24/1996,12,12,,1,0,0,0,1,,Print,,,,,,,,,,,,,1,1,,
Marvel Comics,Power Man and Iron Fist (Vol. 1) (1978 - 1986),1,Power Man and Iron Fist #113,Power Man and Iron Fist,113,9/18/1984,15,15,,1,0,0,0,1,,Print,,,,,,,,,,,,,1,1,,
Marvel Comics,Power Man and Iron Fist (Vol. 1) (1978 - 1986),1,Power Man and Iron Fist #121,Power Man and Iron Fist,121,9/17/1985,14,14,Secret Wars II,1,0,0,0,1,,Print,,,,,,,,,,,,,1,1,,
Marvel Comics,Power Pachyderms (Vol. 1) (1989),1,Power Pachyderms #1 Newsstand Edition,Power Pachyderms,1,9/1/1989,,17,,1,0,0,0,1,,Print,,,,,,,,,,,,,1,1,,
Marvel Comics,Power Pack (Vol. 1) (1984 - 1991),1,Power Pack #18,Power Pack,18,1/10/1986,,14,Secret Wars II,0,1,0,0,0,,Print,,,,,,,,,,,,,1,0,,
Marvel Comics,Power Pack (Vol. 1) (1984 - 1991),1,Power Pack #27,Power Pack,27,9/2/1986,10,10,Mutant Massacre,1,0,0,0,1,,Print,,,,,,,,,,,,,1,1,,
Marvel Comics,Power Pack (Vol. 1) (1984 - 1991),1,Power Pack #35,Power Pack,35,10/27/1987,10,10,Fall of the Mutants,1,0,0,0,1,,Print,,,,,,,,,,,,,1,1,,
Marvel Comics,Power Pack (Vol. 1) (1984 - 1991),1,Power Pack #37,Power Pack,37,1/19/1988,15,15,,1,0,0,0,1,,Print,,,,,,,,,,,,,1,1,,
Marvel Comics,Power Pack (Vol. 1) (1984 - 1991),1,Power Pack #42,Power Pack,42,8/16/1988,,10,Inferno,1,0,0,0,1,,Print,,,,,,,,,,,,,1,1,,
Marvel Comics,Power Pack (Vol. 1) (1984 - 1991),1,Power Pack #43,Power Pack,43,9/27/1988,10,10,Inferno,1,0,0,0,1,,Print,,,,,,,,,,,,,1,1,,
Marvel Comics,Power Pack (Vol. 1) (1984 - 1991),1,Power Pack #44,Power Pack,44,11/8/1988,10,10,Inferno,1,0,0,0,1,,Print,,,,,,,,,,,,,1,1,,
Marvel Comics,Power Pack (Vol. 1) (1984 - 1991),1,Power Pack #51,Power Pack,51,9/5/1989,15,15,,1,0,0,0,1,,Print,,,,,,,,,,,,,1,1,,
Marvel Comics,Power Pack (Vol. 1) (1984 - 1991),1,Power Pack #53,Power Pack,53,1/8/1990,,14,Acts of Vengeance,0,1,0,0,0,,Print,,,,,,,,,,,,,1,0,,
Marvel Comics,Professor Xavier and the X-Men (1995 - 1997),1,Professor Xavier and the X-Men #1,Professor Xavier and the X-Men,1,9/14/1995,9,9,,1,0,0,1,1,,Print,,,,,,,,,,,,,1,1,,
Marvel Comics,Professor Xavier and the X-Men (1995 - 1997),1,Professor Xavier and the X-Men #2,Professor Xavier and the X-Men,2,10/12/1995,9,9,,1,0,0,1,1,,Print,,,,,,,,,,,,,1,1,,
Marvel Comics,Professor Xavier and the X-Men (1995 - 1997),1,Professor Xavier and the X-Men #3,Professor Xavier and the X-Men,3,11/16/1995,,,,0,1,0,0,0,,Print,,,,,,,,,,,,,1,0,,
Marvel Comics,Professor Xavier and the X-Men (1995 - 1997),1,Professor Xavier and the X-Men #4,Professor Xavier and the X-Men,4,12/14/1995,,,,0,1,0,0,0,,Print,,,,,,,,,,,,,1,0,,
Marvel Comics,Professor Xavier and the X-Men (1995 - 1997),1,Professor Xavier and the X-Men #5,Professor Xavier and the X-Men,5,1/11/1996,,,,0,1,0,0,0,,Print,,,,,,,,,,,,,1,0,,
Marvel Comics,Professor Xavier and the X-Men (1995 - 1997),1,Professor Xavier and the X-Men #6,Professor Xavier and the X-Men,6,2/15/1996,,,,0,1,0,0,0,,Print,,,,,,,,,,,,,1,0,,
Marvel Comics,Professor Xavier and the X-Men (1995 - 1997),1,Professor Xavier and the X-Men #7,Professor Xavier and the X-Men,7,3/14/1996,,,,0,1,0,0,0,,Print,,,,,,,,,,,,,1,0,,
Marvel Comics,Professor Xavier and the X-Men (1995 - 1997),1,Professor Xavier and the X-Men #8,Professor Xavier and the X-Men,8,4/10/1996,,,,0,1,0,0,0,,Print,,,,,,,,,,,,,1,0,,
Marvel Comics,Professor Xavier and the X-Men (1995 - 1997),1,Professor Xavier and the X-Men #9,Professor Xavier and the X-Men,9,5/15/1996,,,,0,1,0,0,0,,Print,,,,,,,,,,,,,1,0,,
Marvel Comics,Professor Xavier and the X-Men (1995 - 1997),1,Professor Xavier and the X-Men #10,Professor Xavier and the X-Men,10,6/12/1996,,,,0,1,0,0,0,,Print,,,,,,,,,,,,,1,0,,
Marvel Comics,Professor Xavier and the X-Men (1995 - 1997),1,Professor Xavier and the X-Men #11,Professor Xavier and the X-Men,11,7/10/1996,,,,0,1,0,0,0,,Print,,,,,,,,,,,,,1,0,,
Marvel Comics,Professor Xavier and the X-Men (1995 - 1997),1,Professor Xavier and the X-Men #12,Professor Xavier and the X-Men,12,8/14/1996,,,,0,1,0,0,0,,Print,,,,,,,,,,,,,1,0,,
Marvel Comics,Professor Xavier and the X-Men (1995 - 1997),1,Professor Xavier and the X-Men #13,Professor Xavier and the X-Men,13,9/11/1996,,,,0,1,0,0,0,,Print,,,,,,,,,,,,,1,0,,
Marvel Comics,Professor Xavier and the X-Men (1995 - 1997),1,Professor Xavier and the X-Men #14,Professor Xavier and the X-Men,14,10/9/1996,9,9,,1,0,0,1,1,,Print,,,,,,,,,,,,,1,1,,Professor Xavier and the X-Men #14.jpg
Marvel Comics,Professor Xavier and the X-Men (1995 - 1997),1,Professor Xavier and the X-Men #15,Professor Xavier and the X-Men,15,11/13/1996,,,,0,1,0,0,0,,Print,,,,,,,,,,,,,1,0,,
Marvel Comics,Professor Xavier and the X-Men (1995 - 1997),1,Professor Xavier and the X-Men #16,Professor Xavier and the X-Men,16,12/11/1996,,,,0,1,0,0,0,,Print,,,,,,,,,,,,,1,0,,
Marvel Comics,Professor Xavier and the X-Men (1995 - 1997),1,Professor Xavier and the X-Men #17,Professor Xavier and the X-Men,17,2/5/1997,,,,0,1,0,0,0,,Print,,,,,,,,,,,,,1,0,,
Marvel Comics,Professor Xavier and the X-Men (1995 - 1997),1,Professor Xavier and the X-Men #18,Professor Xavier and the X-Men,18,2/26/1997,,,,0,1,0,0,0,,Print,,,,,,,,,,,,,1,0,,
Marvel Comics,Pryde and Wisdom (1996),1,Pryde and Wisdom #1,Pryde and Wisdom,1,7/24/1996,15,15,,1,0,0,1,1,,Print,,,,,,,,,,,,,1,1,,
Marvel Comics,Pryde and Wisdom (1996),1,Pryde and Wisdom #2,Pryde and Wisdom,2,8/28/1996,15,15,,1,0,0,1,1,,Print,,,,,,,,,,,,,1,1,,
Marvel Comics,Pryde and Wisdom (1996),1,Pryde and Wisdom #3,Pryde and Wisdom,3,9/25/1996,15,15,,1,0,0,1,1,,Print,,,,,,,,,,,,,1,1,,
Marvel Comics,Psi-Force (1986 - 1989),1,Psi-Force #1,Psi-Force,1,11/1/1986,,17,,1,0,0,1,1,,Print,,,,,,,,,,,,,1,1,,
Marvel Comics,Psi-Force (1986 - 1989),1,Psi-Force #11,Psi-Force,11,9/1/1987,,17,,1,0,0,1,1,,Print,,,,,,,,,,,,,1,1,,
Marvel Comics,Punisher 2099 (Vol. 1) (1993 - 1995),1,Punisher 2099 #13,Punisher 2099,13,12/28/1993,1,1,The Fall of the Hammer,1,0,0,0,1,,Print,,,,,,,,,,,,,1,1,,
Marvel Comics,Quasar (1989 - 1994),1,Quasar #1,Quasar,1,7/4/1989,11,11,,1,0,0,1,1,,Print,,,,,,,,,,,,,1,1,,
Marvel Comics,Quasar (1989 - 1994),1,Quasar #2,Quasar,2,8/1/1989,11,11,,1,0,0,1,1,,Print,,,,,,,,,,,,,1,1,,
Marvel Comics,Quasar (1989 - 1994),1,Quasar #3,Quasar,3,8/29/1989,11,11,,1,0,0,1,1,,Print,,,,,,,,,,,,,1,1,,
Marvel Comics,Quasar (1989 - 1994),1,Quasar #4,Quasar,4,10/3/1989,11,11,,1,0,0,1,1,,Print,,,,,,,,,,,,,1,1,,
Marvel Comics,Quasar (1989 - 1994),1,Quasar #5,Quasar,5,10/31/1989,14,14,Acts of Vengeance,1,0,0,0,1,,Print,,,,,,,,,,,,,1,1,,
Marvel Comics,Quasar (1989 - 1994),1,Quasar #6,Quasar,6,12/5/1989,14,14,Acts of Vengeance,1,0,0,0,1,,Print,,,,,,,,,,,,,1,1,,
Marvel Comics,Quasar (1989 - 1994),1,Quasar #8,Quasar,8,1/30/1990,,14,Secret Wars II,0,1,0,0,0,,Print,,,,,,,,,,,,,1,0,,
Marvel Comics,Quasar (1989 - 1994),1,Quasar #9,Quasar,9,3/6/1990,11,11,,1,0,0,1,1,,Print,,,,,,,,,,,,,1,1,,
Marvel Comics,Quasar (1989 - 1994),1,Quasar #11,Quasar,11,4/10/1990,11,11,,1,0,0,1,1,,Print,,,,,,,,,,,,,1,1,,
Marvel Comics,Quasar (1989 - 1994),1,Quasar #26,Quasar,26,7/11/1991,14,14,The Infinity Gauntlet,1,0,0,0,1,,Print,,,,,,,,,,,,,1,1,,
Marvel Comics,Quasar (1989 - 1994),1,Quasar #32,Quasar,32,1/14/1992,,9,Operation Galactic Storm,0,1,0,0,0,,Print,,,,,,,,,,,,,1,0,,
Marvel Comics,Quasar (1989 - 1994),1,Quasar #33,Quasar,33,2/11/1992,9,9,Operation Galactic Storm,1,0,0,0,1,,Print,,,,,,,,,,,,,1,1,,
Marvel Comics,Quasar (1989 - 1994),1,Quasar #34,Quasar,34,3/10/1992,,9,Operation Galactic Storm,0,1,0,0,0,,Print,,,,,,,,,,,,,1,0,,
Marvel Comics,Quasar (1989 - 1994),1,Quasar #35,Quasar,35,4/17/1992,,9,Operation Galactic Storm,0,1,0,0,0,,Print,,,,,,,,,,,,,1,0,,
Marvel Comics,Quasar (1989 - 1994),1,Quasar #38,Quasar,38,7/17/1992,,2,The Infinity War,0,1,0,0,0,,Print,,,,,,,,,,,,,1,0,,
Marvel Comics,Quasar (1989 - 1994),1,Quasar #39,Quasar,39,8/14/1992,2,2,The Infinity War,1,0,0,0,1,,Print,,,,,,,,,,,,,1,1,,
Marvel Comics,Quasar (1989 - 1994),1,Quasar #40,Quasar,40,9/11/1992,2,2,The Infinity War,1,0,0,0,1,,Print,,,,,,,,,,,,,1,1,,
Marvel Comics,Ravage 2099 (1992 - 1995),1,Ravage 2099 #15,Ravage 2099,15,12/14/1993,1,1,The Fall of the Hammer,1,0,0,0,1,,Print,,,,,,,,,,,,,1,1,,
Marvel Comics,ROM (1979 - 1985),1,ROM #72,ROM,72,7/16/1985,,14,Secret Wars II,0,1,0,0,0,,Print,,,,,,,,,,,,,1,0,,
Marvel Comics,Sabretooth Special (1995),1,Sabretooth Special #1,Sabretooth Special,1,11/30/1995,12,12,,1,0,0,1,1,,Print,,,,,,,,,,,,,1,1,,
Marvel Comics,Secret Wars II (1985 - 1986),1,Secret Wars II #1,Secret Wars II,1,4/16/1985,,14,Secret Wars II,0,1,0,0,0,,Print,,,,,,,,,,,,,1,0,,
Marvel Comics,Secret Wars II (1985 - 1986),1,Secret Wars II #2,Secret Wars II,2,5/14/1985,,14,Secret Wars II,0,1,0,0,0,,Print,,,,,,,,,,,,,1,0,,
Marvel Comics,Secret Wars II (1985 - 1986),1,Secret Wars II #3,Secret Wars II,3,6/18/1985,14,14,Secret Wars II,1,0,0,0,1,,Print,,,,,,,,,,,,,1,1,,
Marvel Comics,Secret Wars II (1985 - 1986),1,Secret Wars II #4,Secret Wars II,4,7/16/1985,14,14,Secret Wars II,1,0,0,0,1,,Print,,,,,,,,,,,,,1,1,,
Marvel Comics,Secret Wars II (1985 - 1986),1,Secret Wars II #5,Secret Wars II,5,8/13/1985,14,14,Secret Wars II,1,0,0,0,1,,Print,,,,,,,,,,,,,1,1,,
Marvel Comics,Secret Wars II (1985 - 1986),1,Secret Wars II #6,Secret Wars II,6,9/17/1985,14,14,Secret Wars II,1,0,0,0,2,,Print,,,,,,,,,,,,,1,2,,
Marvel Comics,Secret Wars II (1985 - 1986),1,Secret Wars II #7,Secret Wars II,7,10/15/1985,14,14,Secret Wars II,1,0,0,0,1,,Print,,,,,,,,,,,,,1,1,,
Marvel Comics,Secret Wars II (1985 - 1986),1,Secret Wars II #8,Secret Wars II,8,11/12/1985,14,14,Secret Wars II,1,0,0,0,1,,Print,,,,,,,,,,,,,1,1,,
Marvel Comics,Secret Wars II (1985 - 1986),1,Secret Wars II #9,Secret Wars II,9,12/17/1985,,14,Secret Wars II,0,1,0,0,0,,Print,,,,,,,,,,,,,1,0,,
Marvel Comics,Sergio Aragones Massacres Marvel (1996),1,Sergio Aragonés Massacres Marvel #1,Sergio Aragonés Massacres Marvel,1,6/1/1996,9,9,,1,0,0,1,1,,Print,,,,,,,,,,,,,1,1,,
Marvel Comics,Silver Sable and the Wild Pack (1992 - 1995),1,Silver Sable and the Wild Pack #4,Silver Sable and the Wild Pack,4,7/14/1992,2,2,The Infinity War,1,0,0,0,1,,Print,,,,,,,,,,,,,1,1,,
Marvel Comics,Silver Sable and the Wild Pack (1992 - 1995),1,Silver Sable and the Wild Pack #5,Silver Sable and the Wild Pack,5,8/11/1992,2,2,The Infinity War,1,0,0,0,1,,Print,,,,,,,,,,,,,1,1,,
Marvel Comics,Silver Sable and the Wild Pack (1992 - 1995),1,Silver Sable and the Wild Pack #16,Silver Sable and the Wild Pack,16,7/13/1993,,2,The Infinity Crusade,0,1,0,0,0,,Print,,,,,,,,,,,,,1,0,,
Marvel Comics,Silver Sable and the Wild Pack (1992 - 1995),1,Silver Sable and the Wild Pack #17,Silver Sable and the Wild Pack,17,8/10/1993,,2,The Infinity Crusade,0,1,0,0,0,,Print,,,,,,,,,,,,,1,0,,
Marvel Comics,Silver Surfer (Vol. 3) (1987 - 1998),3,Silver Surfer #1,Silver Surfer,1,3/17/1987,,,,0,1,0,0,0,,Print,,,,,,,,,,,,,1,0,,
Marvel Comics,Silver Surfer (Vol. 3) (1987 - 1998),3,Silver Surfer #2,Silver Surfer,2,5/12/1987,12,12,,1,0,0,1,1,,Print,,,,,,,,,,,,,1,1,,
Marvel Comics,Silver Surfer (Vol. 3) (1987 - 1998),3,Silver Surfer #3,Silver Surfer,3,6/9/1987,12,12,,1,0,0,1,1,,Print,,,,,,,,,,,,,1,1,,
Marvel Comics,Silver Surfer (Vol. 3) (1987 - 1998),3,Silver Surfer #4,Silver Surfer,4,7/7/1987,12,12,,1,0,0,1,1,,Print,,,,,,,,,,,,,1,1,,
Marvel Comics,Silver Surfer (Vol. 3) (1987 - 1998),3,Silver Surfer #5,Silver Surfer,5,7/21/1987,12,12,,1,0,0,1,1,,Print,,,,,,,,,,,,,1,1,,
Marvel Comics,Silver Surfer (Vol. 3) (1987 - 1998),3,Silver Surfer #6,Silver Surfer,6,8/18/1987,12,12,,1,0,0,1,1,,Print,,,,,,,,,,,,,1,1,,
Marvel Comics,Silver Surfer (Vol. 3) (1987 - 1998),3,Silver Surfer #7,Silver Surfer,7,9/15/1987,12,12,,1,0,0,1,1,,Print,,,,,,,,,,,,,1,1,,
Marvel Comics,Silver Surfer (Vol. 3) (1987 - 1998),3,Silver Surfer #8,Silver Surfer,8,10/20/1987,12,12,,1,0,0,1,1,,Print,4.99,2026-01-15,,,,,,Comic Kingdom,,0,0.0,,1,1,,
Marvel Comics,Silver Surfer (Vol. 3) (1987 - 1998),3,Silver Surfer #9,Silver Surfer,9,11/17/1987,12,12,,1,0,0,1,1,,Print,,,,,,,,,,,,,1,1,,
Marvel Comics,Silver Surfer (Vol. 3) (1987 - 1998),3,Silver Surfer #10,Silver Surfer,10,12/15/1987,12,12,,1,0,0,1,1,,Print,,,,,,,,,,,,,1,1,,
Marvel Comics,Silver Surfer (Vol. 3) (1987 - 1998),3,Silver Surfer #11,Silver Surfer,11,1/19/1988,12,12,,1,0,0,1,1,,Print,,,,,,,,,,,,,1,1,,
Marvel Comics,Silver Surfer (Vol. 3) (1987 - 1998),3,Silver Surfer #12,Silver Surfer,12,2/16/1988,12,12,,1,0,0,1,1,,Print,,,,,,,,,,,,,1,1,,
Marvel Comics,Silver Surfer (Vol. 3) (1987 - 1998),3,Silver Surfer #13,Silver Surfer,13,3/15/1988,,,,0,1,0,0,0,,Print,,,,,,,,,,,,,1,0,,
Marvel Comics,Silver Surfer (Vol. 3) (1987 - 1998),3,Silver Surfer #14,Silver Surfer,14,4/19/1988,12,12,,1,0,0,1,1,,Print,,,,,,,,,,,,,1,1,,
Marvel Comics,Silver Surfer (Vol. 3) (1987 - 1998),3,Silver Surfer Annual #1,Silver Surfer Annual,1,4/26/1988,,17,Evolutionary War,1,0,0,0,1,,Print,,,,,,,,,,,,,2,2,,
Marvel Comics,Silver Surfer (Vol. 3) (1987 - 1998),3,Silver Surfer #15,Silver Surfer,15,5/19/1988,12,12,,1,0,0,1,1,,Print,,,,,,,,,,,,,1,1,,
Marvel Comics,Silver Surfer (Vol. 3) (1987 - 1998),3,Silver Surfer #16,Silver Surfer,16,6/21/1988,12,12,,1,0,0,1,1,,Print,,,,,,,,,,,,,1,1,,
Marvel Comics,Silver Surfer (Vol. 3) (1987 - 1998),3,Silver Surfer #17,Silver Surfer,17,7/19/1988,12,12,,1,0,0,1,1,,Print,,,,,,,,,,,,,1,1,,
Marvel Comics,Silver Surfer (Vol. 3) (1987 - 1998),3,Silver Surfer #18,Silver Surfer,18,8/16/1988,12,12,,1,0,0,1,1,,Print,,,,,,,,,,,,,1,1,,
Marvel Comics,Silver Surfer (Vol. 3) (1987 - 1998),3,Silver Surfer #19,Silver Surfer,19,9/20/1988,12,12,,1,0,0,1,1,,Print,,,,,,,,,,,,,1,1,,
Marvel Comics,Silver Surfer (Vol. 3) (1987 - 1998),3,Silver Surfer #20,Silver Surfer,20,10/18/1988,12,12,,1,0,0,1,1,,Print,,,,,,,,,,,,,1,1,,
Marvel Comics,Silver Surfer (Vol. 3) (1987 - 1998),3,Silver Surfer #21,Silver Surfer,21,11/15/1988,12,12,,1,0,0,1,1,,Print,,,,,,,,,,,,,1,1,,
Marvel Comics,Silver Surfer (Vol. 3) (1987 - 1998),3,Silver Surfer #22,Silver Surfer,22,12/20/1988,12,12,,1,0,0,1,1,,Print,,,,,,,,,,,,,1,1,,
Marvel Comics,Silver Surfer (Vol. 3) (1987 - 1998),3,Silver Surfer #23,Silver Surfer,23,1/17/1989,12,12,,1,0,0,1,1,,Print,,,,,,,,,,,,,1,1,,
Marvel Comics,Silver Surfer (Vol. 3) (1987 - 1998),3,Silver Surfer #24,Silver Surfer,24,2/21/1989,12,12,,1,0,0,1,1,,Print,,,,,,,,,,,,,1,1,,
Marvel Comics,Silver Surfer (Vol. 3) (1987 - 1998),3,Silver Surfer #25,Silver Surfer,25,3/21/1989,12,12,Second Kree-Skrull War,1,0,0,0,1,,Print,,,,,,,,,,,,,1,1,Second Kree-Skrull War,
Marvel Comics,Silver Surfer (Vol. 3) (1987 - 1998),3,Silver Surfer Annual #2,Silver Surfer Annual,2,4/11/1989,10,10,Atlantis Attacks,1,0,0,0,1,,Print,,,,,,,,,,,,,2,2,,
Marvel Comics,Silver Surfer (Vol. 3) (1987 - 1998),3,Silver Surfer #26,Silver Surfer,26,4/18/1989,12,12,Second Kree-Skrull War,1,0,0,0,1,,Print,,,,,,,,,,,,,1,1,Second Kree-Skrull War,
Marvel Comics,Silver Surfer (Vol. 3) (1987 - 1998),3,Silver Surfer #27,Silver Surfer,27,5/16/1989,12,12,Second Kree-Skrull War,1,0,0,0,1,,Print,,,,,,,,,,,,,1,1,Second Kree-Skrull War,
Marvel Comics,Silver Surfer (Vol. 3) (1987 - 1998),3,Silver Surfer #28,Silver Surfer,28,6/20/1989,12,12,Second Kree-Skrull War,1,0,0,0,1,,Print,,,,,,,,,,,,,1,1,Second Kree-Skrull War,
Marvel Comics,Silver Surfer (Vol. 3) (1987 - 1998),3,Silver Surfer #29,Silver Surfer,29,7/18/1989,12,12,Second Kree-Skrull War,1,0,0,0,1,,Print,,,,,,,,,,,,,1,1,Second Kree-Skrull War,
Marvel Comics,Silver Surfer (Vol. 3) (1987 - 1998),3,Silver Surfer #30,Silver Surfer,30,8/15/1989,12,12,Second Kree-Skrull War,1,0,0,0,1,,Print,,,,,,,,,,,,,1,1,Second Kree-Skrull War,
Marvel Comics,Silver Surfer (Vol. 3) (1987 - 1998),3,Silver Surfer #31,Silver Surfer,31,9/19/1989,12,12,Second Kree-Skrull War,1,0,0,0,1,,Print,,,,,,,,,,,,,1,1,Second Kree-Skrull War,
Marvel Comics,Silver Surfer (Vol. 3) (1987 - 1998),3,Silver Surfer #32,Silver Surfer,32,10/17/1989,12,12,,1,0,0,1,1,,Print,,,,,,,,,,,,,1,1,,
Marvel Comics,Silver Surfer (Vol. 3) (1987 - 1998),3,Silver Surfer #33,Silver Surfer,33,11/21/1989,12,12,,1,0,0,1,1,,Print,,,,,,,,,,,,,1,1,,
Marvel Comics,Silver Surfer (Vol. 3) (1987 - 1998),3,Silver Surfer #34,Silver Surfer,34,12/19/1989,12,12,Rebirth of Thanos,1,0,0,0,1,,Print,,,,,,,,,,,,,1,1,Rebirth of Thanos,
Marvel Comics,Silver Surfer (Vol. 3) (1987 - 1998),3,Silver Surfer #35,Silver Surfer,35,1/16/1990,12,12,Rebirth of Thanos,1,0,0,0,1,,Print,,,,,,,,,,,,,1,1,Rebirth of Thanos,
Marvel Comics,Silver Surfer (Vol. 3) (1987 - 1998),3,Silver Surfer #36,Silver Surfer,36,2/20/1990,12,12,Rebirth of Thanos,1,0,0,0,1,,Print,,,,,,,,,,,,,1,1,Rebirth of Thanos,
Marvel Comics,Silver Surfer (Vol. 3) (1987 - 1998),3,Silver Surfer #37,Silver Surfer,37,3/20/1990,,12,Rebirth of Thanos,0,1,0,0,0,,Print,,,,,,,,,,,,,1,0,Rebirth of Thanos,
Marvel Comics,Silver Surfer (Vol. 3) (1987 - 1998),3,Silver Surfer #38,Silver Surfer,38,4/17/1990,12,12,Rebirth of Thanos,1,0,0,0,1,,Print,,,,,,,,,,,,,1,1,Rebirth of Thanos,
Marvel Comics,Silver Surfer (Vol. 3) (1987 - 1998),3,Silver Surfer #39,Silver Surfer,39,5/15/1990,12,12,,1,0,0,1,1,,Print,,,,,,,,,,,,,1,1,,
Marvel Comics,Silver Surfer (Vol. 3) (1987 - 1998),3,Silver Surfer #40,Silver Surfer,40,6/19/1990,12,12,,1,0,0,1,1,,Print,,,,,,,,,,,,,1,1,,
Marvel Comics,Silver Surfer (Vol. 3) (1987 - 1998),3,Silver Surfer Annual #3,Silver Surfer Annual,3,7/1/1990,,,,0,1,0,0,0,,Print,,,,,,,,,,,,,1,0,,
Marvel Comics,Silver Surfer (Vol. 3) (1987 - 1998),3,Silver Surfer #41,Silver Surfer,41,7/17/1990,12,12,,1,0,0,1,1,,Print,,,,,,,,,,,,,1,1,,
Marvel Comics,Silver Surfer (Vol. 3) (1987 - 1998),3,Silver Surfer #42,Silver Surfer,42,8/21/1990,12,12,,1,0,0,1,1,,Print,,,,,,,,,,,,,1,1,,
Marvel Comics,Silver Surfer (Vol. 3) (1987 - 1998),3,Silver Surfer #43,Silver Surfer,43,9/18/1990,12,12,,1,0,0,1,1,,Print,,,,,,,,,,,,,1,1,,
Marvel Comics,Silver Surfer (Vol. 3) (1987 - 1998),3,Silver Surfer #44,Silver Surfer,44,10/16/1990,12,12,,1,0,0,1,1,,Print,,,,,,,,,,,,,1,1,,
Marvel Comics,Silver Surfer (Vol. 3) (1987 - 1998),3,Silver Surfer #45,Silver Surfer,45,11/20/1990,12,12,,1,0,0,1,1,,Print,,,,,,,,,,,,,1,1,,
Marvel Comics,Silver Surfer (Vol. 3) (1987 - 1998),3,Silver Surfer #46,Silver Surfer,46,12/18/1990,12,12,,1,0,0,1,1,,Print,,,,,,,,,,,,,1,1,,
Marvel Comics,Silver Surfer (Vol. 3) (1987 - 1998),3,Silver Surfer #47,Silver Surfer,47,1/22/1991,12,12,,1,0,0,1,1,,Print,,,,,,,,,,,,,1,1,,
Marvel Comics,Silver Surfer (Vol. 3) (1987 - 1998),3,Silver Surfer #48,Silver Surfer,48,2/26/1991,12,12,,1,0,0,1,1,,Print,,,,,,,,,,,,,1,1,,
Marvel Comics,Silver Surfer (Vol. 3) (1987 - 1998),3,Silver Surfer #49,Silver Surfer,49,3/26/1991,12,12,,1,0,0,1,1,,Print,,,,,,,,,,,,,1,1,,
Marvel Comics,Silver Surfer (Vol. 3) (1987 - 1998),3,Silver Surfer #50,Silver Surfer,50,4/23/1991,,,,0,1,0,0,0,,Print,,,,,,,,,,,,,1,0,,
Marvel Comics,Silver Surfer (Vol. 3) (1987 - 1998),3,Silver Surfer #51,Silver Surfer,51,5/28/1991,14,14,The Infinity Gauntlet,1,0,0,0,1,,Print,,,,,,,,,,,,,1,1,,
Marvel Comics,Silver Surfer (Vol. 3) (1987 - 1998),3,Silver Surfer #52,Silver Surfer,52,6/11/1991,,14,The Infinity Gauntlet,0,1,0,0,0,,Print,,,,,,,,,,,,,1,0,,
Marvel Comics,Silver Surfer (Vol. 3) (1987 - 1998),3,Silver Surfer #53,Silver Surfer,53,6/25/1991,14,14,The Infinity Gauntlet,1,0,0,0,1,,Print,,,,,,,,,,,,,1,1,,
Marvel Comics,Silver Surfer (Vol. 3) (1987 - 1998),3,Silver Surfer Annual #4,Silver Surfer Annual,4,7/1/1991,,8,The Korvac Quest,0,1,0,0,0,,Print,,,,,,,,,,,,,2,0,,
Marvel Comics,Silver Surfer (Vol. 3) (1987 - 1998),3,Silver Surfer #54,Silver Surfer,54,7/9/1991,,14,The Infinity Gauntlet,0,1,0,0,0,,Print,,,,,,,,,,,,,1,0,,
Marvel Comics,Silver Surfer (Vol. 3) (1987 - 1998),3,Silver Surfer #55,Silver Surfer,55,7/23/1991,14,14,The Infinity Gauntlet,1,0,0,0,1,,Print,,,,,,,,,,,,,1,1,,
Marvel Comics,Silver Surfer (Vol. 3) (1987 - 1998),3,Silver Surfer #56,Silver Surfer,56,8/13/1991,14,14,The Infinity Gauntlet,1,0,0,0,1,,Print,,,,,,,,,,,,,1,1,,
Marvel Comics,Silver Surfer (Vol. 3) (1987 - 1998),3,Silver Surfer #57,Silver Surfer,57,8/27/1991,14,14,The Infinity Gauntlet,1,0,0,0,1,,Print,,,,,,,,,,,,,1,1,,
Marvel Comics,Silver Surfer (Vol. 3) (1987 - 1998),3,Silver Surfer #58,Silver Surfer,58,9/10/1991,14,14,The Infinity Gauntlet,1,0,0,0,1,,Print,,,,,,,,,,,,,1,1,,
Marvel Comics,Silver Surfer (Vol. 3) (1987 - 1998),3,Silver Surfer #59,Silver Surfer,59,9/24/1991,14,14,The Infinity Gauntlet,1,0,0,0,1,,Print,,,,,,,,,,,,,1,1,,
Marvel Comics,Silver Surfer (Vol. 3) (1987 - 1998),3,Silver Surfer #60,Silver Surfer,60,10/22/1991,12,12,,1,0,0,1,1,,Print,,,,,,,,,,,,,1,1,,
Marvel Comics,Silver Surfer (Vol. 3) (1987 - 1998),3,Silver Surfer #61,Silver Surfer,61,11/26/1991,12,12,,1,0,0,1,1,,Print,,,,,,,,,,,,,1,1,,
Marvel Comics,Silver Surfer (Vol. 3) (1987 - 1998),3,Silver Surfer #62,Silver Surfer,62,1/2/1992,12,12,,1,0,0,1,1,,Print,,,,,,,,,,,,,1,1,,
Marvel Comics,Silver Surfer (Vol. 3) (1987 - 1998),3,Silver Surfer #63,Silver Surfer,63,1/28/1992,12,12,,1,0,0,1,1,,Print,,,,,,,,,,,,,1,1,,
Marvel Comics,Silver Surfer (Vol. 3) (1987 - 1998),3,Silver Surfer #64,Silver Surfer,64,2/25/1992,12,12,,1,0,0,1,1,,Print,,,,,,,,,,,,,1,1,,
Marvel Comics,Silver Surfer (Vol. 3) (1987 - 1998),3,Silver Surfer #65,Silver Surfer,65,3/24/1992,12,12,,1,0,0,1,1,,Print,,,,,,,,,,,,,1,1,,
Marvel Comics,Silver Surfer (Vol. 3) (1987 - 1998),3,Silver Surfer #66,Silver Surfer,66,4/28/1992,12,12,,1,0,0,1,1,,Print,,,,,,,,,,,,,1,1,,
Marvel Comics,Silver Surfer (Vol. 3) (1987 - 1998),3,Silver Surfer #67,Silver Surfer,67,5/12/1992,2,2,The Infinity War,1,0,0,0,1,,Print,,,,,,,,,,,,,1,1,,
Marvel Comics,Silver Surfer (Vol. 3) (1987 - 1998),3,Silver Surfer #68,Silver Surfer,68,5/26/1992,2,2,The Infinity War,1,0,0,0,1,,Print,,,,,,,,,,,,,1,1,,
Marvel Comics,Silver Surfer (Vol. 3) (1987 - 1998),3,Silver Surfer #69,Silver Surfer,69,6/9/1992,2,2,The Infinity War,1,0,0,0,1,,Print,,,,,,,,,,,,,1,1,,
Marvel Comics,Silver Surfer (Vol. 3) (1987 - 1998),3,Silver Surfer #70,Silver Surfer,70,6/23/1992,12,12,The Herald Ordeal,1,0,0,0,1,,Print,,,,,,,,,,,,,1,1,The Herald Ordeal,
Marvel Comics,Silver Surfer (Vol. 3) (1987 - 1998),3,Silver Surfer Annual #5,Silver Surfer Annual,5,7/1/1992,,,,0,1,0,0,0,,Print,,,,,,,,,,,,,1,0,,
Marvel Comics,Silver Surfer (Vol. 3) (1987 - 1998),3,Silver Surfer #71,Silver Surfer,71,7/14/1992,12,12,The Herald Ordeal,1,0,0,0,1,,Print,,,,,,,,,,,,,1,1,The Herald Ordeal,
Marvel Comics,Silver Surfer (Vol. 3) (1987 - 1998),3,Silver Surfer #72,Silver Surfer,72,7/28/1992,12,12,The Herald Ordeal,1,0,0,0,1,,Print,,,,,,,,,,,,,1,1,The Herald Ordeal,
Marvel Comics,Silver Surfer (Vol. 3) (1987 - 1998),3,Silver Surfer #73,Silver Surfer,73,8/25/1992,12,12,The Herald Ordeal,1,0,0,0,1,,Print,,,,,,,,,,,,,1,1,The Herald Ordeal,
Marvel Comics,Silver Surfer (Vol. 3) (1987 - 1998),3,Silver Surfer #74,Silver Surfer,74,9/22/1992,12,12,The Herald Ordeal,1,0,0,0,1,,Print,,,,,,,,,,,,,1,1,The Herald Ordeal,
Marvel Comics,Silver Surfer (Vol. 3) (1987 - 1998),3,Silver Surfer #75,Silver Surfer,75,10/27/1992,12,12,The Herald Ordeal,1,0,0,0,1,,Print,,,,,,,,,,,,,1,1,The Herald Ordeal,
Marvel Comics,Silver Surfer (Vol. 3) (1987 - 1998),3,Silver Surfer #76,Silver Surfer,76,11/24/1992,12,12,,1,0,0,1,1,,Print,,,,,,,,,,,,,1,1,,
Marvel Comics,Silver Surfer (Vol. 3) (1987 - 1998),3,Silver Surfer #77,Silver Surfer,77,12/29/1992,12,12,,1,0,0,1,1,,Print,,,,,,,,,,,,,1,1,,
Marvel Comics,Silver Surfer (Vol. 3) (1987 - 1998),3,Silver Surfer #78,Silver Surfer,78,1/26/1993,12,12,,1,0,0,1,1,,Print,,,,,,,,,,,,,1,1,,
Marvel Comics,Silver Surfer (Vol. 3) (1987 - 1998),3,Silver Surfer #79,Silver Surfer,79,2/23/1993,,,,0,1,0,0,0,,Print,,,,,,,,,,,,,1,0,,
Marvel Comics,Silver Surfer (Vol. 3) (1987 - 1998),3,Silver Surfer #80,Silver Surfer,80,3/30/1993,12,12,,1,0,0,1,1,,Print,,,,,,,,,,,,,1,1,,
Marvel Comics,Silver Surfer (Vol. 3) (1987 - 1998),3,Silver Surfer #81,Silver Surfer,81,4/27/1993,,,,0,1,0,0,0,,Print,,,,,,,,,,,,,1,0,,
Marvel Comics,Silver Surfer (Vol. 3) (1987 - 1998),3,Silver Surfer #82,Silver Surfer,82,5/25/1993,12,12,,1,0,0,1,1,,Print,,,,,,,,,,,,,1,1,,
Marvel Comics,Silver Surfer (Vol. 3) (1987 - 1998),3,Silver Surfer #83,Silver Surfer,83,6/29/1993,2,2,The Infinity Crusade,1,0,0,0,1,,Print,,,,,,,,,,,,,1,1,,
Marvel Comics,Silver Surfer (Vol. 3) (1987 - 1998),3,Silver Surfer #84,Silver Surfer,84,7/27/1993,2,2,The Infinity Crusade,1,0,0,0,1,,Print,,,,,,,,,,,,,1,1,,
Marvel Comics,Silver Surfer (Vol. 3) (1987 - 1998),3,Silver Surfer #85,Silver Surfer,85,8/31/1993,2,2,The Infinity Crusade,1,0,0,0,1,,Print,,,,,,,,,,,,,1,1,,
Marvel Comics,Silver Surfer (Vol. 3) (1987 - 1998),3,Silver Surfer Annual #6,Silver Surfer Annual,6,9/1/1993,,,,0,1,0,0,0,,Print,,,,,,,,,,,,,1,0,,
Marvel Comics,Silver Surfer (Vol. 3) (1987 - 1998),3,Silver Surfer #86,Silver Surfer,86,9/28/1993,1,1,Blood and Thunder,1,0,0,0,1,,Print,,,,,,,,,,,,,1,1,,
Marvel Comics,Silver Surfer (Vol. 3) (1987 - 1998),3,Silver Surfer #87,Silver Surfer,87,10/26/1993,1,1,Blood and Thunder,1,0,0,0,1,,Print,,,,,,,,,,,,,1,1,,
Marvel Comics,Silver Surfer (Vol. 3) (1987 - 1998),3,Silver Surfer #88,Silver Surfer,88,11/30/1993,1,1,Blood and Thunder,1,0,0,0,1,,Print,,,,,,,,,,,,,1,1,,
Marvel Comics,Silver Surfer (Vol. 3) (1987 - 1998),3,Silver Surfer #89,Silver Surfer,89,12/28/1993,12,12,,1,0,0,1,1,,Print,,,,,,,,,,,,,1,1,,
Marvel Comics,Silver Surfer (Vol. 3) (1987 - 1998),3,Silver Surfer #90,Silver Surfer,90,2/8/1994,12,12,,1,0,0,1,1,,Print,,,,,,,,,,,,,1,1,,
Marvel Comics,Silver Surfer (Vol. 3) (1987 - 1998),3,Silver Surfer #91,Silver Surfer,91,2/22/1994,12,12,,1,0,0,1,1,,Print,,,,,,,,,,,,,1,1,,
Marvel Comics,Silver Surfer (Vol. 3) (1987 - 1998),3,Silver Surfer #92,Silver Surfer,92,3/29/1994,12,12,,1,0,0,1,1,,Print,,,,,,,,,,,,,1,1,,
Marvel Comics,Silver Surfer (Vol. 3) (1987 - 1998),3,Silver Surfer #93,Silver Surfer,93,4/26/1994,12,12,Down to Earth,1,0,0,0,1,,Print,,,,,,,,,,,,,1,1,Down to Earth,
Marvel Comics,Silver Surfer (Vol. 3) (1987 - 1998),3,Silver Surfer #94,Silver Surfer,94,5/31/1994,12,12,Down to Earth,1,0,0,0,1,,Print,,,,,,,,,,,,,1,1,Down to Earth,
Marvel Comics,Silver Surfer (Vol. 3) (1987 - 1998),3,Silver Surfer #95,Silver Surfer,95,6/28/1994,12,12,Down to Earth,1,0,0,0,1,,Print,,,,,,,,,,,,,1,1,Down to Earth,
Marvel Comics,Silver Surfer (Vol. 3) (1987 - 1998),3,Silver Surfer #96,Silver Surfer,96,7/26/1994,12,12,Down to Earth,1,0,0,0,1,,Print,,,,,,,,,,,,,1,1,Down to Earth,
Marvel Comics,Silver Surfer (Vol. 3) (1987 - 1998),3,Silver Surfer Annual #7,Silver Surfer Annual,7,8/9/1994,,,,0,1,0,0,0,,Print,,,,,,,,,,,,,1,0,,
Marvel Comics,Silver Surfer (Vol. 3) (1987 - 1998),3,Silver Surfer #97,Silver Surfer,97,8/30/1994,,,,0,1,0,0,0,,Print,,,,,,,,,,,,,1,0,,
Marvel Comics,Silver Surfer (Vol. 3) (1987 - 1998),3,Silver Surfer #98,Silver Surfer,98,9/27/1994,,,,0,1,0,0,0,,Print,,,,,,,,,,,,,1,0,,
Marvel Comics,Silver Surfer (Vol. 3) (1987 - 1998),3,Silver Surfer #99,Silver Surfer,99,10/25/1994,,,,0,1,0,0,0,,Print,,,,,,,,,,,,,1,0,,
Marvel Comics,Silver Surfer (Vol. 3) (1987 - 1998),3,Silver Surfer #100,Silver Surfer,100,11/29/1994,,,,0,1,0,0,0,,Print,,,,,,,,,,,,,1,0,,
Marvel Comics,Silver Surfer (Vol. 3) (1987 - 1998),3,Silver Surfer #101,Silver Surfer,101,12/27/1994,,,,0,1,0,0,0,,Print,,,,,,,,,,,,,1,0,,
Marvel Comics,Silver Surfer (Vol. 3) (1987 - 1998),3,Silver Surfer #102,Silver Surfer,102,1/31/1995,,,,0,1,0,0,0,,Print,,,,,,,,,,,,,1,0,,
Marvel Comics,Silver Surfer (Vol. 3) (1987 - 1998),3,Silver Surfer #103,Silver Surfer,103,2/28/1995,,,,0,1,0,0,0,,Print,,,,,,,,,,,,,1,0,,
Marvel Comics,Silver Surfer (Vol. 3) (1987 - 1998),3,Silver Surfer #104,Silver Surfer,104,3/28/1995,,,,0,1,0,0,0,,Print,,,,,,,,,,,,,1,0,,
Marvel Comics,Silver Surfer (Vol. 3) (1987 - 1998),3,Silver Surfer #105,Silver Surfer,105,4/25/1995,,,,0,1,0,0,0,,Print,,,,,,,,,,,,,1,0,,
Marvel Comics,Silver Surfer (Vol. 3) (1987 - 1998),3,Silver Surfer #106,Silver Surfer,106,5/30/1995,,,,0,1,0,0,0,,Print,,,,,,,,,,,,,1,0,,
Marvel Comics,Silver Surfer (Vol. 3) (1987 - 1998),3,Silver Surfer #107,Silver Surfer,107,8/1/1995,,,,0,1,0,0,0,,Print,,,,,,,,,,,,,1,0,,
Marvel Comics,Silver Surfer (Vol. 3) (1987 - 1998),3,Silver Surfer #108,Silver Surfer,108,8/10/1995,,,,0,1,0,0,0,,Print,,,,,,,,,,,,,1,0,,
Marvel Comics,Silver Surfer (Vol. 3) (1987 - 1998),3,Silver Surfer #109,Silver Surfer,109,8/31/1995,,,,0,1,0,0,0,,Print,,,,,,,,,,,,,1,0,,
Marvel Comics,Silver Surfer (Vol. 3) (1987 - 1998),3,Silver Surfer #110,Silver Surfer,110,11/1/1995,,,,0,1,0,0,0,,Print,,,,,,,,,,,,,1,0,,
Marvel Comics,Silver Surfer (Vol. 3) (1987 - 1998),3,Silver Surfer #111,Silver Surfer,111,12/1/1995,,,,0,1,0,0,0,,Print,,,,,,,,,,,,,1,0,,
Marvel Comics,Silver Surfer (Vol. 3) (1987 - 1998),3,Silver Surfer #112,Silver Surfer,112,1/1/1996,,,,0,1,0,0,0,,Print,,,,,,,,,,,,,1,0,,
Marvel Comics,Silver Surfer (Vol. 3) (1987 - 1998),3,Silver Surfer #113,Silver Surfer,113,2/1/1996,,,,0,1,0,0,0,,Print,,,,,,,,,,,,,1,0,,
Marvel Comics,Silver Surfer (Vol. 3) (1987 - 1998),3,Silver Surfer #114,Silver Surfer,114,3/1/1996,12,12,,1,0,0,1,1,,Print,,,,,,,,,,,,,1,1,,
Marvel Comics,Silver Surfer (Vol. 3) (1987 - 1998),3,Silver Surfer #115,Silver Surfer,115,4/1/1996,12,12,,1,0,0,1,1,,Print,,,,,,,,,,,,,1,1,,
Marvel Comics,Silver Surfer (Vol. 3) (1987 - 1998),3,Silver Surfer #116,Silver Surfer,116,5/1/1996,12,12,,1,0,0,1,1,,Print,,,,,,,,,,,,,1,1,,
Marvel Comics,Silver Surfer (Vol. 3) (1987 - 1998),3,Silver Surfer #117,Silver Surfer,117,6/1/1996,12,12,,1,0,0,1,1,,Print,,,,,,,,,,,,,1,1,,
Marvel Comics,Silver Surfer (Vol. 3) (1987 - 1998),3,Silver Surfer #118,Silver Surfer,118,7/1/1996,12,12,,1,0,0,1,1,,Print,,,,,,,,,,,,,1,1,,
Marvel Comics,Silver Surfer (Vol. 3) (1987 - 1998),3,Silver Surfer #119,Silver Surfer,119,8/1/1996,12,12,,1,0,0,1,1,,Print,,,,,,,,,,,,,1,1,,
Marvel Comics,Silver Surfer (Vol. 3) (1987 - 1998),3,Silver Surfer #120,Silver Surfer,120,9/1/1996,12,12,,1,0,0,1,1,,Print,,,,,,,,,,,,,1,1,,
Marvel Comics,Silver Surfer (Vol. 3) (1987 - 1998),3,Silver Surfer #121,Silver Surfer,121,10/1/1996,12,12,,1,0,0,1,1,,Print,,,,,,,,,,,,,1,1,,
Marvel Comics,Silver Surfer (Vol. 3) (1987 - 1998),3,Silver Surfer #122,Silver Surfer,122,11/1/1996,12,12,,1,0,0,1,1,,Print,,,,,,,,,,,,,1,1,,
Marvel Comics,Silver Surfer (Vol. 3) (1987 - 1998),3,Silver Surfer #123,Silver Surfer,123,12/1/1996,12,12,,1,0,0,1,1,,Print,,,,,,,,,,,,,1,1,,
Marvel Comics,Silver Surfer (Vol. 3) (1987 - 1998),3,Silver Surfer #124,Silver Surfer,124,1/1/1997,12,12,,1,0,0,1,1,,Print,,,,,,,,,,,,,1,1,,
Marvel Comics,Silver Surfer (Vol. 3) (1987 - 1998),3,Silver Surfer #125,Silver Surfer,125,2/1/1997,,,,0,1,0,0,0,,Print,,,,,,,,,,,,,1,0,,
Marvel Comics,Silver Surfer (Vol. 3) (1987 - 1998),3,Silver Surfer #126,Silver Surfer,126,3/1/1997,,,,0,1,0,0,0,,Print,,,,,,,,,,,,,1,0,,
Marvel Comics,Silver Surfer (Vol. 3) (1987 - 1998),3,Silver Surfer #127,Silver Surfer,127,4/1/1997,,,,0,1,0,0,0,,Print,,,,,,,,,,,,,1,0,,
Marvel Comics,Silver Surfer (Vol. 3) (1987 - 1998),3,Silver Surfer #128,Silver Surfer,128,5/1/1997,,,,0,1,0,0,0,,Print,,,,,,,,,,,,,1,0,,
Marvel Comics,Silver Surfer (Vol. 3) (1987 - 1998),3,Silver Surfer 1997 Annual,Silver Surfer 1997 Annual,1,5/21/1997,,,,0,1,0,0,0,,Print,,,,,,,,,,,,,1,0,,
Marvel Comics,Silver Surfer (Vol. 3) (1987 - 1998),3,Silver Surfer #129,Silver Surfer,129,6/1/1997,,,,0,1,0,0,0,,Print,,,,,,,,,,,,,1,0,,
Marvel Comics,Silver Surfer (Vol. 3) (1987 - 1998),3,Silver Surfer #130,Silver Surfer,130,6/25/1997,,,,0,1,0,0,0,,Print,,,,,,,,,,,,,1,0,,
Marvel Comics,Silver Surfer (Vol. 3) (1987 - 1998),3,Silver Surfer #-1,Silver Surfer,1,7/1/1997,,,,0,1,0,0,0,,Print,,,,,,,,,,,,,1,0,,
Marvel Comics,Silver Surfer (Vol. 3) (1987 - 1998),3,Silver Surfer #131,Silver Surfer,131,7/30/1997,,,,0,1,0,0,0,,Print,,,,,,,,,,,,,1,0,,
Marvel Comics,Silver Surfer (Vol. 3) (1987 - 1998),3,Silver Surfer #132,Silver Surfer,132,10/1/1997,,,,0,1,0,0,0,,Print,,,,,,,,,,,,,1,0,,
Marvel Comics,Silver Surfer (Vol. 3) (1987 - 1998),3,Silver Surfer #134,Silver Surfer,134,10/29/1997,,,,0,1,0,0,0,,Print,,,,,,,,,,,,,1,0,,
Marvel Comics,Silver Surfer (Vol. 3) (1987 - 1998),3,Silver Surfer #133,Silver Surfer,133,11/1/1997,,,,0,1,0,0,0,,Print,,,,,,,,,,,,,1,0,,
Marvel Comics,Silver Surfer (Vol. 3) (1987 - 1998),3,Silver Surfer #135,Silver Surfer,135,1/1/1998,,,,0,1,0,0,0,,Print,,,,,,,,,,,,,1,0,,
Marvel Comics,Silver Surfer (Vol. 3) (1987 - 1998),3,Silver Surfer #½,Silver Surfer,1,1/28/1998,,,,0,1,0,0,0,,Print,,,,,,,,,,,,,1,0,,
Marvel Comics,Silver Surfer (Vol. 3) (1987 - 1998),3,Silver Surfer #136,Silver Surfer,136,2/1/1998,,,,0,1,0,0,0,,Print,,,,,,,,,,,,,1,0,,
Marvel Comics,Silver Surfer (Vol. 3) (1987 - 1998),3,Silver Surfer #137,Silver Surfer,137,3/1/1998,,,,0,1,0,0,0,,Print,,,,,,,,,,,,,1,0,,
Marvel Comics,Silver Surfer (Vol. 3) (1987 - 1998),3,Silver Surfer #138,Silver Surfer,138,4/1/1998,,,,0,1,0,0,0,,Print,,,,,,,,,,,,,1,0,,
Marvel Comics,Silver Surfer (Vol. 3) (1987 - 1998),3,Silver Surfer #139,Silver Surfer,139,5/1/1998,,,,0,1,0,0,0,,Print,,,,,,,,,,,,,1,0,,
Marvel Comics,Silver Surfer (Vol. 3) (1987 - 1998),3,Silver Surfer #141,Silver Surfer,141,5/28/1998,,,,0,1,0,0,0,,Print,,,,,,,,,,,,,1,0,,
Marvel Comics,Silver Surfer (Vol. 3) (1987 - 1998),3,Silver Surfer #140,Silver Surfer,140,6/1/1998,,,,0,1,0,0,0,,Print,,,,,,,,,,,,,1,0,,
Marvel Comics,Silver Surfer (Vol. 3) (1987 - 1998),3,Silver Surfer #142,Silver Surfer,142,6/24/1998,,,,0,1,0,0,0,,Print,,,,,,,,,,,,,1,0,,
Marvel Comics,Silver Surfer (Vol. 3) (1987 - 1998),3,Silver Surfer #143,Silver Surfer,143,7/29/1998,,,,0,1,0,0,0,,Print,,,,,,,,,,,,,1,0,,
Marvel Comics,Silver Surfer (Vol. 3) (1987 - 1998),3,Silver Surfer #144,Silver Surfer,144,8/12/1998,,,,0,1,0,0,0,,Print,,,,,,,,,,,,,1,0,,
Marvel Comics,Silver Surfer (Vol. 3) (1987 - 1998),3,Silver Surfer #145,Silver Surfer,145,8/26/1998,,,,0,1,0,0,0,,Print,,,,,,,,,,,,,1,0,,
Marvel Comics,Silver Surfer (Vol. 3) (1987 - 1998),3,Silver Surfer #146,Silver Surfer,146,9/30/1998,,,,0,1,0,0,0,,Print,,,,,,,,,,,,,1,0,,
Marvel Comics,Silver Surfer / Warlock: Resurrection (1993),1,Silver Surfer / Warlock: Resurrection #1,Silver Surfer / Warlock: Resurrection,1,1/19/1993,12,12,,1,0,0,1,1,,Print,,,,,,,,,,,,,1,1,,
Marvel Comics,Silver Surfer / Warlock: Resurrection (1993),1,Silver Surfer / Warlock: Resurrection #2,Silver Surfer / Warlock: Resurrection,2,2/16/1993,12,12,,1,0,0,1,1,,Print,,,,,,,,,,,,,1,1,,
Marvel Comics,Silver Surfer / Warlock: Resurrection (1993),1,Silver Surfer / Warlock: Resurrection #3,Silver Surfer / Warlock: Resurrection,3,3/16/1993,,,,0,1,0,0,0,,Print,,,,,,,,,,,,,1,0,,
Marvel Comics,Silver Surfer / Warlock: Resurrection (1993),1,Silver Surfer / Warlock: Resurrection #4,Silver Surfer / Warlock: Resurrection,4,4/20/1993,,,,0,1,0,0,0,,Print,,,,,,,,,,,,,1,0,,
Marvel Comics,Silver Surfer: Dangerous Artifacts (1996),1,Silver Surfer: Dangerous Artifacts #1,Silver Surfer: Dangerous Artifacts,1,6/2/1996,12,12,,1,0,0,1,1,,Print,,,,,,,,,,,,,1,1,,
Marvel Comics,SilverHawks (1987 - 1988),1,SilverHawks #2,SilverHawks,2,10/21/1987,11,11,,1,0,0,1,1,,Print,,,,,,,,,,,,,1,1,,
Marvel Comics,Sleepwalker (1991 - 1994),1,Sleepwalker #7,Sleepwalker,7,10/8/1991,,14,The Infinity Gauntlet,0,1,0,0,0,,Print,,,,,,,,,,,,,1,0,,
Marvel Comics,Sleepwalker (1991 - 1994),1,Sleepwalker #18,Sleepwalker,18,11/1/1992,,2,The Infinity War,0,1,0,0,0,,Print,,,,,,,,,,,,,1,0,,
Marvel Comics,Solarman (Vol. 1) (1989 - 1990),1,Solarman #1,Solarman,1,9/13/1988,12,12,,1,0,0,1,1,,Print,,,,,,,,,,,,,1,1,,
Marvel Comics,Solarman (Vol. 1) (1989 - 1990),1,Solarman #2,Solarman,2,3/27/1990,12,12,,1,0,0,1,1,,Print,,,,,,,,,,,,,1,1,,
Marvel Comics,Solo Avengers (1987 - 1989),1,Solo Avengers #1,Solo Avengers,1,9/1/1987,,,,0,1,0,0,0,,Print,,,,,,,,,,,,,1,0,,
Marvel Comics,Solo Avengers (1987 - 1989),1,Solo Avengers #2,Solo Avengers,2,9/8/1987,,,,0,1,0,0,0,,Print,,,,,,,,,,,,,1,0,,
Marvel Comics,Solo Avengers (1987 - 1989),1,Solo Avengers #3,Solo Avengers,3,10/13/1987,,,,0,1,0,0,0,,Print,,,,,,,,,,,,,1,0,,
Marvel Comics,Solo Avengers (1987 - 1989),1,Solo Avengers #4,Solo Avengers,4,11/10/1987,3,3,,1,0,0,1,1,,Print,,,,,,,,,,,,,1,1,,
Marvel Comics,Solo Avengers (1987 - 1989),1,Solo Avengers #5,Solo Avengers,5,12/8/1987,3,3,,1,0,0,1,1,,Print,,,,,,,,,,,,,1,1,,
Marvel Comics,Solo Avengers (1987 - 1989),1,Solo Avengers #6,Solo Avengers,6,1/12/1988,,,,0,1,0,0,0,,Print,,,,,,,,,,,,,1,0,,
Marvel Comics,Solo Avengers (1987 - 1989),1,Solo Avengers #7,Solo Avengers,7,2/9/1988,,,,0,1,0,0,0,,Print,,,,,,,,,,,,,1,0,,
Marvel Comics,Solo Avengers (1987 - 1989),1,Solo Avengers #8,Solo Avengers,8,3/8/1988,3,3,,1,0,0,1,1,,Print,,,,,,,,,,,,,1,1,,
Marvel Comics,Solo Avengers (1987 - 1989),1,Solo Avengers #9,Solo Avengers,9,4/12/1988,3,3,,1,0,0,1,1,,Print,,,,,,,,,,,,,1,1,,
Marvel Comics,Solo Avengers (1987 - 1989),1,Solo Avengers #10,Solo Avengers,10,5/10/1988,3,3,,1,0,0,1,1,,Print,,,,,,,,,,,,,1,1,,
Marvel Comics,Solo Avengers (1987 - 1989),1,Solo Avengers #11,Solo Avengers,11,6/14/1988,3,3,,1,0,0,1,1,,Print,,,,,,,,,,,,,1,1,,
Marvel Comics,Solo Avengers (1987 - 1989),1,Solo Avengers #12,Solo Avengers,12,7/12/1988,3,3,,1,0,0,1,1,,Print,,,,,,,,,,,,,1,1,,
Marvel Comics,Solo Avengers (1987 - 1989),1,Solo Avengers #13,Solo Avengers,13,8/9/1988,3,3,,1,0,0,1,2,,Print,,,,,,,,,,,,,1,2,,
Marvel Comics,Solo Avengers (1987 - 1989),1,Solo Avengers #14,Solo Avengers,14,9/13/1988,3,3,,1,0,0,1,1,,Print,,,,,,,,,,,,,1,1,,
Marvel Comics,Solo Avengers (1987 - 1989),1,Solo Avengers #15,Solo Avengers,15,10/11/1988,3,3,,1,0,0,1,1,,Print,,,,,,,,,,,,,1,1,,
Marvel Comics,Solo Avengers (1987 - 1989),1,Solo Avengers #16,Solo Avengers,16,11/8/1988,3,3,,1,0,0,1,1,,Print,,,,,,,,,,,,,1,1,,
Marvel Comics,Solo Avengers (1987 - 1989),1,Solo Avengers #17,Solo Avengers,17,12/13/1988,3,3,,1,0,0,1,1,,Print,,,,,,,,,,,,,1,1,,
Marvel Comics,Solo Avengers (1987 - 1989),1,Solo Avengers #18,Solo Avengers,18,1/10/1989,3,3,,1,0,0,1,1,,Print,,,,,,,,,,,,,1,1,,
Marvel Comics,Solo Avengers (1987 - 1989),1,Solo Avengers #19,Solo Avengers,19,2/14/1989,3,3,,1,0,0,1,1,,Print,,,,,,,,,,,,,1,1,,
Marvel Comics,Solo Avengers (1987 - 1989),1,Solo Avengers #20,Solo Avengers,20,3/14/1989,3,3,,1,0,0,1,1,,Print,,,,,,,,,,,,,1,1,,
Marvel Comics,Speedball (1988 - 1989),1,Speedball #1,Speedball,1,9/1/1988,8,8,,1,0,0,1,1,,Print,,,,,,,,,,,,,1,1,,
Marvel Comics,Speedball (1988 - 1989),1,Speedball #2,Speedball,2,10/14/1988,8,8,,1,0,0,1,1,,Print,,,,,,,,,,,,,1,1,,
Marvel Comics,Speedball (1988 - 1989),1,Speedball #3,Speedball,3,11/16/1988,8,8,,1,0,0,1,1,,Print,,,,,,,,,,,,,1,1,,
Marvel Comics,Speedball (1988 - 1989),1,Speedball #4,Speedball,4,12/14/1988,8,8,,1,0,0,1,1,,Print,,,,,,,,,,,,,1,1,,
Marvel Comics,Speedball (1988 - 1989),1,Speedball #5,Speedball,5,1/18/1989,8,8,,1,0,0,1,1,,Print,,,,,,,,,,,,,1,1,,
Marvel Comics,Speedball (1988 - 1989),1,Speedball #6,Speedball,6,2/15/1989,8,8,,1,0,0,1,1,,Print,,,,,,,,,,,,,1,1,,
Marvel Comics,Speedball (1988 - 1989),1,Speedball #7,Speedball,7,3/15/1989,,,,0,1,0,0,0,,Print,,,,,,,,,,,,,1,0,,
Marvel Comics,Speedball (1988 - 1989),1,Speedball #8,Speedball,8,4/19/1989,8,8,,1,0,0,1,1,,Print,,,,,,,,,,,,,1,1,,
Marvel Comics,Speedball (1988 - 1989),1,Speedball #9,Speedball,9,5/1/1989,8,8,,1,0,0,1,1,,Print,,,,,,,,,,,,,1,1,,
Marvel Comics,Speedball (1988 - 1989),1,Speedball #10,Speedball,10,6/1/1989,,,,0,1,0,0,0,,Print,,,,,,,,,,,,,1,0,,
Marvel Comics,Spider-Man (Vol. 1) (1990 - 1998),1,Spider-Man #24,Spider-Man,24,5/19/1992,,2,The Infinity War,0,1,0,0,0,,Print,,,,,,,,,,,,,1,0,,
Marvel Comics,Spider-Man (Vol. 1) (1990 - 1998),1,Spider-Man #70,Spider-Man,70,5/22/1996,,6,Onslaught,0,1,0,0,0,,Print,,,,,,,,,,,,,1,0,,
Marvel Comics,Spider-Man (Vol. 1) (1990 - 1998),1,Spider-Man #71,Spider-Man,71,6/19/1996,,6,Onslaught,0,1,0,0,0,,Print,,,,,,,,,,,,,1,0,,
Marvel Comics,Spider-Man (Vol. 1) (1990 - 1998),1,Spider-Man #72,Spider-Man,72,7/17/1996,6,6,Onslaught,1,0,0,0,1,,Print,,,,,,,,,,,,,1,1,,
Marvel Comics,Spider-Man 2099 (Vol. 1) (1992 - 1996),1,Spider-Man 2099 #1,Spider-Man 2099,1,9/1/1992,12,12,,1,0,0,1,1,,Print,,,,,,,,,,,,,1,1,,
Marvel Comics,Spider-Man 2099 (Vol. 1) (1992 - 1996),1,Spider-Man 2099 #2,Spider-Man 2099,2,10/6/1992,12,12,,1,0,0,1,1,,Print,,,,,,,,,,,,,1,1,,
Marvel Comics,Spider-Man 2099 (Vol. 1) (1992 - 1996),1,Spider-Man 2099 #16,Spider-Man 2099,16,12/7/1993,1,1,The Fall of the Hammer,1,0,0,0,1,,Print,,,,,,,,,,,,,1,1,,
Marvel Comics,Spider-Woman (Vol. 2) (1993 - 1994),2,Spider-Woman #1,Spider-Woman,1,11/1/1993,11,11,,1,0,0,1,1,,Print,,,,,,,,,,,,,1,1,,
Marvel Comics,Spider-Woman (Vol. 2) (1993 - 1994),2,Spider-Woman #2,Spider-Woman,2,12/1/1993,,,,0,1,0,0,0,,Print,,,,,,,,,,,,,1,0,,
Marvel Comics,Spider-Woman (Vol. 2) (1993 - 1994),2,Spider-Woman #3,Spider-Woman,3,1/1/1994,,,,0,1,0,0,0,,Print,,,,,,,,,,,,,1,0,,
Marvel Comics,Spider-Woman (Vol. 2) (1993 - 1994),2,Spider-Woman #4,Spider-Woman,4,2/1/1994,,,,0,1,0,0,0,,Print,,,,,,,,,,,,,1,0,,
Marvel Comics,Spitfire and the Troubleshooters (Vol. 1) (1986 - 1987),1,Spitfire and the Troubleshooters #2,Spitfire and the Troubleshooters,2,8/12/1986,8,17,,1,0,0,1,1,,Print,,,,,,,,,,,,,1,1,,
Marvel Comics,Star Trek / X-Men (1996),1,Star Trek / X-Men #1,Star Trek / X-Men,1,10/23/1996,12,12,,1,0,0,1,1,,Print,,,,,,,,,,,,,1,1,,
Marvel Comics,Star Wars (Vol. 1) (1977 - 1986),1,Star Wars Annual #2,Star Wars Annual,2,7/27/1982,8,17,,1,0,0,1,1,,Print,,,,,,,,,,,,,1,1,,
Marvel Comics,Star Wars (Vol. 1) (1977 - 1986),1,Star Wars #76,Star Wars,76,6/21/1983,8,17,,1,0,0,1,1,,Print,,,,,,,,,,,,,1,1,,
Marvel Comics,Starjammers (Vol. 1) (1995 - 1996),1,Starjammers #1,Starjammers,1,8/22/1995,12,12,,1,0,0,1,1,,Print,,,,,,,,,,,,,1,1,,
Marvel Comics,Starjammers (Vol. 1) (1995 - 1996),1,Starjammers #2,Starjammers,2,9/19/1995,,,,0,1,0,0,0,,Print,,,,,,,,,,,,,1,0,,
Marvel Comics,Starjammers (Vol. 1) (1995 - 1996),1,Starjammers #3,Starjammers,3,10/17/1995,,,,0,1,0,0,0,,Print,,,,,,,,,,,,,1,0,,
Marvel Comics,Starjammers (Vol. 1) (1995 - 1996),1,Starjammers #4,Starjammers,4,11/21/1995,12,12,,1,0,0,1,1,,Print,,,,,,,,,,,,,1,1,,
Marvel Comics,Starriors (1984 - 1985),1,Starriors #1,Starriors,1,11/1/1984,8,17,,1,0,0,1,1,,Print,,,,,,,,,,,,,1,1,,
Marvel Comics,Starriors (1984 - 1985),1,Starriors #2,Starriors,2,12/1/1984,8,17,,1,0,0,1,1,,Print,,,,,,,,,,,,,1,1,,
Marvel Comics,Storm (Vol. 1) (1996),1,Storm #1,Storm,1,12/21/1995,9,9,,1,0,0,1,1,,Print,,,,,,,,,,,,,1,1,,
Marvel Comics,Storm (Vol. 1) (1996),1,Storm #2,Storm,2,1/18/1996,9,9,,1,0,0,1,1,,Print,,,,,,,,,,,,,1,1,,
Marvel Comics,Storm (Vol. 1) (1996),1,Storm #3,Storm,3,2/22/1996,9,9,,1,0,0,1,1,,Print,,,,,,,,,,,,,1,1,,
Marvel Comics,Storm (Vol. 1) (1996),1,Storm #4,Storm,4,3/21/1996,9,9,,1,0,0,1,1,,Print,,,,,,,,,,,,,1,1,,
Marvel Comics,Stryfe's Strike File (1992),1,Stryfe's Strike File #1,Stryfe's Strike File,1,11/3/1992,12,12,,1,0,0,1,1,,Print,,,,,,,,,,,,,1,1,,
Marvel Comics,Tales from the Age of Apocalypse (1996 - 1997),1,Tales from the Age of Apocalypse #1,Tales from the Age of Apocalypse,1,12/18/1996,,6,Age of Apocalypse,0,1,0,0,0,,Print,,,,,,,,,,,,,1,0,,
Marvel Comics,Tales from the Age of Apocalypse (1996 - 1997),1,Tales from the Age of Apocalypse #2,Tales from the Age of Apocalypse,2,12/10/1997,,6,Age of Apocalypse,0,1,0,0,0,,Print,,,,,,,,,,,,,1,0,,
Marvel Comics,Team America (1982 - 1983),1,Team America #3,Team America,3,8/1/1982,8,17,,1,0,0,1,1,,Print,,,,,,,,,,,,,1,1,,
Marvel Comics,The A-Team (1984),1,The A-Team #1,The A-Team,1,11/22/1983,3,17,,1,0,0,1,1,,Print,,,,,,,,,,,,,1,1,,
Marvel Comics,The Adventures of Cyclops and Phoenix (1994),1,The Adventures of Cyclops and Phoenix #1,The Adventures of Cyclops and Phoenix,1,3/1/1994,5,5,,1,0,0,1,1,,Print,,,,,,,,,,,,,1,1,,
Marvel Comics,The Adventures of Cyclops and Phoenix (1994),1,The Adventures of Cyclops and Phoenix #2,The Adventures of Cyclops and Phoenix,2,4/5/1994,5,5,,1,0,0,1,1,,Print,,,,,,,,,,,,,1,1,,
Marvel Comics,The Adventures of Cyclops and Phoenix (1994),1,The Adventures of Cyclops and Phoenix #3,The Adventures of Cyclops and Phoenix,3,5/3/1994,5,5,,1,0,0,1,1,,Print,,,,,,,,,,,,,1,1,,
Marvel Comics,The Adventures of Cyclops and Phoenix (1994),1,The Adventures of Cyclops and Phoenix #4,The Adventures of Cyclops and Phoenix,4,6/7/1994,5,5,,1,0,0,1,1,,Print,,,,,,,,,,,,,1,1,,
Marvel Comics,The Amazing Spider-Man (Vol. 1) (1962 - 1998),1,The Amazing Spider-Man #16,The Amazing Spider-Man,16,6/9/1964,3,3,,1,0,0,1,1,,Print,,,,,,,,,,,,,1,1,,
Marvel Comics,The Amazing Spider-Man (Vol. 1) (1962 - 1998),1,The Amazing Spider-Man #250,The Amazing Spider-Man,250,11/8/1983,3,3,,1,0,0,1,1,,Print,,,,,,,,,,,,,1,1,,
Marvel Comics,The Amazing Spider-Man (Vol. 1) (1962 - 1998),1,The Amazing Spider-Man #251,The Amazing Spider-Man,251,12/13/1983,3,3,,1,0,0,1,1,,Print,,,,,,,,,,,,,1,1,,
Marvel Comics,The Amazing Spider-Man (Vol. 1) (1962 - 1998),1,The Amazing Spider-Man #252,The Amazing Spider-Man,252,1/10/1984,3,3,,1,0,0,1,1,,Print,,,,,,,,,,,,,1,1,,
Marvel Comics,The Amazing Spider-Man (Vol. 1) (1962 - 1998),1,The Amazing Spider-Man #259,The Amazing Spider-Man,259,8/14/1984,3,3,,1,0,0,1,1,,Print,,,,,,,,,,,,,1,1,,
Marvel Comics,The Amazing Spider-Man (Vol. 1) (1962 - 1998),1,The Amazing Spider-Man #268,The Amazing Spider-Man,268,6/4/1985,14,14,Secret Wars II,1,0,0,0,1,,Print,,,,,,,,,,,,,1,1,,
Marvel Comics,The Amazing Spider-Man (Vol. 1) (1962 - 1998),1,The Amazing Spider-Man #273,The Amazing Spider-Man,273,10/29/1985,,14,Secret Wars II,0,1,0,0,0,,Print,,,,,,,,,,,,,1,0,,
Marvel Comics,The Amazing Spider-Man (Vol. 1) (1962 - 1998),1,The Amazing Spider-Man #274,The Amazing Spider-Man,274,12/3/1985,,14,Secret Wars II,0,1,0,0,0,,Print,,,,,,,,,,,,,1,0,,
Marvel Comics,The Amazing Spider-Man (Vol. 1) (1962 - 1998),1,The Amazing Spider-Man #302,The Amazing Spider-Man,302,3/8/1988,3,3,,1,0,0,1,1,,Print,,,,,,,,,,,,,1,1,,
Marvel Comics,The Amazing Spider-Man (Vol. 1) (1962 - 1998),1,The Amazing Spider-Man #303,The Amazing Spider-Man,303,4/12/1988,3,3,,1,0,0,1,1,,Print,,,,,,,,,,,,,1,1,,
Marvel Comics,The Amazing Spider-Man (Vol. 1) (1962 - 1998),1,The Amazing Spider-Man #304,The Amazing Spider-Man,304,5/10/1988,3,3,,1,0,0,1,1,,Print,,,,,,,,,,,,,1,1,,
Marvel Comics,The Amazing Spider-Man (Vol. 1) (1962 - 1998),1,The Amazing Spider-Man Annual #22,The Amazing Spider-Man Annual,22,5/31/1988,,17,Evolutionary War,1,0,0,0,1,,Print,,,,,,,,,,,,,2,2,,
Marvel Comics,The Amazing Spider-Man (Vol. 1) (1962 - 1998),1,The Amazing Spider-Man #307,The Amazing Spider-Man,307,6/28/1988,3,3,,1,0,0,1,1,,Print,,,,,,,,,,,,,1,1,,
Marvel Comics,The Amazing Spider-Man (Vol. 1) (1962 - 1998),1,The Amazing Spider-Man #308,The Amazing Spider-Man,308,7/12/1988,3,3,,1,0,0,1,1,,Print,,,,,,,,,,,,,1,1,,
Marvel Comics,The Amazing Spider-Man (Vol. 1) (1962 - 1998),1,The Amazing Spider-Man #309,The Amazing Spider-Man,309,7/26/1988,3,3,,1,0,0,1,1,,Print,,,,,,,,,,,,,1,1,,
Marvel Comics,The Amazing Spider-Man (Vol. 1) (1962 - 1998),1,The Amazing Spider-Man #310,The Amazing Spider-Man,310,8/9/1988,3,3,,1,0,0,1,1,,Print,,,,,,,,,,,,,1,1,,
Marvel Comics,The Amazing Spider-Man (Vol. 1) (1962 - 1998),1,The Amazing Spider-Man #311,The Amazing Spider-Man,311,9/13/1988,10,10,Inferno,1,0,0,0,1,,Print,,,,,,,,,,,,,1,1,,
Marvel Comics,The Amazing Spider-Man (Vol. 1) (1962 - 1998),1,The Amazing Spider-Man #312,The Amazing Spider-Man,312,10/11/1988,10,10,Inferno,1,0,0,0,1,,Print,,,,,,,,,,,,,1,1,,
Marvel Comics,The Amazing Spider-Man (Vol. 1) (1962 - 1998),1,The Amazing Spider-Man #313,The Amazing Spider-Man,313,11/8/1988,10,10,Inferno,1,0,0,0,1,,Print,,,,,,,,,,,,,1,1,,https://drive.google.com/file/d/1eP_AaEbYRBzOGKlpntaEnk5LHn9iB18q/view?usp=drive_link
Marvel Comics,The Amazing Spider-Man (Vol. 1) (1962 - 1998),1,The Amazing Spider-Man #315,The Amazing Spider-Man,315,1/10/1989,3,3,,1,0,0,1,1,,Print,,,,,,,,,,,,,1,1,,
Marvel Comics,The Amazing Spider-Man (Vol. 1) (1962 - 1998),1,The Amazing Spider-Man #317,The Amazing Spider-Man,317,3/14/1989,3,3,,1,0,0,1,1,,Print,,,,,,,,,,,,,1,1,,
Marvel Comics,The Amazing Spider-Man (Vol. 1) (1962 - 1998),1,The Amazing Spider-Man #318,The Amazing Spider-Man,318,4/11/1989,3,3,,1,0,0,1,1,,Print,,,,,,,,,,,,,1,1,,
Marvel Comics,The Amazing Spider-Man (Vol. 1) (1962 - 1998),1,The Amazing Spider-Man Annual #23,The Amazing Spider-Man Annual,23,5/2/1989,10,10,Atlantis Attacks,1,0,0,0,1,,Print,,,,,,,,,,,,,2,2,,
Marvel Comics,The Amazing Spider-Man (Vol. 1) (1962 - 1998),1,The Amazing Spider-Man #319,The Amazing Spider-Man,319,5/9/1989,3,3,,1,0,0,1,1,,Print,,,,,,,,,,,,,1,1,,
Marvel Comics,The Amazing Spider-Man (Vol. 1) (1962 - 1998),1,The Amazing Spider-Man #320,The Amazing Spider-Man,320,5/23/1989,3,3,The Assassin Nation Plot,1,0,0,0,1,,Print,,,,,,,,,,,,,1,1,,
Marvel Comics,The Amazing Spider-Man (Vol. 1) (1962 - 1998),1,The Amazing Spider-Man #321,The Amazing Spider-Man,321,6/6/1989,3,3,The Assassin Nation Plot,1,0,0,0,1,,Print,,,,,,,,,,,,,1,1,,
Marvel Comics,The Amazing Spider-Man (Vol. 1) (1962 - 1998),1,The Amazing Spider-Man #322,The Amazing Spider-Man,322,6/20/1989,3,3,The Assassin Nation Plot,1,0,0,0,1,,Print,,,,,,,,,,,,,1,1,,
Marvel Comics,The Amazing Spider-Man (Vol. 1) (1962 - 1998),1,The Amazing Spider-Man #323,The Amazing Spider-Man,323,7/4/1989,3,3,The Assassin Nation Plot,1,0,0,0,1,,Print,,,,,,,,,,,,,1,1,,
Marvel Comics,The Amazing Spider-Man (Vol. 1) (1962 - 1998),1,The Amazing Spider-Man #324,The Amazing Spider-Man,324,7/18/1989,3,3,The Assassin Nation Plot,1,0,0,0,1,,Print,,,,,,,,,,,,,1,1,,
Marvel Comics,The Amazing Spider-Man (Vol. 1) (1962 - 1998),1,The Amazing Spider-Man #325,The Amazing Spider-Man,325,8/8/1989,,3,The Assassin Nation Plot,1,0,0,0,1,,Print,,,,,,,,,,,,,1,1,,
Marvel Comics,The Amazing Spider-Man (Vol. 1) (1962 - 1998),1,The Amazing Spider-Man #326,The Amazing Spider-Man,326,9/12/1989,14,14,Acts of Vengeance,1,0,0,0,1,,Print,,,,,,,,,,,,,1,1,,
Marvel Comics,The Amazing Spider-Man (Vol. 1) (1962 - 1998),1,The Amazing Spider-Man #327,The Amazing Spider-Man,327,10/10/1989,14,14,Acts of Vengeance,1,0,0,0,1,,Print,,,,,,,,,,,,,1,1,,
Marvel Comics,The Amazing Spider-Man (Vol. 1) (1962 - 1998),1,The Amazing Spider-Man #328,The Amazing Spider-Man,328,11/14/1989,14,14,Acts of Vengeance,1,0,0,0,1,,Print,,,,,,,,,,,,,1,1,,
Marvel Comics,The Amazing Spider-Man (Vol. 1) (1962 - 1998),1,The Amazing Spider-Man #329,The Amazing Spider-Man,329,12/14/1989,14,14,Acts of Vengeance,1,0,0,0,1,,Print,,,,,,,,,,,,,1,1,,
Marvel Comics,The Amazing Spider-Man (Vol. 1) (1962 - 1998),1,The Amazing Spider-Man #331,The Amazing Spider-Man,331,2/13/1990,3,3,,1,0,0,1,2,,Print,,,,,,,,,,,,,1,2,,
Marvel Comics,The Amazing Spider-Man (Vol. 1) (1962 - 1998),1,The Amazing Spider-Man #415,The Amazing Spider-Man,415,7/10/1996,6,6,Onslaught,1,0,0,0,1,,Print,,,,,,,,,,,,,1,1,,
Marvel Comics,The Amazing Spider-Man (Vol. 2) (1998 - 2013),2,The Amazing Spider-Man #508,The Amazing Spider-Man,508,6/16/2004,3,3,,1,0,0,1,1,,Print,,,,,,,,,,,,,1,1,,
Marvel Comics,The Amazing X-Men (Vol. 1) (1995),1,The Amazing X-Men #1,The Amazing X-Men,1,1/17/1995,6,6,Age of Apocalypse,1,0,0,0,1,,Print,,,,,,,,,,,,,1,1,,
Marvel Comics,The Amazing X-Men (Vol. 1) (1995),1,The Amazing X-Men #2,The Amazing X-Men,2,2/21/1995,6,6,Age of Apocalypse,1,0,0,0,1,,Print,,,,,,,,,,,,,1,1,,
Marvel Comics,The Amazing X-Men (Vol. 1) (1995),1,The Amazing X-Men #3,The Amazing X-Men,3,3/21/1995,6,6,Age of Apocalypse,1,0,0,0,1,,Print,,,,,,,,,,,,,1,1,,
Marvel Comics,The Amazing X-Men (Vol. 1) (1995),1,The Amazing X-Men #4,The Amazing X-Men,4,4/25/1995,6,6,Age of Apocalypse,1,0,0,0,1,,Print,,,,,,,,,,,,,1,1,,
Marvel Comics,The Astonishing X-Men (Vol. 1) (1995),1,The Astonishing X-Men #1,The Astonishing X-Men,1,1/3/1995,6,6,Age of Apocalypse,1,0,0,0,1,,Print,,,,,,,,,,,,,1,1,,
Marvel Comics,The Astonishing X-Men (Vol. 1) (1995),1,The Astonishing X-Men #2,The Astonishing X-Men,2,2/7/1995,6,6,Age of Apocalypse,1,0,0,0,1,,Print,,,,,,,,,,,,,1,1,,
Marvel Comics,The Astonishing X-Men (Vol. 1) (1995),1,The Astonishing X-Men #3,The Astonishing X-Men,3,3/7/1995,6,6,Age of Apocalypse,1,0,0,0,1,,Print,,,,,,,,,,,,,1,1,,
Marvel Comics,The Astonishing X-Men (Vol. 1) (1995),1,The Astonishing X-Men #4,The Astonishing X-Men,4,4/4/1995,6,6,Age of Apocalypse,1,0,0,0,1,,Print,,,,,,,,,,,,,1,1,,
Marvel Comics,The Avengers (Vol. 1) (1963 - 1996),1,The Avengers #260,The Avengers,260,6/6/1985,,14,Secret Wars II,0,1,0,0,0,,Print,,,,,,,,,,,,,1,0,,
Marvel Comics,The Avengers (Vol. 1) (1963 - 1996),1,The Avengers #261,The Avengers,261,7/16/1985,,14,Secret Wars II,0,1,0,0,0,,Print,,,,,,,,,,,,,1,0,,
Marvel Comics,The Avengers (Vol. 1) (1963 - 1996),1,The Avengers #265,The Avengers,265,12/10/1985,14,14,Secret Wars II,1,0,0,0,1,,Print,,,,,,,,,,,,,1,1,,
Marvel Comics,The Avengers (Vol. 1) (1963 - 1996),1,The Avengers #266,The Avengers,266,1/7/1986,,14,Secret Wars II,0,1,0,0,0,,Print,,,,,,,,,,,,,1,0,,
Marvel Comics,The Avengers (Vol. 1) (1963 - 1996),1,The Avengers #279,The Avengers,279,1/20/1987,3,3,,1,0,0,1,1,,Print,,,,,,,,,,,,,1,1,,
Marvel Comics,The Avengers (Vol. 1) (1963 - 1996),1,The Avengers #281,The Avengers,281,3/20/1987,3,3,,1,0,0,1,1,,Print,,,,,,,,,,,,,1,1,,
Marvel Comics,The Avengers (Vol. 1) (1963 - 1996),1,The Avengers #282,The Avengers,282,4/20/1987,3,3,,1,0,0,1,1,,Print,,,,,,,,,,,,,1,1,,
Marvel Comics,The Avengers (Vol. 1) (1963 - 1996),1,The Avengers #283,The Avengers,283,5/12/1987,3,3,,1,0,0,1,1,,Print,,,,,,,,,,,,,1,1,,
Marvel Comics,The Avengers (Vol. 1) (1963 - 1996),1,The Avengers #284,The Avengers,284,6/20/1987,3,3,,1,0,0,1,1,,Print,,,,,,,,,,,,,1,1,,
Marvel Comics,The Avengers (Vol. 1) (1963 - 1996),1,The Avengers #285,The Avengers,285,7/20/1987,3,3,,1,0,0,1,1,,Print,,,,,,,,,,,,,1,1,,
Marvel Comics,The Avengers (Vol. 1) (1963 - 1996),1,The Avengers #286,The Avengers,286,8/20/1987,3,3,,1,0,0,1,2,,Print,,,,,,,,,,,,,1,2,,
Marvel Comics,The Avengers (Vol. 1) (1963 - 1996),1,The Avengers #287,The Avengers,287,9/20/1987,3,3,,1,0,0,1,1,,Print,,,,,,,,,,,,,1,1,,
Marvel Comics,The Avengers (Vol. 1) (1963 - 1996),1,The Avengers #288,The Avengers,288,10/20/1987,3,3,,1,0,0,1,1,,Print,,,,,,,,,,,,,1,1,,
Marvel Comics,The Avengers (Vol. 1) (1963 - 1996),1,The Avengers #289,The Avengers,289,11/20/1987,3,3,,1,0,0,1,1,,Print,,,,,,,,,,,,,1,1,,
Marvel Comics,The Avengers (Vol. 1) (1963 - 1996),1,The Avengers #290,The Avengers,290,12/15/1987,3,3,,1,0,0,1,1,,Print,,,,,,,,,,,,,1,1,,
Marvel Comics,The Avengers (Vol. 1) (1963 - 1996),1,The Avengers #292,The Avengers,292,2/18/1988,3,3,,1,0,0,1,2,,Print,,,,,,,,,,,,,1,2,,
Marvel Comics,The Avengers (Vol. 1) (1963 - 1996),1,The Avengers #293,The Avengers,293,3/17/1988,3,3,,1,0,0,1,1,,Print,,,,,,,,,,,,,1,1,,
Marvel Comics,The Avengers (Vol. 1) (1963 - 1996),1,The Avengers #294,The Avengers,294,4/19/1988,3,3,,1,0,0,1,1,,Print,,,,,,,,,,,,,1,1,,
Marvel Comics,The Avengers (Vol. 1) (1963 - 1996),1,The Avengers #295,The Avengers,295,5/19/1988,3,3,,1,0,0,1,1,,Print,,,,,,,,,,,,,1,1,,
Marvel Comics,The Avengers (Vol. 1) (1963 - 1996),1,The Avengers #296,The Avengers,296,6/23/1988,3,3,,1,0,0,1,1,,Print,,,,,,,,,,,,,1,1,,
Marvel Comics,The Avengers (Vol. 1) (1963 - 1996),1,The Avengers #297,The Avengers,297,7/21/1988,3,3,,1,0,0,1,1,,Print,,,,,,,,,,,,,1,1,,
Marvel Comics,The Avengers (Vol. 1) (1963 - 1996),1,The Avengers #298,The Avengers,298,8/18/1988,10,10,Inferno,1,0,0,0,1,,Print,,,,,,,,,,,,,1,1,,
Marvel Comics,The Avengers (Vol. 1) (1963 - 1996),1,The Avengers #299,The Avengers,299,9/22/1988,10,10,Inferno,1,0,0,0,1,,Print,,,,,,,,,,,,,1,1,,
Marvel Comics,The Avengers (Vol. 1) (1963 - 1996),1,The Avengers #300,The Avengers,300,10/18/1988,10,10,Inferno,1,0,0,0,1,,Print,,,,,,,,,,,,,1,1,,
Marvel Comics,The Avengers (Vol. 1) (1963 - 1996),1,The Avengers #301,The Avengers,301,11/17/1988,3,3,Super Nova Saga,1,0,0,0,1,,Print,,,,,,,,,,,,,1,1,Super Nova Saga,
Marvel Comics,The Avengers (Vol. 1) (1963 - 1996),1,The Avengers #302,The Avengers,302,12/22/1988,3,3,Super Nova Saga,1,0,0,0,1,,Print,,,,,,,,,,,,,1,1,Super Nova Saga,
Marvel Comics,The Avengers (Vol. 1) (1963 - 1996),1,The Avengers Annual #17,The Avengers Annual,17,7/14/1988,,17,Evolutionary War,1,0,0,0,1,,Print,,,,,,,,,,,,,2,2,,
Marvel Comics,The Avengers (Vol. 1) (1963 - 1996),1,The Avengers #303,The Avengers,303,1/20/1989,3,3,Super Nova Saga,1,0,0,0,1,,Print,,,,,,,,,,,,,1,1,Super Nova Saga,
Marvel Comics,The Avengers (Vol. 1) (1963 - 1996),1,The Avengers #304,The Avengers,304,2/20/1989,3,3,,1,0,0,1,1,,Print,,,,,,,,,,,,,1,1,,
Marvel Comics,The Avengers (Vol. 1) (1963 - 1996),1,The Avengers #305,The Avengers,305,3/20/1989,3,3,,1,0,0,1,1,,Print,,,,,,,,,,,,,1,1,,
Marvel Comics,The Avengers (Vol. 1) (1963 - 1996),1,The Avengers #306,The Avengers,306,4/20/1989,3,3,,1,0,0,1,1,,Print,,,,,,,,,,,,,1,1,,
Marvel Comics,The Avengers (Vol. 1) (1963 - 1996),1,The Avengers #307,The Avengers,307,5/21/1989,3,3,,1,0,0,1,1,,Print,,,,,,,,,,,,,1,1,,
Marvel Comics,The Avengers (Vol. 1) (1963 - 1996),1,The Avengers Annual #18,The Avengers Annual,18,6/6/1989,10,10,Atlantis Attacks,1,0,0,0,1,,Print,,,,,,,,,,,,,2,2,,
Marvel Comics,The Avengers (Vol. 1) (1963 - 1996),1,The Avengers #308,The Avengers,308,6/20/1989,3,3,,1,0,0,1,1,,Print,,,,,,,,,,,,,1,1,,
Marvel Comics,The Avengers (Vol. 1) (1963 - 1996),1,The Avengers #309,The Avengers,309,7/20/1989,3,3,,1,0,0,1,1,,Print,,,,,,,,,,,,,1,1,,
Marvel Comics,The Avengers (Vol. 1) (1963 - 1996),1,The Avengers #310,The Avengers,310,7/29/1989,3,3,,1,0,0,1,1,,Print,,,,,,,,,,,,,1,1,,
Marvel Comics,The Avengers (Vol. 1) (1963 - 1996),1,The Avengers #311,The Avengers,311,9/19/1989,14,14,Acts of Vengeance,1,0,0,0,1,,Print,,,,,,,,,,,,,1,1,,
Marvel Comics,The Avengers (Vol. 1) (1963 - 1996),1,The Avengers #312,The Avengers,312,10/17/1989,14,14,Acts of Vengeance,1,0,0,0,1,,Print,,,,,,,,,,,,,1,1,,
Marvel Comics,The Avengers (Vol. 1) (1963 - 1996),1,The Avengers #313,The Avengers,313,11/21/1989,14,14,Acts of Vengeance,1,0,0,0,1,,Print,,,,,,,,,,,,,1,1,,
Marvel Comics,The Avengers (Vol. 1) (1963 - 1996),1,The Avengers Annual #19,The Avengers Annual,19,7/31/1990,,14,Acts of Vengeance,0,1,0,0,0,,Print,,,,,,,,,,,,,1,0,,
Marvel Comics,The Avengers (Vol. 1) (1963 - 1996),1,The Avengers #314,The Avengers,314,12/19/1989,3,3,,1,0,0,1,1,,Print,,,,,,,,,,,,,1,1,,
Marvel Comics,The Avengers (Vol. 1) (1963 - 1996),1,The Avengers #315,The Avengers,315,1/16/1990,3,3,,1,0,0,1,1,,Print,,,,,,,,,,,,,1,1,,
Marvel Comics,The Avengers (Vol. 1) (1963 - 1996),1,The Avengers #316,The Avengers,316,2/20/1990,3,3,,1,0,0,1,1,,Print,,,,,,,,,,,,,1,1,,
Marvel Comics,The Avengers (Vol. 1) (1963 - 1996),1,The Avengers #345,The Avengers,345,1/21/1992,,9,Operation Galactic Storm,0,1,0,0,0,,Print,,,,,,,,,,,,,1,0,,
Marvel Comics,The Avengers (Vol. 1) (1963 - 1996),1,The Avengers #346,The Avengers,346,2/18/1992,,9,Operation Galactic Storm,0,1,0,0,0,,Print,,,,,,,,,,,,,1,0,,
Marvel Comics,The Avengers (Vol. 1) (1963 - 1996),1,The Avengers #347,The Avengers,347,3/21/1992,9,9,Operation Galactic Storm,1,0,0,0,1,,Print,,,,,,,,,,,,,1,1,,
Marvel Comics,The Avengers (Vol. 1) (1963 - 1996),1,The Avengers #368,The Avengers,368,9/21/1993,,1,Bloodties,0,1,0,0,0,,Print,,,,,,,,,,,,,1,0,,
Marvel Comics,The Avengers (Vol. 1) (1963 - 1996),1,The Avengers #369,The Avengers,369,10/19/1993,1,1,Bloodties,1,0,0,0,1,,Print,,,,,,,,,,,,,1,1,,
Marvel Comics,The Avengers (Vol. 1) (1963 - 1996),1,The Avengers #397,The Avengers,397,3/7/1996,3,3,,1,0,0,1,1,,Print,,,,,,,,,,,,,1,1,,
Marvel Comics,The Avengers (Vol. 1) (1963 - 1996),1,The Avengers #398,The Avengers,398,3/21/1996,3,3,,1,0,0,1,1,,Print,,,,,,,,,,,,,1,1,,
Marvel Comics,The Avengers (Vol. 1) (1963 - 1996),1,The Avengers #399,The Avengers,399,4/21/1996,3,3,,1,0,0,1,1,,Print,,,,,,,,,,,,,1,1,,
Marvel Comics,The Avengers (Vol. 1) (1963 - 1996),1,The Avengers #400,The Avengers,400,5/21/1996,3,3,,1,0,0,1,1,,Print,,,,,,,,,,,,,1,1,,
Marvel Comics,The Avengers (Vol. 1) (1963 - 1996),1,The Avengers #401,The Avengers,401,6/26/1996,6,6,Onslaught,1,0,0,0,1,,Print,,,,,,,,,,,,,1,1,,
Marvel Comics,The Avengers (Vol. 1) (1963 - 1996),1,The Avengers #402,The Avengers,402,8/7/1996,6,6,Onslaught,1,0,0,0,1,,Print,,,,,,,,,,,,,1,1,,
Marvel Comics,The Avengers (Vol. 2) (1996 - 1997),2,The Avengers #1,The Avengers,1,9/25/1996,13,13,Heroes Reborn,1,0,0,0,1,,Print,,,,,,,,,,,,,1,1,,
Marvel Comics,The Avengers (Vol. 2) (1996 - 1997),2,The Avengers #2,The Avengers,2,10/23/1996,13,13,Heroes Reborn,1,0,0,0,1,,Print,,,,,,,,,,,,,1,1,,
Marvel Comics,The Avengers (Vol. 2) (1996 - 1997),2,The Avengers #3,The Avengers,3,11/13/1996,13,13,Heroes Reborn,1,0,0,0,1,,Print,,,,,,,,,,,,,1,1,,
Marvel Comics,The Avengers (Vol. 2) (1996 - 1997),2,The Avengers #4,The Avengers,4,12/11/1996,13,13,Heroes Reborn,1,0,0,0,1,,Print,,,,,,,,,,,,,1,1,,
Marvel Comics,The Avengers (Vol. 2) (1996 - 1997),2,The Avengers #5,The Avengers,5,1/8/1997,,13,Heroes Reborn,0,1,0,0,0,,Print,,,,,,,,,,,,,1,0,,
Marvel Comics,The Avengers (Vol. 2) (1996 - 1997),2,The Avengers #6,The Avengers,6,2/12/1997,,13,Heroes Reborn,0,1,0,0,0,,Print,,,,,,,,,,,,,1,0,,
Marvel Comics,The Avengers (Vol. 2) (1996 - 1997),2,The Avengers #7,The Avengers,7,3/19/1997,,13,Heroes Reborn,0,1,0,0,0,,Print,,,,,,,,,,,,,1,0,,
Marvel Comics,The Avengers (Vol. 2) (1996 - 1997),2,The Avengers #8,The Avengers,8,4/16/1997,,13,Heroes Reborn,0,1,0,0,0,,Print,,,,,,,,,,,,,1,0,,
Marvel Comics,The Avengers (Vol. 2) (1996 - 1997),2,The Avengers #9,The Avengers,9,5/29/1997,,13,Heroes Reborn,0,1,0,0,0,,Print,,,,,,,,,,,,,1,0,,
Marvel Comics,The Avengers (Vol. 2) (1996 - 1997),2,The Avengers #10,The Avengers,10,6/12/1997,,13,Heroes Reborn,0,1,0,0,0,,Print,,,,,,,,,,,,,1,0,,
Marvel Comics,The Avengers (Vol. 2) (1996 - 1997),2,The Avengers #11,The Avengers,11,7/9/1997,,13,Heroes Reborn,0,1,0,0,0,,Print,,,,,,,,,,,,,1,0,,
Marvel Comics,The Avengers (Vol. 2) (1996 - 1997),2,The Avengers #12,The Avengers,12,8/20/1997,,13,Heroes Reborn,0,1,0,0,0,,Print,,,,,,,,,,,,,1,0,,
Marvel Comics,The Avengers (Vol. 2) (1996 - 1997),2,The Avengers #13,The Avengers,13,9/17/1997,,13,Heroes Reborn,0,1,0,0,0,,Print,,,,,,,,,,,,,1,0,,
Marvel Comics,The Further Adventures of Cyclops and Phoenix (1996),1,The Further Adventures of Cyclops and Phoenix #1,The Further Adventures of Cyclops and Phoenix,1,4/24/1996,5,5,,1,0,0,1,1,,Print,,,,,,,,,,,,,1,1,,
Marvel Comics,The Further Adventures of Cyclops and Phoenix (1996),1,The Further Adventures of Cyclops and Phoenix #2,The Further Adventures of Cyclops and Phoenix,2,5/29/1996,5,5,,1,0,0,1,1,,Print,,,,,,,,,,,,,1,1,,
Marvel Comics,The Further Adventures of Cyclops and Phoenix (1996),1,The Further Adventures of Cyclops and Phoenix #3,The Further Adventures of Cyclops and Phoenix,3,6/26/1996,5,5,,1,0,0,1,1,,Print,,,,,,,,,,,,,1,1,,
Marvel Comics,The Further Adventures of Cyclops and Phoenix (1996),1,The Further Adventures of Cyclops and Phoenix #4,The Further Adventures of Cyclops and Phoenix,4,7/31/1996,5,5,,1,0,0,1,1,,Print,,,,,,,,,,,,,1,1,,
Marvel Comics,The Incredible Hulk (Vol. 2) (1968 - 1999),2,The Incredible Hulk #278,The Incredible Hulk,278,9/7/1982,4,18,,1,0,0,1,1,,Print,,,,,,,,,,,,,1,1,,
Marvel Comics,The Incredible Hulk (Vol. 2) (1968 - 1999),2,The Incredible Hulk #312,The Incredible Hulk,312,10/8/1985,,14,Secret Wars II,0,1,0,0,0,,Print,,,,,,,,,,,,,1,0,,
Marvel Comics,The Incredible Hulk (Vol. 2) (1968 - 1999),2,The Incredible Hulk #333,The Incredible Hulk,333,4/7/1987,4,18,,1,0,0,1,1,,Print,,,,,,,,,,,,,1,1,,
Marvel Comics,The Incredible Hulk (Vol. 2) (1968 - 1999),2,The Incredible Hulk #334,The Incredible Hulk,334,5/12/1987,4,18,,1,0,0,1,1,,Print,,,,,,,,,,,,,1,1,,
Marvel Comics,The Incredible Hulk (Vol. 2) (1968 - 1999),2,The Incredible Hulk #340,The Incredible Hulk,340,10/20/1987,4,18,,1,0,0,1,1,,Print,,,,,,,,,,,,,1,1,,
Marvel Comics,The Incredible Hulk (Vol. 2) (1968 - 1999),2,The Incredible Hulk #345,The Incredible Hulk,345,3/15/1988,4,18,,1,0,0,1,1,,Print,,,,,,,,,,,,,1,1,,
Marvel Comics,The Incredible Hulk (Vol. 2) (1968 - 1999),2,The Incredible Hulk #346,The Incredible Hulk,346,4/19/1988,4,18,,1,0,0,1,1,,Print,,,,,,,,,,,,,1,1,,
Marvel Comics,The Incredible Hulk (Vol. 2) (1968 - 1999),2,The Incredible Hulk #347,The Incredible Hulk,347,5/17/1988,4,18,,1,0,0,1,1,,Print,,,,,,,,,,,,,1,1,,
Marvel Comics,The Incredible Hulk (Vol. 2) (1968 - 1999),2,The Incredible Hulk #348,The Incredible Hulk,348,6/21/1988,4,18,,1,0,0,1,1,,Print,,,,,,,,,,,,,1,1,,
Marvel Comics,The Incredible Hulk (Vol. 2) (1968 - 1999),2,The Incredible Hulk #349,The Incredible Hulk,349,7/21/1988,4,18,,1,0,0,1,1,,Print,,,,,,,,,,,,,1,1,,
Marvel Comics,The Incredible Hulk (Vol. 2) (1968 - 1999),2,The Incredible Hulk #350,The Incredible Hulk,350,8/16/1988,4,18,,1,0,0,1,1,,Print,,,,,,,,,,,,,1,1,,
Marvel Comics,The Incredible Hulk (Vol. 2) (1968 - 1999),2,The Incredible Hulk #351,The Incredible Hulk,351,9/20/1988,4,18,,1,0,0,1,1,,Print,,,,,,,,,,,,,1,1,,
Marvel Comics,The Incredible Hulk (Vol. 2) (1968 - 1999),2,The Incredible Hulk #352,The Incredible Hulk,352,10/18/1988,4,18,,1,0,0,1,1,,Print,,,,,,,,,,,,,1,1,,
Marvel Comics,The Incredible Hulk (Vol. 2) (1968 - 1999),2,The Incredible Hulk #353,The Incredible Hulk,353,11/15/1988,4,18,,1,0,0,1,1,,Print,,,,,,,,,,,,,1,1,,
Marvel Comics,The Incredible Hulk (Vol. 2) (1968 - 1999),2,The Incredible Hulk #354,The Incredible Hulk,354,12/20/1988,4,18,,1,0,0,1,1,,Print,,,,,,,,,,,,,1,1,,
Marvel Comics,The Incredible Hulk (Vol. 2) (1968 - 1999),2,The Incredible Hulk #355,The Incredible Hulk,355,1/17/1989,4,18,,1,0,0,1,1,,Print,,,,,,,,,,,,,1,1,,
Marvel Comics,The Incredible Hulk (Vol. 2) (1968 - 1999),2,The Incredible Hulk #356,The Incredible Hulk,356,2/21/1989,4,18,,1,0,0,1,1,,Print,,,,,,,,,,,,,1,1,,
Marvel Comics,The Incredible Hulk (Vol. 2) (1968 - 1999),2,The Incredible Hulk #357,The Incredible Hulk,357,3/21/1989,4,18,,1,0,0,1,1,,Print,,,,,,,,,,,,,1,1,,
Marvel Comics,The Incredible Hulk (Vol. 2) (1968 - 1999),2,The Incredible Hulk #358,The Incredible Hulk,358,4/18/1989,4,18,,1,0,0,1,1,,Print,,,,,,,,,,,,,1,1,,
Marvel Comics,The Incredible Hulk (Vol. 2) (1968 - 1999),2,The Incredible Hulk #359,The Incredible Hulk,359,5/16/1989,4,18,,1,0,0,1,1,,Print,,,,,,,,,,,,,1,1,,
Marvel Comics,The Incredible Hulk (Vol. 2) (1968 - 1999),2,The Incredible Hulk #360,The Incredible Hulk,360,6/20/1989,4,18,,1,0,0,1,1,,Print,,,,,,,,,,,,,1,1,,
Marvel Comics,The Incredible Hulk (Vol. 2) (1968 - 1999),2,The Incredible Hulk #361,The Incredible Hulk,361,7/18/1989,4,18,,1,0,0,1,1,,Print,,,,,,,,,,,,,1,1,,
Marvel Comics,The Incredible Hulk (Vol. 2) (1968 - 1999),2,The Incredible Hulk #362,The Incredible Hulk,362,8/15/1989,4,18,,1,0,0,1,1,,Print,,,,,,,,,,,,,1,1,,
Marvel Comics,The Incredible Hulk (Vol. 2) (1968 - 1999),2,The Incredible Hulk #363,The Incredible Hulk,363,9/19/1989,14,14,Acts of Vengeance,1,0,0,0,1,,Print,,,,,,,,,,,,,1,1,,
Marvel Comics,The Incredible Hulk (Vol. 2) (1968 - 1999),2,The Incredible Hulk #364,The Incredible Hulk,364,10/17/1989,4,18,Countdown 4 3 2 1,1,0,0,0,1,,Print,,,,,,,,,,,,,1,1,Countdown 4 3 2 1,
Marvel Comics,The Incredible Hulk (Vol. 2) (1968 - 1999),2,The Incredible Hulk #365,The Incredible Hulk,365,11/21/1989,4,18,Countdown 4 3 2 1,1,0,0,0,1,,Print,,,,,,,,,,,,,1,1,Countdown 4 3 2 1,
Marvel Comics,The Incredible Hulk (Vol. 2) (1968 - 1999),2,The Incredible Hulk #366,The Incredible Hulk,366,12/19/1989,4,18,Countdown 4 3 2 1,1,0,0,0,1,,Print,,,,,,,,,,,,,1,1,Countdown 4 3 2 1,
Marvel Comics,The Incredible Hulk (Vol. 2) (1968 - 1999),2,The Incredible Hulk #367,The Incredible Hulk,367,1/16/1990,4,18,Countdown 4 3 2 1,1,0,0,0,1,,Print,,,,,,,,,,,,,1,1,Countdown 4 3 2 1,
Marvel Comics,The Incredible Hulk (Vol. 2) (1968 - 1999),2,The Incredible Hulk #384,The Incredible Hulk,384,6/18/1991,,14,The Infinity Gauntlet,0,1,0,0,0,,Print,,,,,,,,,,,,,1,0,,
Marvel Comics,The Incredible Hulk (Vol. 2) (1968 - 1999),2,The Incredible Hulk #385,The Incredible Hulk,385,7/16/1991,,14,The Infinity Gauntlet,0,1,0,0,0,,Print,,,,,,,,,,,,,1,0,,
Marvel Comics,The Incredible Hulk (Vol. 2) (1968 - 1999),2,The Incredible Hulk #390,The Incredible Hulk,390,12/17/1991,,15,War and Pieces,0,1,0,0,0,,Print,,,,,,,,,,,,,1,0,War and Pieces,
Marvel Comics,The Incredible Hulk (Vol. 2) (1968 - 1999),2,The Incredible Hulk #391,The Incredible Hulk,391,1/21/1992,15,15,War and Pieces,1,0,0,0,1,,Print,,,,,,,,,,,,,1,1,War and Pieces,https://drive.google.com/file/d/19VdAcT1eg_8Hi2UOdaMxK7ssSfDw1oC4/view?usp=drive_link
Marvel Comics,The Incredible Hulk (Vol. 2) (1968 - 1999),2,The Incredible Hulk #392,The Incredible Hulk,392,2/18/1992,,15,War and Pieces,0,1,0,0,0,,Print,,,,,,,,,,,,,1,0,War and Pieces,
Marvel Comics,The Incredible Hulk (Vol. 2) (1968 - 1999),2,The Incredible Hulk #444,The Incredible Hulk,444,6/19/1996,,6,Onslaught,0,1,0,0,0,,Print,,,,,,,,,,,,,1,0,,
Marvel Comics,The Incredible Hulk (Vol. 2) (1968 - 1999),2,The Incredible Hulk #445,The Incredible Hulk,445,7/17/1996,6,6,Onslaught,1,0,0,0,1,,Print,,,,,,,,,,,,,1,1,,
Marvel Comics,The Incredible Hulk (Vol. 2) (1968 - 1999),2,The Incredible Hulk #449,The Incredible Hulk,449,11/20/1996,4,18,,1,0,0,1,1,,Print,,,,,,,,,,,,,1,1,,
Marvel Comics,The Infinity Crusade (1993),1,The Infinity Crusade #1,The Infinity Crusade,1,4/27/1993,,2,The Infinity Crusade,0,1,0,0,0,,Print,,,,,,,,,,,,,1,0,,
Marvel Comics,The Infinity Crusade (1993),1,The Infinity Crusade #2,The Infinity Crusade,2,5/25/1993,,2,The Infinity Crusade,0,1,0,0,0,,Print,,,,,,,,,,,,,1,0,,
Marvel Comics,The Infinity Crusade (1993),1,The Infinity Crusade #3,The Infinity Crusade,3,6/22/1993,,2,The Infinity Crusade,0,1,0,0,0,,Print,,,,,,,,,,,,,1,0,,
Marvel Comics,The Infinity Crusade (1993),1,The Infinity Crusade #4,The Infinity Crusade,4,7/27/1993,2,2,The Infinity Crusade,1,0,0,0,1,,Print,,,,,,,,,,,,,1,1,,
Marvel Comics,The Infinity Crusade (1993),1,The Infinity Crusade #5,The Infinity Crusade,5,8/24/1993,,2,The Infinity Crusade,0,1,0,0,0,,Print,,,,,,,,,,,,,1,0,,
Marvel Comics,The Infinity Crusade (1993),1,The Infinity Crusade #6,The Infinity Crusade,6,9/28/1993,,2,The Infinity Crusade,0,1,0,0,0,,Print,,,,,,,,,,,,,1,0,,
Marvel Comics,The Infinity Gauntlet (Vol. 1) (1991),1,The Infinity Gauntlet #1,The Infinity Gauntlet,1,5/21/1991,,14,The Infinity Gauntlet,0,1,0,0,0,,Print,,,,,,,,,,,,,1,0,,
Marvel Comics,The Infinity Gauntlet (Vol. 1) (1991),1,The Infinity Gauntlet #2,The Infinity Gauntlet,2,6/18/1991,,14,The Infinity Gauntlet,0,1,0,0,0,,Print,,,,,,,,,,,,,1,0,,
Marvel Comics,The Infinity Gauntlet (Vol. 1) (1991),1,The Infinity Gauntlet #3,The Infinity Gauntlet,3,7/16/1991,14,14,The Infinity Gauntlet,1,0,0,0,1,,Print,,,,,,,,,,,,,1,1,,
Marvel Comics,The Infinity Gauntlet (Vol. 1) (1991),1,The Infinity Gauntlet #4,The Infinity Gauntlet,4,8/20/1991,,14,The Infinity Gauntlet,0,1,0,0,0,,Print,,,,,,,,,,,,,1,0,,
Marvel Comics,The Infinity Gauntlet (Vol. 1) (1991),1,The Infinity Gauntlet #5,The Infinity Gauntlet,5,9/17/1991,,14,The Infinity Gauntlet,0,1,0,0,0,,Print,,,,,,,,,,,,,1,0,,
Marvel Comics,The Infinity Gauntlet (Vol. 1) (1991),1,The Infinity Gauntlet #6,The Infinity Gauntlet,6,10/22/1991,,14,The Infinity Gauntlet,0,1,0,0,0,,Print,,,,,,,,,,,,,1,0,,
Marvel Comics,The Infinity War (1992),1,The Infinity War #1,The Infinity War,1,4/28/1992,2,2,The Infinity War,1,0,0,0,1,,Print,,,,,,,,,,,,,1,1,,
Marvel Comics,The Infinity War (1992),1,The Infinity War #2,The Infinity War,2,5/26/1992,2,2,The Infinity War,1,0,0,0,1,,Print,,,,,,,,,,,,,1,1,,
Marvel Comics,The Infinity War (1992),1,The Infinity War #3,The Infinity War,3,6/23/1992,2,2,The Infinity War,1,0,0,0,1,,Print,,,,,,,,,,,,,1,1,,
Marvel Comics,The Infinity War (1992),1,The Infinity War #4,The Infinity War,4,7/28/1992,2,2,The Infinity War,1,0,0,0,1,,Print,,,,,,,,,,,,,1,1,,
Marvel Comics,The Infinity War (1992),1,The Infinity War #5,The Infinity War,5,8/25/1992,2,2,The Infinity War,1,0,0,0,1,,Print,,,,,,,,,,,,,1,1,,
Marvel Comics,The Infinity War (1992),1,The Infinity War #6,The Infinity War,6,9/22/1992,2,2,The Infinity War,1,0,0,0,1,,Print,,,,,,,,,,,,,1,1,,
Marvel Comics,The Last Starfighter (1984),1,The Last Starfighter #1,The Last Starfighter,1,10/1/1984,,,,0,1,0,0,0,,Print,,,,,,,,,,,,,1,0,,
Marvel Comics,The Last Starfighter (1984),1,The Last Starfighter #2,The Last Starfighter,2,11/1/1984,,,,0,1,0,0,0,,Print,,,,,,,,,,,,,1,0,,
Marvel Comics,The Last Starfighter (1984),1,The Last Starfighter #3,The Last Starfighter,3,12/1/1984,,17,,1,0,0,1,1,,Print,,,,,,,,,,,,,1,1,,
Marvel Comics,The Marvel Saga (1985 - 1987),1,The Marvel Saga #21,The Marvel Saga,21,5/12/1987,14,14,,1,0,0,1,1,,Print,,,,,,,,,,,,,1,1,,
Marvel Comics,The Marvel X-Men Collection (1994),1,The Marvel X-Men Collection #1,The Marvel X-Men Collection,1,1/1/1994,1,1,,1,0,0,1,1,,Print,,,,,,,,,,,,,1,1,,
Marvel Comics,The Marvel X-Men Collection (1994),1,The Marvel X-Men Collection #2,The Marvel X-Men Collection,2,2/1/1994,1,1,,1,0,0,1,1,,Print,,,,,,,,,,,,,1,1,,
Marvel Comics,The Marvel X-Men Collection (1994),1,The Marvel X-Men Collection #3,The Marvel X-Men Collection,3,3/1/1994,,,,0,1,0,0,0,,Print,,,,,,,,,,,,,1,0,,
Marvel Comics,The Mutant Misadventures of Cloak and Dagger (Vol. 3) (1988 - 1991),3,The Mutant Misadventures of Cloak and Dagger #4,The Mutant Misadventures of Cloak and Dagger,4,12/27/1988,,10,Inferno,1,0,0,0,1,,Print,,,,,,,,,,,,,1,1,,
Marvel Comics,The Mutant Misadventures of Cloak and Dagger (Vol. 3) (1988 - 1991),3,The Mutant Misadventures of Cloak and Dagger #8,The Mutant Misadventures of Cloak and Dagger,8,8/22/1989,,14,Acts of Vengeance,0,1,0,0,0,,Print,,,,,,,,,,,,,1,0,,
Marvel Comics,The Mutant Misadventures of Cloak and Dagger (Vol. 3) (1988 - 1991),3,The Mutant Misadventures of Cloak and Dagger #9,The Mutant Misadventures of Cloak and Dagger,9,10/24/1989,,14,Acts of Vengeance,0,1,0,0,0,,Print,,,,,,,,,,,,,1,0,,
Marvel Comics,The Mutant Misadventures of Cloak and Dagger (Vol. 3) (1988 - 1991),3,The Mutant Misadventures of Cloak and Dagger #18,The Mutant Misadventures of Cloak and Dagger,18,4/23/1991,,14,The Infinity Gauntlet,0,1,0,0,0,,Print,,,,,,,,,,,,,1,0,,
Marvel Comics,The Defenders (Vol. 1) (1972 - 1985),1,The Defenders #152,The Defenders,152,11/12/1985,14,14,Secret Wars II,1,0,0,0,1,,Print,,,,,,,,,,,,,1,1,,
Marvel Comics,The New Mutants (Vol. 1) (1983 - 1991),1,The New Mutants #1,The New Mutants,1,11/23/1982,,,,0,1,0,0,0,,Print,,,,,,,,,,,,,1,0,,
Marvel Comics,The New Mutants (Vol. 1) (1983 - 1991),1,The New Mutants #2,The New Mutants,2,12/28/1982,4,4,,1,0,0,1,1,,Print,,,,,,,,,,,,,1,1,,
Marvel Comics,The New Mutants (Vol. 1) (1983 - 1991),1,The New Mutants #3,The New Mutants,3,1/25/1983,4,4,,1,0,0,1,1,,Print,,,,,,,,,,,,,1,1,,
Marvel Comics,The New Mutants (Vol. 1) (1983 - 1991),1,The New Mutants #4,The New Mutants,4,2/22/1983,4,4,,1,0,0,1,1,,Print,,,,,,,,,,,,,1,1,,
Marvel Comics,The New Mutants (Vol. 1) (1983 - 1991),1,The New Mutants #5,The New Mutants,5,3/22/1983,4,4,,1,0,0,1,1,,Print,,,,,,,,,,,,,1,1,,
Marvel Comics,The New Mutants (Vol. 1) (1983 - 1991),1,The New Mutants #6,The New Mutants,6,4/26/1983,,,,0,1,0,0,0,,Print,,,,,,,,,,,,,1,0,,
Marvel Comics,The New Mutants (Vol. 1) (1983 - 1991),1,The New Mutants #7,The New Mutants,7,5/24/1983,,,,0,1,0,0,0,,Print,,,,,,,,,,,,,1,0,,
Marvel Comics,The New Mutants (Vol. 1) (1983 - 1991),1,The New Mutants #8,The New Mutants,8,6/28/1983,,,,0,1,0,0,0,,Print,,,,,,,,,,,,,1,0,,
Marvel Comics,The New Mutants (Vol. 1) (1983 - 1991),1,The New Mutants #9,The New Mutants,9,7/26/1983,4,4,,1,0,0,1,1,,Print,,,,,,,,,,,,,1,1,,
Marvel Comics,The New Mutants (Vol. 1) (1983 - 1991),1,The New Mutants #10,The New Mutants,10,8/23/1983,,,,0,1,0,0,0,,Print,,,,,,,,,,,,,1,0,,
Marvel Comics,The New Mutants (Vol. 1) (1983 - 1991),1,The New Mutants #11,The New Mutants,11,9/27/1983,,,,0,1,0,0,0,,Print,,,,,,,,,,,,,1,0,,
Marvel Comics,The New Mutants (Vol. 1) (1983 - 1991),1,The New Mutants #12,The New Mutants,12,10/25/1983,4,4,,1,0,0,1,1,,Print,,,,,,,,,,,,,1,1,,
Marvel Comics,The New Mutants (Vol. 1) (1983 - 1991),1,The New Mutants #13,The New Mutants,13,11/22/1983,,,,0,1,0,0,0,,Print,,,,,,,,,,,,,1,0,,
Marvel Comics,The New Mutants (Vol. 1) (1983 - 1991),1,The New Mutants #14,The New Mutants,14,12/27/1983,,,,0,1,0,0,0,,Print,,,,,,,,,,,,,1,0,,
Marvel Comics,The New Mutants (Vol. 1) (1983 - 1991),1,The New Mutants #15,The New Mutants,15,1/24/1984,,,,0,1,0,0,0,,Print,,,,,,,,,,,,,1,0,,
Marvel Comics,The New Mutants (Vol. 1) (1983 - 1991),1,The New Mutants #16,The New Mutants,16,2/28/1984,4,4,,1,0,0,1,1,,Print,,,,,,,,,,,,,1,1,,
Marvel Comics,The New Mutants (Vol. 1) (1983 - 1991),1,The New Mutants #17,The New Mutants,17,3/27/1984,4,4,,1,0,0,1,1,,Print,,,,,,,,,,,,,1,1,,
Marvel Comics,The New Mutants (Vol. 1) (1983 - 1991),1,The New Mutants #18,The New Mutants,18,4/24/1984,,,,0,1,0,0,0,,Print,,,,,,,,,,,,,1,0,,
Marvel Comics,The New Mutants (Vol. 1) (1983 - 1991),1,The New Mutants #19,The New Mutants,19,5/22/1984,,,,0,1,0,0,0,,Print,,,,,,,,,,,,,1,0,,
Marvel Comics,The New Mutants (Vol. 1) (1983 - 1991),1,The New Mutants #20,The New Mutants,20,6/26/1984,,,,0,1,0,0,0,,Print,,,,,,,,,,,,,1,0,,
Marvel Comics,The New Mutants (Vol. 1) (1983 - 1991),1,The New Mutants #21,The New Mutants,21,7/24/1984,,,,0,1,0,0,0,,Print,,,,,,,,,,,,,1,0,,
Marvel Comics,The New Mutants (Vol. 1) (1983 - 1991),1,The New Mutants #22,The New Mutants,22,8/28/1984,,,,0,1,0,0,0,,Print,,,,,,,,,,,,,1,0,,
Marvel Comics,The New Mutants (Vol. 1) (1983 - 1991),1,The New Mutants #23,The New Mutants,23,9/25/1984,,,,0,1,0,0,0,,Print,,,,,,,,,,,,,1,0,,
Marvel Comics,The New Mutants (Vol. 1) (1983 - 1991),1,The New Mutants Annual #1,The New Mutants Annual,1,10/2/1984,,,,0,1,0,0,0,,Print,,,,,,,,,,,,,1,0,,
Marvel Comics,The New Mutants (Vol. 1) (1983 - 1991),1,The New Mutants #24,The New Mutants,24,10/23/1984,,,,0,1,0,0,0,,Print,,,,,,,,,,,,,1,0,,
Marvel Comics,The New Mutants (Vol. 1) (1983 - 1991),1,The New Mutants #25,The New Mutants,25,11/27/1984,,,,0,1,0,0,0,,Print,,,,,,,,,,,,,1,0,,
Marvel Comics,The New Mutants (Vol. 1) (1983 - 1991),1,The New Mutants #26,The New Mutants,26,12/25/1984,,,,0,1,0,0,0,,Print,,,,,,,,,,,,,1,0,,
Marvel Comics,The New Mutants (Vol. 1) (1983 - 1991),1,The New Mutants #27,The New Mutants,27,1/22/1985,,,,0,1,0,0,0,,Print,,,,,,,,,,,,,1,0,,
Marvel Comics,The New Mutants (Vol. 1) (1983 - 1991),1,The New Mutants #28,The New Mutants,28,2/26/1985,,,,0,1,0,0,0,,Print,,,,,,,,,,,,,1,0,,
Marvel Comics,The New Mutants (Vol. 1) (1983 - 1991),1,The New Mutants #29,The New Mutants,29,3/26/1985,,,,0,1,0,0,0,,Print,,,,,,,,,,,,,1,0,,
Marvel Comics,The New Mutants (Vol. 1) (1983 - 1991),1,The New Mutants #30,The New Mutants,30,4/23/1985,,14,Secret Wars II,0,1,0,0,0,,Print,,,,,,,,,,,,,1,0,,
Marvel Comics,The New Mutants (Vol. 1) (1983 - 1991),1,The New Mutants #31,The New Mutants,31,5/28/1985,,,,0,1,0,0,0,,Print,,,,,,,,,,,,,1,0,,
Marvel Comics,The New Mutants (Vol. 1) (1983 - 1991),1,The New Mutants #32,The New Mutants,32,6/25/1985,,,,0,1,0,0,0,,Print,,,,,,,,,,,,,1,0,,
Marvel Comics,The New Mutants (Vol. 1) (1983 - 1991),1,The New Mutants #33,The New Mutants,33,7/23/1985,,,,0,1,0,0,0,,Print,,,,,,,,,,,,,1,0,,
Marvel Comics,The New Mutants (Vol. 1) (1983 - 1991),1,The New Mutants #34,The New Mutants,34,8/27/1985,,,,0,1,0,0,0,,Print,,,,,,,,,,,,,1,0,,
Marvel Comics,The New Mutants (Vol. 1) (1983 - 1991),1,The New Mutants #35,The New Mutants,35,9/24/1985,,,,0,1,0,0,0,,Print,,,,,,,,,,,,,1,0,,
Marvel Comics,The New Mutants (Vol. 1) (1983 - 1991),1,The New Mutants #36,The New Mutants,36,10/22/1985,,14,Secret Wars II,0,1,0,0,0,,Print,,,,,,,,,,,,,1,0,,
Marvel Comics,The New Mutants (Vol. 1) (1983 - 1991),1,The New Mutants #37,The New Mutants,37,11/26/1985,14,14,Secret Wars II,1,0,0,0,1,,Print,,,,,,,,,,,,,1,1,,
Marvel Comics,The New Mutants (Vol. 1) (1983 - 1991),1,The New Mutants #38,The New Mutants,38,12/24/1985,,,,0,1,0,0,0,,Print,,,,,,,,,,,,,1,0,,
Marvel Comics,The New Mutants (Vol. 1) (1983 - 1991),1,The New Mutants #39,The New Mutants,39,1/28/1986,,,,0,1,0,0,0,,Print,,,,,,,,,,,,,1,0,,
Marvel Comics,The New Mutants (Vol. 1) (1983 - 1991),1,The New Mutants #40,The New Mutants,40,2/25/1986,,,,0,1,0,0,0,,Print,,,,,,,,,,,,,1,0,,
Marvel Comics,The New Mutants (Vol. 1) (1983 - 1991),1,The New Mutants #41,The New Mutants,41,3/25/1986,,,,0,1,0,0,0,,Print,,,,,,,,,,,,,1,0,,
Marvel Comics,The New Mutants (Vol. 1) (1983 - 1991),1,The New Mutants #42,The New Mutants,42,4/22/1986,,,,0,1,0,0,0,,Print,,,,,,,,,,,,,1,0,,
Marvel Comics,The New Mutants (Vol. 1) (1983 - 1991),1,The New Mutants #43,The New Mutants,43,5/27/1986,,,,0,1,0,0,0,,Print,,,,,,,,,,,,,1,0,,
Marvel Comics,The New Mutants (Vol. 1) (1983 - 1991),1,The New Mutants #44,The New Mutants,44,6/24/1986,,,,0,1,0,0,0,,Print,,,,,,,,,,,,,1,0,,
Marvel Comics,The New Mutants (Vol. 1) (1983 - 1991),1,The New Mutants Annual #2,The New Mutants Annual,2,7/15/1986,,,,0,1,0,0,0,,Print,,,,,,,,,,,,,1,0,,
Marvel Comics,The New Mutants (Vol. 1) (1983 - 1991),1,The New Mutants #45,The New Mutants,45,7/22/1986,4,4,,1,0,0,1,1,,Print,,,,,,,,,,,,,1,1,,
Marvel Comics,The New Mutants (Vol. 1) (1983 - 1991),1,The New Mutants #46,The New Mutants,46,8/26/1986,10,10,Mutant Massacre,1,0,0,0,2,,Print,,,,,,,,,,,,,1,2,,
Marvel Comics,The New Mutants (Vol. 1) (1983 - 1991),1,The New Mutants #47,The New Mutants,47,9/23/1986,,,,0,1,0,0,0,,Print,,,,,,,,,,,,,1,0,,
Marvel Comics,The New Mutants (Vol. 1) (1983 - 1991),1,The New Mutants #48,The New Mutants,48,10/28/1986,,,,0,1,0,0,0,,Print,,,,,,,,,,,,,1,0,,
Marvel Comics,The New Mutants (Vol. 1) (1983 - 1991),1,The New Mutants #49,The New Mutants,49,11/25/1986,,,,0,1,0,0,0,,Print,,,,,,,,,,,,,1,0,,
Marvel Comics,The New Mutants (Vol. 1) (1983 - 1991),1,The New Mutants #50,The New Mutants,50,12/23/1986,4,4,,1,0,0,1,1,,Print,,,,,,,,,,,,,1,1,,
Marvel Comics,The New Mutants (Vol. 1) (1983 - 1991),1,The New Mutants #51,The New Mutants,51,1/27/1987,,,,0,1,0,0,0,,Print,,,,,,,,,,,,,1,0,,
Marvel Comics,The New Mutants (Vol. 1) (1983 - 1991),1,The New Mutants #52,The New Mutants,52,2/24/1987,,,,0,1,0,0,0,,Print,,,,,,,,,,,,,1,0,,
Marvel Comics,The New Mutants (Vol. 1) (1983 - 1991),1,The New Mutants #53,The New Mutants,53,3/24/1987,,,,0,1,0,0,0,,Print,,,,,,,,,,,,,1,0,,
Marvel Comics,The New Mutants (Vol. 1) (1983 - 1991),1,The New Mutants #54,The New Mutants,54,4/28/1987,,,,0,1,0,0,0,,Print,,,,,,,,,,,,,1,0,,
Marvel Comics,The New Mutants (Vol. 1) (1983 - 1991),1,The New Mutants #55,The New Mutants,55,5/26/1987,,,,0,1,0,0,0,,Print,,,,,,,,,,,,,1,0,,
Marvel Comics,The New Mutants (Vol. 1) (1983 - 1991),1,The New Mutants #56,The New Mutants,56,6/23/1987,,,,0,1,0,0,0,,Print,,,,,,,,,,,,,1,0,,
Marvel Comics,The New Mutants (Vol. 1) (1983 - 1991),1,The New Mutants Annual #3,The New Mutants Annual,3,7/7/1987,,,,0,1,0,0,0,,Print,,,,,,,,,,,,,1,0,,
Marvel Comics,The New Mutants (Vol. 1) (1983 - 1991),1,The New Mutants #57,The New Mutants,57,7/28/1987,,,,0,1,0,0,0,,Print,,,,,,,,,,,,,1,0,,
Marvel Comics,The New Mutants (Vol. 1) (1983 - 1991),1,The New Mutants #58,The New Mutants,58,8/25/1987,,,,0,1,0,0,0,,Print,,,,,,,,,,,,,1,0,,
Marvel Comics,The New Mutants (Vol. 1) (1983 - 1991),1,The New Mutants #59,The New Mutants,59,9/1/1987,10,10,Fall of the Mutants,1,0,0,0,1,,Print,,,,,,,,,,,,,1,1,,
Marvel Comics,The New Mutants (Vol. 1) (1983 - 1991),1,The New Mutants #60,The New Mutants,60,10/6/1987,10,10,Fall of the Mutants,1,0,0,0,1,,Print,,,,,,,,,,,,,1,1,,
Marvel Comics,The New Mutants (Vol. 1) (1983 - 1991),1,The New Mutants #61,The New Mutants,61,11/3/1987,10,10,Fall of the Mutants,1,0,0,0,1,,Print,,,,,,,,,,,,,1,1,,
Marvel Comics,The New Mutants (Vol. 1) (1983 - 1991),1,The New Mutants #62,The New Mutants,62,12/1/1987,,,,0,1,0,0,0,,Print,,,,,,,,,,,,,1,0,,
Marvel Comics,The New Mutants (Vol. 1) (1983 - 1991),1,The New Mutants #63,The New Mutants,63,1/12/1988,,,,0,1,0,0,0,,Print,,,,,,,,,,,,,1,0,,
Marvel Comics,The New Mutants (Vol. 1) (1983 - 1991),1,The New Mutants #64,The New Mutants,64,2/9/1988,,,,0,1,0,0,0,,Print,,,,,,,,,,,,,1,0,,
Marvel Comics,The New Mutants (Vol. 1) (1983 - 1991),1,The New Mutants #65,The New Mutants,65,3/8/1988,4,4,,1,0,0,1,1,,Print,,,,,,,,,,,,,1,1,,
Marvel Comics,The New Mutants (Vol. 1) (1983 - 1991),1,The New Mutants #66,The New Mutants,66,4/12/1988,4,4,,1,0,0,1,1,,Print,,,,,,,,,,,,,1,1,,
Marvel Comics,The New Mutants (Vol. 1) (1983 - 1991),1,The New Mutants Annual #4,The New Mutants Annual,4,5/3/1988,,17,Evolutionary War,1,0,0,0,1,,Print,,,,,,,,,,,,,2,2,,
Marvel Comics,The New Mutants (Vol. 1) (1983 - 1991),1,The New Mutants #67,The New Mutants,67,5/10/1988,4,4,,1,0,0,1,1,,Print,,,,,,,,,,,,,1,1,,
Marvel Comics,The New Mutants (Vol. 1) (1983 - 1991),1,The New Mutants #68,The New Mutants,68,6/14/1988,,,,0,1,0,0,0,,Print,,,,,,,,,,,,,1,0,,
Marvel Comics,The New Mutants (Vol. 1) (1983 - 1991),1,The New Mutants #69,The New Mutants,69,7/12/1988,,,,0,1,0,0,0,,Print,,,,,,,,,,,,,1,0,,
Marvel Comics,The New Mutants (Vol. 1) (1983 - 1991),1,The New Mutants #70,The New Mutants,70,8/9/1988,4,4,,1,0,0,1,2,,Print,,,,,,,,,,,,,1,2,,
Marvel Comics,The New Mutants (Vol. 1) (1983 - 1991),1,The New Mutants #71,The New Mutants,71,9/13/1988,10,10,Inferno,1,0,0,0,2,,Print,,,,,,,,,,,,,1,2,,
Marvel Comics,The New Mutants (Vol. 1) (1983 - 1991),1,The New Mutants #72,The New Mutants,72,10/11/1988,10,10,Inferno,1,0,0,0,1,,Print,,,,,,,,,,,,,1,1,,
Marvel Comics,The New Mutants (Vol. 1) (1983 - 1991),1,The New Mutants #73,The New Mutants,73,11/8/1988,,10,Inferno,0,1,0,0,0,,Print,,,,,,,,,,,,,1,0,,
Marvel Comics,The New Mutants (Vol. 1) (1983 - 1991),1,The New Mutants #74,The New Mutants,74,12/13/1988,4,4,,1,0,0,1,1,,Print,,,,,,,,,,,,,1,1,,
Marvel Comics,The New Mutants (Vol. 1) (1983 - 1991),1,The New Mutants #75,The New Mutants,75,1/10/1989,,,,0,1,0,0,0,,Print,,,,,,,,,,,,,1,0,,
Marvel Comics,The New Mutants (Vol. 1) (1983 - 1991),1,The New Mutants #76,The New Mutants,76,2/14/1989,,,,0,1,0,0,0,,Print,,,,,,,,,,,,,1,0,,
Marvel Comics,The New Mutants (Vol. 1) (1983 - 1991),1,The New Mutants #77,The New Mutants,77,3/14/1989,,,,0,1,0,0,0,,Print,,,,,,,,,,,,,1,0,,
Marvel Comics,The New Mutants (Vol. 1) (1983 - 1991),1,The New Mutants #78,The New Mutants,78,4/11/1989,,,,0,1,0,0,0,,Print,,,,,,,,,,,,,1,0,,
Marvel Comics,The New Mutants (Vol. 1) (1983 - 1991),1,The New Mutants #79,The New Mutants,79,5/9/1989,,,,0,1,0,0,0,,Print,,,,,,,,,,,,,1,0,,
Marvel Comics,The New Mutants (Vol. 1) (1983 - 1991),1,The New Mutants Annual #5,The New Mutants Annual,5,6/13/1989,10,10,Atlantis Attacks,1,0,0,0,2,,Print,,,,,,,,,,,,,2,4,,
Marvel Comics,The New Mutants (Vol. 1) (1983 - 1991),1,The New Mutants #80,The New Mutants,80,6/13/1989,,,,0,1,0,0,0,,Print,,,,,,,,,,,,,1,0,,
Marvel Comics,The New Mutants (Vol. 1) (1983 - 1991),1,The New Mutants #81,The New Mutants,81,7/11/1989,,,,0,1,0,0,0,,Print,,,,,,,,,,,,,1,0,,
Marvel Comics,The New Mutants (Vol. 1) (1983 - 1991),1,The New Mutants #82,The New Mutants,82,8/8/1989,,,,0,1,0,0,0,,Print,,,,,,,,,,,,,1,0,,
Marvel Comics,The New Mutants (Vol. 1) (1983 - 1991),1,The New Mutants #83,The New Mutants,83,9/12/1989,,,,0,1,0,0,0,,Print,,,,,,,,,,,,,1,0,,
Marvel Comics,The New Mutants (Vol. 1) (1983 - 1991),1,The New Mutants #84,The New Mutants,84,10/10/1989,14,14,Acts of Vengeance,1,0,0,0,1,,Print,,,,,,,,,,,,,1,1,,
Marvel Comics,The New Mutants (Vol. 1) (1983 - 1991),1,The New Mutants #85,The New Mutants,85,11/14/1989,,14,Acts of Vengeance,0,1,0,0,0,,Print,,,,,,,,,,,,,1,0,,
Marvel Comics,The New Mutants (Vol. 1) (1983 - 1991),1,The New Mutants #86,The New Mutants,86,12/12/1989,,14,Acts of Vengeance,0,1,0,0,0,,Print,,,,,,,,,,,,,1,0,,
Marvel Comics,The New Mutants (Vol. 1) (1983 - 1991),1,The New Mutants #87,The New Mutants,87,1/9/1990,,,,0,1,0,0,0,,Print,,,,,,,,,,,,,1,0,,
Marvel Comics,The New Mutants (Vol. 1) (1983 - 1991),1,The New Mutants #88,The New Mutants,88,2/13/1990,,,,0,1,0,0,0,,Print,,,,,,,,,,,,,1,0,,
Marvel Comics,The New Mutants (Vol. 1) (1983 - 1991),1,The New Mutants #89,The New Mutants,89,3/13/1990,,,,0,1,0,0,0,,Print,,,,,,,,,,,,,1,0,,
Marvel Comics,The New Mutants (Vol. 1) (1983 - 1991),1,The New Mutants #90,The New Mutants,90,4/10/1990,,,,0,1,0,0,0,,Print,,,,,,,,,,,,,1,0,,
Marvel Comics,The New Mutants (Vol. 1) (1983 - 1991),1,The New Mutants #91,The New Mutants,91,5/8/1990,,,,0,1,0,0,0,,Print,,,,,,,,,,,,,1,0,,
Marvel Comics,The New Mutants (Vol. 1) (1983 - 1991),1,The New Mutants Annual #6,The New Mutants Annual,6,5/22/1990,,14,Days of Future Present,0,1,0,0,0,,Print,,,,,,,,,,,,,2,0,,
Marvel Comics,The New Mutants (Vol. 1) (1983 - 1991),1,The New Mutants #92,The New Mutants,92,6/12/1990,4,4,,1,0,0,1,1,,Print,,,,,,,,,,,,,1,1,,
Marvel Comics,The New Mutants (Vol. 1) (1983 - 1991),1,The New Mutants #93,The New Mutants,93,7/10/1990,,,,0,1,0,0,0,,Print,,,,,,,,,,,,,1,0,,
Marvel Comics,The New Mutants (Vol. 1) (1983 - 1991),1,The New Mutants #94,The New Mutants,94,8/14/1990,,,,0,1,0,0,0,,Print,,,,,,,,,,,,,1,0,,
Marvel Comics,The New Mutants (Vol. 1) (1983 - 1991),1,The New Mutants #95,The New Mutants,95,9/11/1990,14,14,X-Tinction Agenda,1,0,0,0,2,,Print,,,,,,,,,,,,,1,2,,
Marvel Comics,The New Mutants (Vol. 1) (1983 - 1991),1,The New Mutants #96,The New Mutants,96,10/9/1990,14,14,X-Tinction Agenda,1,0,0,0,3,,Print,,,,,,,,,,,,,1,3,,
Marvel Comics,The New Mutants (Vol. 1) (1983 - 1991),1,The New Mutants #97,The New Mutants,97,11/13/1990,14,14,X-Tinction Agenda,1,0,0,0,1,,Print,,,,,,,,,,,,,1,1,,
Marvel Comics,The New Mutants (Vol. 1) (1983 - 1991),1,The New Mutants #98,The New Mutants,98,12/11/1990,4,4,The Beginning of the End,1,0,0,0,1,,Print,,,,,,,,,,,,,1,1,,
Marvel Comics,The New Mutants (Vol. 1) (1983 - 1991),1,The New Mutants #99,The New Mutants,99,1/8/1991,4,4,The Beginning of the End,1,0,0,0,1,,Print,,,,,,,,,,,,,1,1,,
Marvel Comics,The New Mutants (Vol. 1) (1983 - 1991),1,The New Mutants #100,The New Mutants,100,2/12/1991,4,4,The Beginning of the End,1,0,0,0,1,,Print,,,,,,,,,,,,,1,1,,
Marvel Comics,The New Mutants (Vol. 1) (1983 - 1991),1,The New Mutants Annual #7,The New Mutants Annual,7,5/21/1991,7,7,Kings of Pain,1,0,0,0,1,,Print,,,,,,,,,,,,,2,2,,
Marvel Comics,The New Warriors (1990 - 1996),1,New Warriors Annual #1,New Warriors Annual,1,5/28/1991,,7,Kings of Pain,1,0,0,0,1,,Print,,,,,,,,,,,,,2,2,,
Marvel Comics,The New Warriors (1990 - 1996),1,New Warriors Annual #2,New Warriors Annual,2,7/9/1992,,2,,1,0,0,0,1,,Print,,,,,,,,,,,,,1,1,,
Marvel Comics,The New Warriors (1990 - 1996),1,New Warriors #27,New Warriors,27,7/28/1992,,2,The Infinity War,0,1,0,0,0,,Print,,,,,,,,,,,,,1,0,,
Marvel Comics,The New Warriors (1990 - 1996),1,New Warriors #29,New Warriors,29,9/22/1992,15,15,,1,0,0,0,1,,Print,,,,,,,,,,,,,1,1,,
Marvel Comics,The New Warriors (1990 - 1996),1,New Warriors Annual #3,New Warriors Annual,3,3/16/1993,,2,,1,0,0,0,1,,Print,,,,,,,,,,,,,1,1,,
Marvel Comics,The New Warriors (1990 - 1996),1,New Warriors #45,New Warriors,45,1/25/1994,6,6,Child's Play,1,0,0,0,1,,Print,,,,,,,,,,,,,1,1,,
Marvel Comics,The New Warriors (1990 - 1996),1,New Warriors #46,New Warriors,46,2/22/1994,6,6,Child's Play,1,0,0,0,1,,Print,,,,,,,,,,,,,1,1,,
Marvel Comics,The New Warriors (1990 - 1996),1,New Warriors Annual #4,New Warriors Annual,4,3/29/1994,,2,,1,0,0,0,1,,Print,,,,,,,,,,,,,1,1,,
Marvel Comics,The Official Handbook of the Marvel Universe (Vol. 1) (1983 - 1984),1,The Official Handbook of the Marvel Universe #1,The Official Handbook of the Marvel Universe,1,10/19/1982,,,,0,1,0,0,0,,Print,,,,,,,,,,,,,1,0,,
Marvel Comics,The Official Handbook of the Marvel Universe (Vol. 1) (1983 - 1984),1,The Official Handbook of the Marvel Universe #2,The Official Handbook of the Marvel Universe,2,11/16/1982,,,,0,1,0,0,0,,Print,,,,,,,,,,,,,1,0,,
Marvel Comics,The Official Handbook of the Marvel Universe (Vol. 1) (1983 - 1984),1,The Official Handbook of the Marvel Universe #3,The Official Handbook of the Marvel Universe,3,12/14/1982,,,,0,1,0,0,0,,Print,,,,,,,,,,,,,1,0,,
Marvel Comics,The Official Handbook of the Marvel Universe (Vol. 1) (1983 - 1984),1,The Official Handbook of the Marvel Universe #4,The Official Handbook of the Marvel Universe,4,1/18/1983,,,,0,1,0,0,0,,Print,,,,,,,,,,,,,1,0,,
Marvel Comics,The Official Handbook of the Marvel Universe (Vol. 1) (1983 - 1984),1,The Official Handbook of the Marvel Universe #5,The Official Handbook of the Marvel Universe,5,2/15/1983,,,,0,1,0,0,0,,Print,,,,,,,,,,,,,1,0,,
Marvel Comics,The Official Handbook of the Marvel Universe (Vol. 1) (1983 - 1984),1,The Official Handbook of the Marvel Universe #6,The Official Handbook of the Marvel Universe,6,3/15/1983,,,,0,1,0,0,0,,Print,,,,,,,,,,,,,1,0,,
Marvel Comics,The Official Handbook of the Marvel Universe (Vol. 1) (1983 - 1984),1,The Official Handbook of the Marvel Universe #7,The Official Handbook of the Marvel Universe,7,3/22/1983,,,,0,1,0,0,0,,Print,,,,,,,,,,,,,1,0,,
Marvel Comics,The Official Handbook of the Marvel Universe (Vol. 1) (1983 - 1984),1,The Official Handbook of the Marvel Universe #8,The Official Handbook of the Marvel Universe,8,4/26/1983,,,,0,1,0,0,0,,Print,,,,,,,,,,,,,1,0,,
Marvel Comics,The Official Handbook of the Marvel Universe (Vol. 1) (1983 - 1984),1,The Official Handbook of the Marvel Universe #9,The Official Handbook of the Marvel Universe,9,5/24/1983,,,,0,1,0,0,0,,Print,,,,,,,,,,,,,1,0,,
Marvel Comics,The Official Handbook of the Marvel Universe (Vol. 1) (1983 - 1984),1,The Official Handbook of the Marvel Universe #10,The Official Handbook of the Marvel Universe,10,6/28/1983,,,,0,1,0,0,0,,Print,,,,,,,,,,,,,1,0,,
Marvel Comics,The Official Handbook of the Marvel Universe (Vol. 1) (1983 - 1984),1,The Official Handbook of the Marvel Universe #11,The Official Handbook of the Marvel Universe,11,7/26/1983,,,,0,1,0,0,0,,Print,,,,,,,,,,,,,1,0,,
Marvel Comics,The Official Handbook of the Marvel Universe (Vol. 1) (1983 - 1984),1,The Official Handbook of the Marvel Universe #12,The Official Handbook of the Marvel Universe,12,8/23/1983,9,9,,1,0,0,1,1,,Print,,,,,,,,,,,,,1,1,,
Marvel Comics,The Official Handbook of the Marvel Universe (Vol. 1) (1983 - 1984),1,The Official Handbook of the Marvel Universe #13,The Official Handbook of the Marvel Universe,13,10/4/1983,,,,0,1,0,0,0,,Print,,,,,,,,,,,,,1,0,,
Marvel Comics,The Official Handbook of the Marvel Universe (Vol. 1) (1983 - 1984),1,The Official Handbook of the Marvel Universe #14,The Official Handbook of the Marvel Universe,14,11/1/1983,,,,0,1,0,0,0,,Print,,,,,,,,,,,,,1,0,,
Marvel Comics,The Official Handbook of the Marvel Universe (Vol. 1) (1983 - 1984),1,The Official Handbook of the Marvel Universe #15,The Official Handbook of the Marvel Universe,15,1/10/1984,,,,0,1,0,0,0,,Print,,,,,,,,,,,,,1,0,,
Marvel Comics,The Official Handbook of the Marvel Universe: Deluxe Edition (1985 - 1987),1,The Official Handbook of the Marvel Universe: Deluxe Edition #1,The Official Handbook of the Marvel Universe: Deluxe Edition,1,8/28/1985,,,,0,1,0,0,0,,Print,,,,,,,,,,,,,1,0,,
Marvel Comics,The Official Handbook of the Marvel Universe: Deluxe Edition (1985 - 1987),1,The Official Handbook of the Marvel Universe: Deluxe Edition #2,The Official Handbook of the Marvel Universe: Deluxe Edition,2,9/25/1985,,,,0,1,0,0,0,,Print,,,,,,,,,,,,,1,0,,
Marvel Comics,The Official Handbook of the Marvel Universe: Deluxe Edition (1985 - 1987),1,The Official Handbook of the Marvel Universe: Deluxe Edition #3,The Official Handbook of the Marvel Universe: Deluxe Edition,3,10/23/1985,,,,0,1,0,0,0,,Print,,,,,,,,,,,,,1,0,,
Marvel Comics,The Official Handbook of the Marvel Universe: Deluxe Edition (1985 - 1987),1,The Official Handbook of the Marvel Universe: Deluxe Edition #4,The Official Handbook of the Marvel Universe: Deluxe Edition,4,11/27/1985,,,,0,1,0,0,0,,Print,,,,,,,,,,,,,1,0,,
Marvel Comics,The Official Handbook of the Marvel Universe: Deluxe Edition (1985 - 1987),1,The Official Handbook of the Marvel Universe: Deluxe Edition #5,The Official Handbook of the Marvel Universe: Deluxe Edition,5,1/1/1986,,,,0,1,0,0,0,,Print,,,,,,,,,,,,,1,0,,
Marvel Comics,The Official Handbook of the Marvel Universe: Deluxe Edition (1985 - 1987),1,The Official Handbook of the Marvel Universe: Deluxe Edition #6,The Official Handbook of the Marvel Universe: Deluxe Edition,6,2/5/1986,,,,0,1,0,0,0,,Print,,,,,,,,,,,,,1,0,,
Marvel Comics,The Official Handbook of the Marvel Universe: Deluxe Edition (1985 - 1987),1,The Official Handbook of the Marvel Universe: Deluxe Edition #7,The Official Handbook of the Marvel Universe: Deluxe Edition,7,3/5/1986,,,,0,1,0,0,0,,Print,,,,,,,,,,,,,1,0,,
Marvel Comics,The Official Handbook of the Marvel Universe: Deluxe Edition (1985 - 1987),1,The Official Handbook of the Marvel Universe: Deluxe Edition #8,The Official Handbook of the Marvel Universe: Deluxe Edition,8,4/2/1986,,,,0,1,0,0,0,,Print,,,,,,,,,,,,,1,0,,
Marvel Comics,The Official Handbook of the Marvel Universe: Deluxe Edition (1985 - 1987),1,The Official Handbook of the Marvel Universe: Deluxe Edition #9,The Official Handbook of the Marvel Universe: Deluxe Edition,9,4/30/1986,,,,0,1,0,0,0,,Print,,,,,,,,,,,,,1,0,,
Marvel Comics,The Official Handbook of the Marvel Universe: Deluxe Edition (1985 - 1987),1,The Official Handbook of the Marvel Universe: Deluxe Edition #10,The Official Handbook of the Marvel Universe: Deluxe Edition,10,6/4/1986,,,,0,1,0,0,0,,Print,,,,,,,,,,,,,1,0,,
Marvel Comics,The Official Handbook of the Marvel Universe: Deluxe Edition (1985 - 1987),1,The Official Handbook of the Marvel Universe: Deluxe Edition #11,The Official Handbook of the Marvel Universe: Deluxe Edition,11,7/2/1986,9,9,,1,0,0,1,1,,Print,,,,,,,,,,,,,1,1,,
Marvel Comics,The Official Handbook of the Marvel Universe: Deluxe Edition (1985 - 1987),1,The Official Handbook of the Marvel Universe: Deluxe Edition #12,The Official Handbook of the Marvel Universe: Deluxe Edition,12,7/30/1986,9,9,,1,0,0,1,1,,Print,,,,,,,,,,,,,1,1,,
Marvel Comics,The Official Handbook of the Marvel Universe: Deluxe Edition (1985 - 1987),1,The Official Handbook of the Marvel Universe: Deluxe Edition #13,The Official Handbook of the Marvel Universe: Deluxe Edition,13,9/17/1986,,,,0,1,0,0,0,,Print,,,,,,,,,,,,,1,0,,
Marvel Comics,The Official Handbook of the Marvel Universe: Deluxe Edition (1985 - 1987),1,The Official Handbook of the Marvel Universe: Deluxe Edition #14,The Official Handbook of the Marvel Universe: Deluxe Edition,14,10/15/1986,,,,0,1,0,0,0,,Print,,,,,,,,,,,,,1,0,,
Marvel Comics,The Official Handbook of the Marvel Universe: Deluxe Edition (1985 - 1987),1,The Official Handbook of the Marvel Universe: Deluxe Edition #15,The Official Handbook of the Marvel Universe: Deluxe Edition,15,11/19/1986,,,,0,1,0,0,0,,Print,,,,,,,,,,,,,1,0,,
Marvel Comics,The Official Handbook of the Marvel Universe: Deluxe Edition (1985 - 1987),1,The Official Handbook of the Marvel Universe: Deluxe Edition #16,The Official Handbook of the Marvel Universe: Deluxe Edition,16,3/18/1987,,,,0,1,0,0,0,,Print,,,,,,,,,,,,,1,0,,
Marvel Comics,The Official Handbook of the Marvel Universe: Deluxe Edition (1985 - 1987),1,The Official Handbook of the Marvel Universe: Deluxe Edition #17,The Official Handbook of the Marvel Universe: Deluxe Edition,17,5/20/1987,,,,0,1,0,0,0,,Print,,,,,,,,,,,,,1,0,,
Marvel Comics,The Official Handbook of the Marvel Universe: Deluxe Edition (1985 - 1987),1,The Official Handbook of the Marvel Universe: Deluxe Edition #18,The Official Handbook of the Marvel Universe: Deluxe Edition,18,7/15/1987,,,,0,1,0,0,0,,Print,,,,,,,,,,,,,1,0,,
Marvel Comics,The Official Handbook of the Marvel Universe: Deluxe Edition (1985 - 1987),1,The Official Handbook of the Marvel Universe: Deluxe Edition #19,The Official Handbook of the Marvel Universe: Deluxe Edition,19,9/16/1987,,,,0,1,0,0,0,,Print,,,,,,,,,,,,,1,0,,
Marvel Comics,The Official Handbook of the Marvel Universe: Deluxe Edition (1985 - 1987),1,The Official Handbook of the Marvel Universe: Deluxe Edition #20,The Official Handbook of the Marvel Universe: Deluxe Edition,20,10/28/1987,,,,0,1,0,0,0,,Print,,,,,,,,,,,,,1,0,,
Marvel Comics,The Official Handbook of the Marvel Universe: Update '89 (1989),1,The Official Handbook of the Marvel Universe: Update '89 #1,The Official Handbook of the Marvel Universe: Update '89,1,7/1/1989,9,9,,1,0,0,1,1,,Print,,,,,,,,,,,,,1,1,,
Marvel Comics,The Official Handbook of the Marvel Universe: Update '89 (1989),1,The Official Handbook of the Marvel Universe: Update '89 #2,The Official Handbook of the Marvel Universe: Update '89,2,8/1/1989,,,,0,1,0,0,0,,Print,,,,,,,,,,,,,1,0,,
Marvel Comics,The Official Handbook of the Marvel Universe: Update '89 (1989),1,The Official Handbook of the Marvel Universe: Update '89 #3,The Official Handbook of the Marvel Universe: Update '89,3,9/1/1989,,,,0,1,0,0,0,,Print,,,,,,,,,,,,,1,0,,
Marvel Comics,The Official Handbook of the Marvel Universe: Update '89 (1989),1,The Official Handbook of the Marvel Universe: Update '89 #4,The Official Handbook of the Marvel Universe: Update '89,4,10/1/1989,,,,0,1,0,0,0,,Print,,,,,,,,,,,,,1,0,,
Marvel Comics,The Official Handbook of the Marvel Universe: Update '89 (1989),1,The Official Handbook of the Marvel Universe: Update '89 #5,The Official Handbook of the Marvel Universe: Update '89,5,10/15/1989,,,,0,1,0,0,0,,Print,,,,,,,,,,,,,1,0,,
Marvel Comics,The Official Handbook of the Marvel Universe: Update '89 (1989),1,The Official Handbook of the Marvel Universe: Update '89 #6,The Official Handbook of the Marvel Universe: Update '89,6,11/10/1989,9,9,,1,0,0,1,1,,Print,,,,,,,,,,,,,1,1,,
Marvel Comics,The Official Handbook of the Marvel Universe: Update '89 (1989),1,The Official Handbook of the Marvel Universe: Update '89 #7,The Official Handbook of the Marvel Universe: Update '89,7,12/1/1989,9,9,,1,0,0,1,1,,Print,,,,,,,,,,,,,1,1,,
Marvel Comics,The Official Handbook of the Marvel Universe: Update '89 (1989),1,The Official Handbook of the Marvel Universe: Update '89 #8,The Official Handbook of the Marvel Universe: Update '89,8,12/10/1989,9,9,,1,0,0,1,1,,Print,,,,,,,,,,,,,1,1,,
Marvel Comics,The Official Marvel Index to the X-Men (Vol. 1) (1987 - 1988),1,The Official Marvel Index to the X-Men #1,The Official Marvel Index to the X-Men,1,3/1/1987,4,4,,1,0,0,1,1,,Print,,,,,,,,,,,,,1,1,,
Marvel Comics,The Official Marvel Index to the X-Men (Vol. 1) (1987 - 1988),1,The Official Marvel Index to the X-Men #2,The Official Marvel Index to the X-Men,2,5/1/1987,4,4,,1,0,0,1,1,,Print,,,,,,,,,,,,,1,1,,
Marvel Comics,The Official Marvel Index to the X-Men (Vol. 1) (1987 - 1988),1,The Official Marvel Index to the X-Men #3,The Official Marvel Index to the X-Men,3,7/1/1987,,4,,0,1,0,0,0,,Print,,,,,,,,,,,,,1,0,,
Marvel Comics,The Official Marvel Index to the X-Men (Vol. 1) (1987 - 1988),1,The Official Marvel Index to the X-Men #4,The Official Marvel Index to the X-Men,4,9/1/1987,,4,,0,1,0,0,0,,Print,,,,,,,,,,,,,1,0,,
Marvel Comics,The Official Marvel Index to the X-Men (Vol. 1) (1987 - 1988),1,The Official Marvel Index to the X-Men #6,The Official Marvel Index to the X-Men,6,3/1/1988,,4,,0,1,0,0,0,,Print,,,,,,,,,,,,,1,0,,
Marvel Comics,The Official Marvel Index to the X-Men (Vol. 1) (1987 - 1988),1,The Official Marvel Index to the X-Men #5,The Official Marvel Index to the X-Men,5,3/2/1988,,4,,0,1,0,0,0,,Print,,,,,,,,,,,,,1,0,,
Marvel Comics,The Official Marvel Index to the X-Men (Vol. 1) (1987 - 1988),1,The Official Marvel Index to the X-Men #7,The Official Marvel Index to the X-Men,7,5/1/1988,,4,,0,1,0,0,0,,Print,,,,,,,,,,,,,1,0,,
Marvel Comics,The Official Marvel Index to the X-Men (Vol. 2) (1994),2,The Official Marvel Index to the X-Men #1,The Official Marvel Index to the X-Men,1,4/1/1994,,4,,0,1,0,0,0,,Print,,,,,,,,,,,,,1,0,,
Marvel Comics,The Official Marvel Index to the X-Men (Vol. 2) (1994),2,The Official Marvel Index to the X-Men #2,The Official Marvel Index to the X-Men,2,5/1/1994,,4,,0,1,0,0,0,,Print,,,,,,,,,,,,,1,0,,
Marvel Comics,The Official Marvel Index to the X-Men (Vol. 2) (1994),2,The Official Marvel Index to the X-Men #3,The Official Marvel Index to the X-Men,3,6/1/1994,4,4,,1,0,0,1,1,,Print,,,,,,,,,,,,,1,1,,
Marvel Comics,The Official Marvel Index to the X-Men (Vol. 2) (1994),2,The Official Marvel Index to the X-Men #4,The Official Marvel Index to the X-Men,4,7/1/1994,4,4,,1,0,0,1,1,,Print,,,,,,,,,,,,,1,1,,
Marvel Comics,The Official Marvel Index to the X-Men (Vol. 2) (1994),2,The Official Marvel Index to the X-Men #5,The Official Marvel Index to the X-Men,5,8/1/1994,4,4,,1,0,0,0,1,,Print,,,,,,,,,,,,,1,1,,
Marvel Comics,The Punisher (Vol. 2) (1987 - 1995),2,The Punisher Annual #1,The Punisher Annual,1,4/19/1988,,17,Evolutionary War,1,0,0,0,1,,Print,,,,,,,,,,,,,2,2,,
Marvel Comics,The Punisher (Vol. 2) (1987 - 1995),2,The Punisher Annual #2,The Punisher Annual,2,5/9/1989,10,10,Atlantis Attacks,1,0,0,0,1,,Print,,,,,,,,,,,,,2,2,,
Marvel Comics,The Punisher (Vol. 2) (1987 - 1995),2,The Punisher #28,The Punisher,28,10/17/1989,14,14,Acts of Vengeance,1,0,0,0,1,,Print,,,,,,,,,,,,,1,1,,
Marvel Comics,The Punisher (Vol. 2) (1987 - 1995),2,The Punisher #29,The Punisher,29,11/21/1989,14,14,Acts of Vengeance,1,0,0,0,1,,Print,,,,,,,,,,,,,1,1,,
Marvel Comics,The Punisher War Journal (Vol. 1) (1988 - 1995),1,The Punisher War Journal #12,The Punisher War Journal,12,9/26/1989,14,14,Acts of Vengeance,1,0,0,0,1,,Print,,,,,,,,,,,,,1,1,,
Marvel Comics,The Punisher War Journal (Vol. 1) (1988 - 1995),1,The Punisher War Journal #13,The Punisher War Journal,13,10/31/1989,,14,Acts of Vengeance,0,1,0,0,0,,Print,,,,,,,,,,,,,1,0,,
Marvel Comics,The Punisher (Vol. 3) (1995 - 1997),3,Punisher #11,Punisher,11,7/17/1996,,6,Onslaught,0,1,0,0,0,,Print,,,,,,,,,,,,,1,0,,
Marvel Comics,The Punisher (Vol. 3) (1995 - 1997),3,Punisher #12,Punisher,12,8/21/1996,15,15,,1,0,0,1,1,,Print,,,,,,,,,,,,,1,1,,
Marvel Comics,The Rise of Apocalypse (1996),1,The Rise of Apocalypse #1,The Rise of Apocalypse,1,8/21/1996,12,12,,1,0,0,1,1,,Print,,,,,,,,,,,,,1,1,,
Marvel Comics,The Rise of Apocalypse (1996),1,The Rise of Apocalypse #2,The Rise of Apocalypse,2,9/18/1996,12,12,,1,0,0,1,1,,Print,,,,,,,,,,,,,1,1,,
Marvel Comics,The Rise of Apocalypse (1996),1,The Rise of Apocalypse #3,The Rise of Apocalypse,3,10/23/1996,12,12,,1,0,0,1,1,,Print,,,,,,,,,,,,,1,1,,
Marvel Comics,The Rise of Apocalypse (1996),1,The Rise of Apocalypse #4,The Rise of Apocalypse,4,11/20/1996,,,,0,1,0,0,0,,Print,,,,,,,,,,,,,1,0,,
Marvel Comics,"The Saga of Crystar, Crystal Warrior (1983 - 1985)",1,"The Saga of Crystar, Crystal Warrior #1","The Saga of Crystar, Crystal Warrior",1,2/1/1983,,,,0,1,0,0,0,,Print,,,,,,,,,,,,,1,0,,
Marvel Comics,"The Saga of Crystar, Crystal Warrior (1983 - 1985)",1,"The Saga of Crystar, Crystal Warrior #2","The Saga of Crystar, Crystal Warrior",2,3/29/1983,,,,0,1,0,0,0,,Print,,,,,,,,,,,,,1,0,,
Marvel Comics,"The Saga of Crystar, Crystal Warrior (1983 - 1985)",1,"The Saga of Crystar, Crystal Warrior #3","The Saga of Crystar, Crystal Warrior",3,5/31/1983,5,5,,1,0,0,1,1,,Print,,,,,,,,,,,,,1,1,,
Marvel Comics,"The Saga of Crystar, Crystal Warrior (1983 - 1985)",1,"The Saga of Crystar, Crystal Warrior #4","The Saga of Crystar, Crystal Warrior",4,8/2/1983,5,5,,1,0,0,1,1,,Print,,,,,,,,,,,,,1,1,,
Marvel Comics,"The Saga of Crystar, Crystal Warrior (1983 - 1985)",1,"The Saga of Crystar, Crystal Warrior #5","The Saga of Crystar, Crystal Warrior",5,10/4/1983,5,5,,1,0,0,1,1,,Print,,,,,,,,,,,,,1,1,,
Marvel Comics,"The Saga of Crystar, Crystal Warrior (1983 - 1985)",1,"The Saga of Crystar, Crystal Warrior #6","The Saga of Crystar, Crystal Warrior",6,11/29/1983,5,5,,1,0,0,1,1,,Print,,,,,,,,,,,,,1,1,,
Marvel Comics,"The Saga of Crystar, Crystal Warrior (1983 - 1985)",1,"The Saga of Crystar, Crystal Warrior #7","The Saga of Crystar, Crystal Warrior",7,1/31/1984,,,,0,1,0,0,0,,Print,,,,,,,,,,,,,1,0,,
Marvel Comics,"The Saga of Crystar, Crystal Warrior (1983 - 1985)",1,"The Saga of Crystar, Crystal Warrior #8","The Saga of Crystar, Crystal Warrior",8,4/3/1984,5,5,,1,0,0,1,1,,Print,,,,,,,,,,,,,1,1,,
Marvel Comics,"The Saga of Crystar, Crystal Warrior (1983 - 1985)",1,"The Saga of Crystar, Crystal Warrior #9","The Saga of Crystar, Crystal Warrior",9,5/29/1984,,,,0,1,0,0,0,,Print,,,,,,,,,,,,,1,0,,
Marvel Comics,"The Saga of Crystar, Crystal Warrior (1983 - 1985)",1,"The Saga of Crystar, Crystal Warrior #10","The Saga of Crystar, Crystal Warrior",10,7/31/1984,5,5,,1,0,0,1,1,,Print,,,,,,,,,,,,,1,1,,
Marvel Comics,"The Saga of Crystar, Crystal Warrior (1983 - 1985)",1,"The Saga of Crystar, Crystal Warrior #11","The Saga of Crystar, Crystal Warrior",11,10/30/1984,5,5,,1,0,0,1,1,,Print,,,,,,,,,,,,,1,1,,
Marvel Comics,The Secret Defenders (1993 - 1995),1,The Secret Defenders #1,The Secret Defenders,1,1/12/1993,,,,0,1,0,0,0,,Print,,,,,,,,,,,,,1,0,,
Marvel Comics,The Secret Defenders (1993 - 1995),1,The Secret Defenders #2,The Secret Defenders,2,2/9/1993,12,12,,1,0,0,1,1,,Print,,,,,,,,,,,,,1,1,,
Marvel Comics,The Secret Defenders (1993 - 1995),1,The Secret Defenders #3,The Secret Defenders,3,3/9/1993,,,,0,1,0,0,0,,Print,,,,,,,,,,,,,1,0,,
Marvel Comics,The Secret Defenders (1993 - 1995),1,The Secret Defenders #4,The Secret Defenders,4,4/13/1993,,,,0,1,0,0,0,,Print,,,,,,,,,,,,,1,0,,
Marvel Comics,The Secret Defenders (1993 - 1995),1,The Secret Defenders #5,The Secret Defenders,5,5/11/1993,,,,0,1,0,0,0,,Print,,,,,,,,,,,,,1,0,,
Marvel Comics,The Secret Defenders (1993 - 1995),1,The Secret Defenders #6,The Secret Defenders,6,6/8/1993,,,,0,1,0,0,0,,Print,,,,,,,,,,,,,1,0,,
Marvel Comics,The Secret Defenders (1993 - 1995),1,The Secret Defenders #7,The Secret Defenders,7,7/13/1993,,,,0,1,0,0,0,,Print,,,,,,,,,,,,,1,0,,
Marvel Comics,The Secret Defenders (1993 - 1995),1,The Secret Defenders #8,The Secret Defenders,8,8/10/1993,,,,0,1,0,0,0,,Print,,,,,,,,,,,,,1,0,,
Marvel Comics,The Secret Defenders (1993 - 1995),1,The Secret Defenders #9,The Secret Defenders,9,9/14/1993,,,,0,1,0,0,0,,Print,,,,,,,,,,,,,1,0,,
Marvel Comics,The Secret Defenders (1993 - 1995),1,The Secret Defenders #10,The Secret Defenders,10,10/12/1993,,,,0,1,0,0,0,,Print,,,,,,,,,,,,,1,0,,
Marvel Comics,The Secret Defenders (1993 - 1995),1,The Secret Defenders #11,The Secret Defenders,11,11/9/1993,,,,0,1,0,0,0,,Print,,,,,,,,,,,,,1,0,,
Marvel Comics,The Secret Defenders (1993 - 1995),1,The Secret Defenders #12,The Secret Defenders,12,12/14/1993,,,,0,1,0,0,0,,Print,,,,,,,,,,,,,1,0,,
Marvel Comics,The Secret Defenders (1993 - 1995),1,The Secret Defenders #13,The Secret Defenders,13,1/11/1994,,,,0,1,0,0,0,,Print,,,,,,,,,,,,,1,0,,
Marvel Comics,The Secret Defenders (1993 - 1995),1,The Secret Defenders #14,The Secret Defenders,14,2/8/1994,,,,0,1,0,0,0,,Print,,,,,,,,,,,,,1,0,,
Marvel Comics,The Secret Defenders (1993 - 1995),1,The Secret Defenders #15,The Secret Defenders,15,5/1/1994,,,,0,1,0,0,0,,Print,,,,,,,,,,,,,1,0,,
Marvel Comics,The Secret Defenders (1993 - 1995),1,The Secret Defenders #17,The Secret Defenders,17,5/10/1994,,,,0,1,0,0,0,,Print,,,,,,,,,,,,,1,0,,
Marvel Comics,The Secret Defenders (1993 - 1995),1,The Secret Defenders #16,The Secret Defenders,16,6/1/1994,,,,0,1,0,0,0,,Print,,,,,,,,,,,,,1,0,,
Marvel Comics,The Secret Defenders (1993 - 1995),1,The Secret Defenders #18,The Secret Defenders,18,8/1/1994,,,,0,1,0,0,0,,Print,,,,,,,,,,,,,1,0,,
Marvel Comics,The Secret Defenders (1993 - 1995),1,The Secret Defenders #19,The Secret Defenders,19,9/1/1994,,,,0,1,0,0,0,,Print,,,,,,,,,,,,,1,0,,
Marvel Comics,The Secret Defenders (1993 - 1995),1,The Secret Defenders #20,The Secret Defenders,20,10/1/1994,,,,0,1,0,0,0,,Print,,,,,,,,,,,,,1,0,,
Marvel Comics,The Secret Defenders (1993 - 1995),1,The Secret Defenders #22,The Secret Defenders,22,10/11/1994,,,,0,1,0,0,0,,Print,,,,,,,,,,,,,1,0,,
Marvel Comics,The Secret Defenders (1993 - 1995),1,The Secret Defenders #21,The Secret Defenders,21,11/1/1994,,,,0,1,0,0,0,,Print,,,,,,,,,,,,,1,0,,
Marvel Comics,The Secret Defenders (1993 - 1995),1,The Secret Defenders #23,The Secret Defenders,23,1/1/1995,,,,0,1,0,0,0,,Print,,,,,,,,,,,,,1,0,,
Marvel Comics,The Secret Defenders (1993 - 1995),1,The Secret Defenders #24,The Secret Defenders,24,2/1/1995,,,,0,1,0,0,0,,Print,,,,,,,,,,,,,1,0,,
Marvel Comics,The Secret Defenders (1993 - 1995),1,The Secret Defenders #25,The Secret Defenders,25,3/1/1995,,,,0,1,0,0,0,,Print,,,,,,,,,,,,,1,0,,
Marvel Comics,The Sensational She-Hulk (Vol. 1) (1989 - 1994),1,The Sensational She-Hulk #1,The Sensational She-Hulk,1,1/3/1989,13,13,,1,0,0,1,1,,Print,,,,,,,,,,,,,1,1,,
Marvel Comics,The Sensational She-Hulk (Vol. 1) (1989 - 1994),1,The Sensational She-Hulk #2,The Sensational She-Hulk,2,2/7/1989,13,13,,1,0,0,1,1,,Print,,,,,,,,,,,,,1,1,,
Marvel Comics,The Sensational She-Hulk (Vol. 1) (1989 - 1994),1,The Sensational She-Hulk #3,The Sensational She-Hulk,3,3/7/1989,13,13,,1,0,0,1,1,,Print,,,,,,,,,,,,,1,1,,
Marvel Comics,The Sensational She-Hulk (Vol. 1) (1989 - 1994),1,The Sensational She-Hulk #4,The Sensational She-Hulk,4,4/4/1989,13,13,,1,0,0,1,1,,Print,,,,,,,,,,,,,1,1,,
Marvel Comics,The Sensational She-Hulk (Vol. 1) (1989 - 1994),1,The Sensational She-Hulk #5,The Sensational She-Hulk,5,5/2/1989,13,13,,1,0,0,1,1,,Print,,,,,,,,,,,,,1,1,,
Marvel Comics,The Sensational She-Hulk (Vol. 1) (1989 - 1994),1,The Sensational She-Hulk #6,The Sensational She-Hulk,6,6/6/1989,13,13,,1,0,0,1,1,,Print,,,,,,,,,,,,,1,1,,
Marvel Comics,The Sensational She-Hulk (Vol. 1) (1989 - 1994),1,The Sensational She-Hulk #7,The Sensational She-Hulk,7,7/4/1989,13,13,,1,0,0,1,1,,Print,,,,,,,,,,,,,1,1,,
Marvel Comics,The Sensational She-Hulk (Vol. 1) (1989 - 1994),1,The Sensational She-Hulk #8,The Sensational She-Hulk,8,8/1/1989,13,13,,1,0,0,1,1,,Print,,,,,,,,,,,,,1,1,,
Marvel Comics,The Sensational She-Hulk (Vol. 1) (1989 - 1994),1,The Sensational She-Hulk #9,The Sensational She-Hulk,9,9/5/1989,13,13,,1,0,0,1,1,,Print,,,,,,,,,,,,,1,1,,
Marvel Comics,The Sensational She-Hulk (Vol. 1) (1989 - 1994),1,The Sensational She-Hulk #10,The Sensational She-Hulk,10,10/3/1989,13,13,,1,0,0,1,1,,Print,,,,,,,,,,,,,1,1,,
Marvel Comics,The Sensational She-Hulk (Vol. 1) (1989 - 1994),1,The Sensational She-Hulk #11,The Sensational She-Hulk,11,11/7/1989,13,13,,1,0,0,1,1,,Print,,,,,,,,,,,,,1,1,,
Marvel Comics,The Sensational She-Hulk (Vol. 1) (1989 - 1994),1,The Sensational She-Hulk #12,The Sensational She-Hulk,12,12/5/1989,13,13,,1,0,0,1,1,,Print,,,,,,,,,,,,,1,1,,
Marvel Comics,The Silver Surfer (Vol. 4) (1988),4,The Silver Surfer #1,The Silver Surfer,1,8/11/1988,12,12,,1,0,0,1,1,,Print,,,,,,,,,,,,,1,1,,
Marvel Comics,The Silver Surfer (Vol. 4) (1988),4,The Silver Surfer #2,The Silver Surfer,2,9/15/1988,12,12,,1,0,0,1,1,,Print,,,,,,,,,,,,,1,1,,
Marvel Comics,The Thing (Vol. 1) (1983 - 1986),1,The Thing #4,The Thing,4,6/7/1983,8,8,,1,0,0,1,1,,Print,,,,,,,,,,,,,1,1,,
Marvel Comics,The Thing (Vol. 1) (1983 - 1986),1,The Thing #30,The Thing,30,12/10/1985,,14,Secret Wars II,0,1,0,0,0,,Print,,,,,,,,,,,,,1,0,,
Marvel Comics,The Transformers (1984 - 1991),1,The Transformers #3,The Transformers,3,9/11/1984,9,17,,1,0,0,1,1,,Print,,,,,,,,,,,,,1,1,,
Marvel Comics,The Transformers (1984 - 1991),1,The Transformers #4,The Transformers,4,11/13/1984,9,17,,1,0,0,1,1,,Print,,,,,,,,,,,,,1,1,,
Marvel Comics,The Transformers (1984 - 1991),1,The Transformers #13,The Transformers,13,10/22/1985,9,17,,1,0,0,1,1,,Print,,,,,,,,,,,,,1,1,,
Marvel Comics,The Transformers (1984 - 1991),1,The Transformers #14,The Transformers,14,11/26/1985,9,17,,1,0,0,1,1,,Print,,,,,,,,,,,,,1,1,,
Marvel Comics,The Transformers (1984 - 1991),1,The Transformers #15,The Transformers,15,12/24/1985,9,17,,1,0,0,1,1,,Print,,,,,,,,,,,,,1,1,,
Marvel Comics,The Transformers (1984 - 1991),1,The Transformers #21,The Transformers,21,6/24/1986,9,17,,1,0,0,1,1,,Print,,,,,,,,,,,,,1,1,,
Marvel Comics,The Transformers (1984 - 1991),1,The Transformers #22,The Transformers,22,7/22/1986,9,17,,1,0,0,1,1,,Print,,,,,,,,,,,,,1,1,,
Marvel Comics,The Transformers (1984 - 1991),1,The Transformers #31,The Transformers,31,4/28/1987,9,17,,1,0,0,1,1,,Print,,,,,,,,,,,,,1,1,,
Marvel Comics,The Transformers (1984 - 1991),1,The Transformers #32,The Transformers,32,5/26/1987,9,17,,1,0,0,1,1,,Print,,,,,,,,,,,,,1,1,,
Marvel Comics,The Transformers (1984 - 1991),1,The Transformers #34,The Transformers,34,7/28/1987,9,17,,1,0,0,1,1,,Print,,,,,,,,,,,,,1,1,,
Marvel Comics,The Transformers (1984 - 1991),1,The Transformers #36,The Transformers,36,9/22/1987,9,17,,1,0,0,1,1,,Print,,,,,,,,,,,,,1,1,,
Marvel Comics,The Transformers (1984 - 1991),1,The Transformers #37,The Transformers,37,10/27/1987,9,17,,1,0,0,1,1,,Print,,,,,,,,,,,,,1,1,,
Marvel Comics,The Transformers (1984 - 1991),1,The Transformers #38,The Transformers,38,11/24/1987,9,17,,1,0,0,1,1,,Print,,,,,,,,,,,,,1,1,,
Marvel Comics,The Transformers (1984 - 1991),1,The Transformers #40,The Transformers,40,1/26/1988,9,17,,1,0,0,1,1,,Print,,,,,,,,,,,,,1,1,,
Marvel Comics,The Transformers (1984 - 1991),1,The Transformers #41,The Transformers,41,2/23/1988,9,17,,1,0,0,1,1,,Print,,,,,,,,,,,,,1,1,,
Marvel Comics,The Transformers (1984 - 1991),1,The Transformers #42,The Transformers,42,3/22/1988,9,17,,1,0,0,1,1,,Print,,,,,,,,,,,,,1,1,,
Marvel Comics,The Transformers (1984 - 1991),1,The Transformers #43,The Transformers,43,4/26/1988,9,17,,1,0,0,1,1,,Print,,,,,,,,,,,,,1,1,,
Marvel Comics,The Transformers (1984 - 1991),1,The Transformers #44,The Transformers,44,5/24/1988,9,17,,1,0,0,1,1,,Print,,,,,,,,,,,,,1,1,,
Marvel Comics,The Transformers (1984 - 1991),1,The Transformers #45,The Transformers,45,6/28/1988,9,17,,1,0,0,1,1,,Print,,,,,,,,,,,,,1,1,,
Marvel Comics,The Transformers (1984 - 1991),1,The Transformers #46,The Transformers,46,7/26/1988,9,17,,1,0,0,1,1,,Print,,,,,,,,,,,,,1,1,,
Marvel Comics,The Transformers (1984 - 1991),1,The Transformers #47,The Transformers,47,8/23/1988,9,17,,1,0,0,1,1,,Print,,,,,,,,,,,,,1,1,,
Marvel Comics,The Transformers (1984 - 1991),1,The Transformers #48,The Transformers,48,9/27/1988,9,17,,1,0,0,1,1,,Print,,,,,,,,,,,,,1,1,,
Marvel Comics,The Transformers (1984 - 1991),1,The Transformers #49,The Transformers,49,10/25/1988,9,17,,1,0,0,1,1,,Print,,,,,,,,,,,,,1,1,,
Marvel Comics,The Transformers (1984 - 1991),1,The Transformers #50,The Transformers,50,11/22/1988,9,17,,1,0,0,1,1,,Print,,,,,,,,,,,,,1,1,,
Marvel Comics,The Transformers (1984 - 1991),1,The Transformers #51,The Transformers,51,12/27/1988,9,17,,1,0,0,1,1,,Print,,,,,,,,,,,,,1,1,,
Marvel Comics,The Transformers (1984 - 1991),1,The Transformers #52,The Transformers,52,1/24/1989,9,17,,1,0,0,1,1,,Print,,,,,,,,,,,,,1,1,,
Marvel Comics,The Transformers (1984 - 1991),1,The Transformers #53,The Transformers,53,3/2/1989,9,17,,1,0,0,1,1,,Print,,,,,,,,,,,,,1,1,,
Marvel Comics,The Transformers (1984 - 1991),1,The Transformers #54,The Transformers,54,3/30/1989,9,17,,1,0,0,1,1,,Print,,,,,,,,,,,,,1,1,,
Marvel Comics,The Transformers (1984 - 1991),1,The Transformers #55,The Transformers,55,4/27/1989,9,17,,1,0,0,1,1,,Print,,,,,,,,,,,,,1,1,,
Marvel Comics,The Transformers (1984 - 1991),1,The Transformers #56,The Transformers,56,5/23/1989,9,17,,1,0,0,1,1,,Print,,,,,,,,,,,,,1,1,,
Marvel Comics,The Transformers (1984 - 1991),1,The Transformers #57,The Transformers,57,6/27/1989,9,17,,1,0,0,1,1,,Print,,,,,,,,,,,,,1,1,,
Marvel Comics,The Transformers (1984 - 1991),1,The Transformers #58,The Transformers,58,7/25/1989,9,17,,1,0,0,1,1,,Print,,,,,,,,,,,,,1,1,,
Marvel Comics,The Transformers (1984 - 1991),1,The Transformers #59,The Transformers,59,8/22/1989,9,17,,1,0,0,1,1,,Print,,,,,,,,,,,,,1,1,,
Marvel Comics,The Transformers (1984 - 1991),1,The Transformers #60,The Transformers,60,9/26/1989,9,17,,1,0,0,1,1,,Print,,,,,,,,,,,,,1,1,,
Marvel Comics,The Transformers (1984 - 1991),1,The Transformers #62,The Transformers,62,11/28/1989,9,17,,1,0,0,1,1,,Print,,,,,,,,,,,,,1,1,,
Marvel Comics,The Transformers (1984 - 1991),1,The Transformers #63,The Transformers,63,12/26/1989,9,17,,1,0,0,1,1,,Print,,,,,,,,,,,,,1,1,,
Marvel Comics,The Transformers (1984 - 1991),1,The Transformers #64,The Transformers,64,1/23/1990,9,17,,1,0,0,1,1,,Print,,,,,,,,,,,,,1,1,,
Marvel Comics,The Transformers: Headmasters (1987 - 1988),1,The Transformers: Headmasters #3,The Transformers: Headmasters,3,8/4/1987,9,17,,1,0,0,1,1,,Print,,,,,,,,,,,,,1,1,,
Marvel Comics,The Transformers: Headmasters (1987 - 1988),1,The Transformers: Headmasters #4,The Transformers: Headmasters,4,9/8/1987,9,17,,1,0,0,1,1,,Print,,,,,,,,,,,,,1,1,,
Marvel Comics,The Vision and the Scarlet Witch (Vol. 2) (1985 - 1986),2,The Vision and the Scarlet Witch #1,The Vision and the Scarlet Witch,1,6/11/1985,,,,0,1,0,0,0,,Print,,,,,,,,,,,,,1,0,,
Marvel Comics,The Vision and the Scarlet Witch (Vol. 2) (1985 - 1986),2,The Vision and the Scarlet Witch #2,The Vision and the Scarlet Witch,2,7/9/1985,,,,0,1,0,0,0,,Print,,,,,,,,,,,,,1,0,,
Marvel Comics,The Vision and the Scarlet Witch (Vol. 2) (1985 - 1986),2,The Vision and the Scarlet Witch #3,The Vision and the Scarlet Witch,3,8/6/1985,,,,0,1,0,0,0,,Print,,,,,,,,,,,,,1,0,,
Marvel Comics,The Vision and the Scarlet Witch (Vol. 2) (1985 - 1986),2,The Vision and the Scarlet Witch #4,The Vision and the Scarlet Witch,4,9/10/1985,,,,0,1,0,0,0,,Print,,,,,,,,,,,,,1,0,,
Marvel Comics,The Vision and the Scarlet Witch (Vol. 2) (1985 - 1986),2,The Vision and the Scarlet Witch #5,The Vision and the Scarlet Witch,5,10/8/1985,,,,0,1,0,0,0,,Print,,,,,,,,,,,,,1,0,,
Marvel Comics,The Vision and the Scarlet Witch (Vol. 2) (1985 - 1986),2,The Vision and the Scarlet Witch #6,The Vision and the Scarlet Witch,6,11/12/1985,,,,0,1,0,0,0,,Print,,,,,,,,,,,,,1,0,,
Marvel Comics,The Vision and the Scarlet Witch (Vol. 2) (1985 - 1986),2,The Vision and the Scarlet Witch #7,The Vision and the Scarlet Witch,7,12/10/1985,,,,0,1,0,0,0,,Print,,,,,,,,,,,,,1,0,,
Marvel Comics,The Vision and the Scarlet Witch (Vol. 2) (1985 - 1986),2,The Vision and the Scarlet Witch #8,The Vision and the Scarlet Witch,8,1/14/1986,,,,0,1,0,0,0,,Print,,,,,,,,,,,,,1,0,,
Marvel Comics,The Vision and the Scarlet Witch (Vol. 2) (1985 - 1986),2,The Vision and the Scarlet Witch #9,The Vision and the Scarlet Witch,9,2/11/1986,,,,0,1,0,0,0,,Print,,,,,,,,,,,,,1,0,,
Marvel Comics,The Vision and the Scarlet Witch (Vol. 2) (1985 - 1986),2,The Vision and the Scarlet Witch #10,The Vision and the Scarlet Witch,10,3/11/1986,,,,0,1,0,0,0,,Print,,,,,,,,,,,,,1,0,,
Marvel Comics,The Vision and the Scarlet Witch (Vol. 2) (1985 - 1986),2,The Vision and the Scarlet Witch #11,The Vision and the Scarlet Witch,11,4/8/1986,,,,0,1,0,0,0,,Print,,,,,,,,,,,,,1,0,,
Marvel Comics,The Vision and the Scarlet Witch (Vol. 2) (1985 - 1986),2,The Vision and the Scarlet Witch #12,The Vision and the Scarlet Witch,12,5/13/1986,9,9,,1,0,0,1,1,,Print,,,,,,,,,,,,,1,1,,
Marvel Comics,The West Coast Avengers (Vol. 2) (1985 - 1993),2,The West Coast Avengers #11,The West Coast Avengers,11,4/1/1986,3,3,,1,0,0,1,1,,Print,,,,,,,,,,,,,1,1,,
Marvel Comics,The West Coast Avengers (Vol. 2) (1985 - 1993),2,The West Coast Avengers #13,The West Coast Avengers,13,6/3/1986,3,3,,1,0,0,1,1,,Print,,,,,,,,,,,,,1,1,,
Marvel Comics,The West Coast Avengers (Vol. 2) (1985 - 1993),2,The West Coast Avengers #14,The West Coast Avengers,14,7/1/1986,3,3,,1,0,0,1,1,,Print,,,,,,,,,,,,,1,1,,
Marvel Comics,The West Coast Avengers (Vol. 2) (1985 - 1993),2,The West Coast Avengers Annual #3,The West Coast Avengers Annual,3,6/30/1988,,17,Evolutionary War,1,0,0,0,1,,Print,,,,,,,,,,,,,2,2,,
Marvel Comics,The West Coast Avengers (Vol. 2) (1985 - 1993),2,Avengers West Coast Annual #4,Avengers West Coast Annual,4,7/4/1989,10,10,Atlantis Attacks,1,0,0,0,1,,Print,,,,,,,,,,,,,2,2,,
Marvel Comics,The West Coast Avengers (Vol. 2) (1985 - 1993),2,Avengers West Coast #50,Avengers West Coast,50,7/4/1989,3,3,,1,0,0,1,1,,Print,,,,,,,,,,,,,1,1,,
Marvel Comics,The West Coast Avengers (Vol. 2) (1985 - 1993),2,Avengers West Coast #51,Avengers West Coast,51,8/1/1989,3,3,,1,0,0,1,1,,Print,,,,,,,,,,,,,1,1,,
Marvel Comics,The West Coast Avengers (Vol. 2) (1985 - 1993),2,Avengers West Coast #52,Avengers West Coast,52,9/5/1989,3,3,,1,0,0,1,1,,Print,,,,,,,,,,,,,1,1,,
Marvel Comics,The West Coast Avengers (Vol. 2) (1985 - 1993),2,Avengers West Coast #53,Avengers West Coast,53,10/3/1989,14,14,Acts of Vengeance,1,0,0,0,1,,Print,,,,,,,,,,,,,1,1,,
Marvel Comics,The West Coast Avengers (Vol. 2) (1985 - 1993),2,Avengers West Coast #54,Avengers West Coast,54,11/7/1989,14,14,Acts of Vengeance,1,0,0,0,1,,Print,,,,,,,,,,,,,1,1,,
Marvel Comics,The West Coast Avengers (Vol. 2) (1985 - 1993),2,Avengers West Coast #55,Avengers West Coast,55,12/5/1989,,14,Acts of Vengeance,0,1,0,0,0,,Print,,,,,,,,,,,,,1,0,,
Marvel Comics,The West Coast Avengers (Vol. 2) (1985 - 1993),2,Avengers West Coast #80,Avengers West Coast,80,1/5/1992,,9,Operation Galactic Storm,0,1,0,0,0,,Print,,,,,,,,,,,,,1,0,,
Marvel Comics,The West Coast Avengers (Vol. 2) (1985 - 1993),2,Avengers West Coast #81,Avengers West Coast,81,2/4/1992,,9,Operation Galactic Storm,0,1,0,0,0,,Print,,,,,,,,,,,,,1,0,,
Marvel Comics,The West Coast Avengers (Vol. 2) (1985 - 1993),2,Avengers West Coast #82,Avengers West Coast,82,2/8/1992,,9,Operation Galactic Storm,0,1,0,0,0,,Print,,,,,,,,,,,,,1,0,,
Marvel Comics,The West Coast Avengers (Vol. 2) (1985 - 1993),2,Avengers West Coast #96,Avengers West Coast,96,4/8/1993,2,2,The Infinity Crusade,1,0,0,0,1,,Print,,,,,,,,,,,,,1,1,,
Marvel Comics,The West Coast Avengers (Vol. 2) (1985 - 1993),2,Avengers West Coast #97,Avengers West Coast,97,5/8/1993,2,2,The Infinity Crusade,1,0,0,0,1,,Print,,,,,,,,,,,,,1,1,,
Marvel Comics,The West Coast Avengers (Vol. 2) (1985 - 1993),2,Avengers West Coast #101,Avengers West Coast,101,10/5/1993,1,1,Bloodties,1,0,0,0,1,,Print,,,,,,,,,,,,,1,1,,
Marvel Comics,The Wolverine Saga (1990),1,The Wolverine Saga #1,The Wolverine Saga,1,7/4/1990,,,,0,1,0,0,0,,Print,,,,,,,,,,,,,1,0,,
Marvel Comics,The Wolverine Saga (1990),1,The Wolverine Saga #2,The Wolverine Saga,2,6/6/1989,15,15,,1,0,0,1,1,,Print,,,,,,,,,,,,,1,1,,
Marvel Comics,The Wolverine Saga (1990),1,The Wolverine Saga #3,The Wolverine Saga,3,8/1/1989,15,15,,1,0,0,1,1,,Print,,,,,,,,,,,,,1,1,,
Marvel Comics,The Wolverine Saga (1990),1,The Wolverine Saga #4,The Wolverine Saga,4,9/5/1989,15,15,,1,0,0,1,1,,Print,,,,,,,,,,,,,1,1,,
Marvel Comics,The X-Men (Vol. 1) (1963 - 1981),1,The X-Men Annual #4,The X-Men Annual,4,8/5/1980,8,8,,1,0,0,1,1,,Print ,,,,,,,,,,,,,1,1,,
Marvel Comics,The X-Men (Vol. 1) (1963 - 1981),1,The X-Men #141,The X-Men,141,10/21/1980,4,4,,1,0,0,1,1,,Print,,,,,,,,,,,,,1,1,,
Marvel Comics,The X-Men vs. The Avengers (1987),1,The X-Men vs. The Avengers #1,The X-Men vs. The Avengers,1,12/23/1986,14,14,,1,0,0,1,1,,Print,,,,,,,,,,,,,1,1,,
Marvel Comics,The X-Men vs. The Avengers (1987),1,The X-Men vs. The Avengers #2,The X-Men vs. The Avengers,2,1/27/1987,14,14,,1,0,0,1,1,,Print,,,,,,,,,,,,,1,1,,
Marvel Comics,The X-Men vs. The Avengers (1987),1,The X-Men vs. The Avengers #3,The X-Men vs. The Avengers,3,2/3/1987,,,,0,1,0,0,0,,Print,,,,,,,,,,,,,1,0,,
Marvel Comics,The X-Men vs. The Avengers (1987),1,The X-Men vs. The Avengers #4,The X-Men vs. The Avengers,4,3/24/1987,14,14,,1,0,0,1,1,,Print,,,,,,,,,,,,,1,1,,
Marvel Comics,Thor (Vol. 1) (1966 - 1996),1,Thor #363,Thor,363,10/15/1985,,14,Secret Wars II,0,1,0,0,0,,Print,,,,,,,,,,,,,1,0,,
Marvel Comics,Thor (Vol. 1) (1966 - 1996),1,Thor #370,Thor,370,5/13/1986,8,8,,1,0,0,1,1,,Print,,,,,,,,,,,,,1,1,,
Marvel Comics,Thor (Vol. 1) (1966 - 1996),1,Thor #373,Thor,373,8/12/1986,10,10,Mutant Massacre,1,0,0,0,2,,Print,,,,,,,,,,,,,1,2,,
Marvel Comics,Thor (Vol. 1) (1966 - 1996),1,Thor #374,Thor,374,9/16/1986,,10,Mutant Massacre,0,1,0,0,0,,Print,,,,,,,,,,,,,1,0,,
Marvel Comics,Thor (Vol. 1) (1966 - 1996),1,Thor #383,Thor,383,6/16/1987,14,14,Secret Wars,1,0,0,0,1,,Print,,,,,,,,,,,,,1,1,,
Marvel Comics,Thor (Vol. 1) (1966 - 1996),1,Thor #391,Thor,391,1/26/1988,8,8,,1,0,0,1,1,,Print,,,,,,,,,,,,,1,1,,
Marvel Comics,Thor (Vol. 1) (1966 - 1996),1,Thor #392,Thor,392,2/23/1988,8,8,,1,0,0,1,1,,Print,,,,,,,,,,,,,1,1,,
Marvel Comics,Thor (Vol. 1) (1966 - 1996),1,Thor #393,Thor,393,3/22/1988,8,8,,1,0,0,1,1,,Print,,,,,,,,,,,,,1,1,,
Marvel Comics,Thor (Vol. 1) (1966 - 1996),1,Thor #394,Thor,394,4/26/1988,8,8,,1,0,0,1,1,,Print,,,,,,,,,,,,,1,1,,
Marvel Comics,Thor (Vol. 1) (1966 - 1996),1,Thor #395,Thor,395,5/24/1988,8,8,,1,0,0,1,1,,Print,,,,,,,,,,,,,1,1,,
Marvel Comics,Thor (Vol. 1) (1966 - 1996),1,Thor #396,Thor,396,6/28/1988,8,8,,1,0,0,1,1,,Print,,,,,,,,,,,,,1,1,,
Marvel Comics,Thor (Vol. 1) (1966 - 1996),1,Thor #397,Thor,397,7/26/1988,8,8,,1,0,0,1,1,,Print,,,,,,,,,,,,,1,1,,
Marvel Comics,Thor (Vol. 1) (1966 - 1996),1,Thor #398,Thor,398,8/23/1988,8,8,,1,0,0,1,1,,Print,,,,,,,,,,,,,1,1,,
Marvel Comics,Thor (Vol. 1) (1966 - 1996),1,Thor #399,Thor,399,9/27/1988,8,8,,1,0,0,1,1,,Print,,,,,,,,,,,,,1,1,,
Marvel Comics,Thor (Vol. 1) (1966 - 1996),1,Thor #400,Thor,400,10/25/1988,8,8,,1,0,0,1,1,,Print,,,,,,,,,,,,,1,1,,
Marvel Comics,Thor (Vol. 1) (1966 - 1996),1,Thor #401,Thor,401,11/22/1988,8,8,,1,0,0,1,1,,Print,,,,,,,,,,,,,1,1,,
Marvel Comics,Thor (Vol. 1) (1966 - 1996),1,Thor #402,Thor,402,12/27/1988,8,8,,1,0,0,1,1,,Print,,,,,,,,,,,,,1,1,,
Marvel Comics,Thor (Vol. 1) (1966 - 1996),1,Thor #403,Thor,403,1/24/1989,8,8,,1,0,0,1,1,,Print,,,,,,,,,,,,,1,1,,
Marvel Comics,Thor (Vol. 1) (1966 - 1996),1,Thor #404,Thor,404,2/28/1989,8,8,,1,0,0,1,1,,Print,,,,,,,,,,,,,1,1,,
Marvel Comics,Thor (Vol. 1) (1966 - 1996),1,Thor #405,Thor,405,3/28/1989,8,8,,1,0,0,1,1,,Print,,,,,,,,,,,,,1,1,,
Marvel Comics,Thor (Vol. 1) (1966 - 1996),1,Thor #406,Thor,406,4/25/1989,8,8,,1,0,0,1,1,,Print,,,,,,,,,,,,,1,1,,
Marvel Comics,Thor (Vol. 1) (1966 - 1996),1,Thor #407,Thor,407,5/23/1989,8,8,,1,0,0,1,1,,Print,,,,,,,,,,,,,1,1,,
Marvel Comics,Thor (Vol. 1) (1966 - 1996),1,Thor #408,Thor,408,6/27/1989,8,8,,1,0,0,1,1,,Print,,,,,,,,,,,,,1,1,,
Marvel Comics,Thor (Vol. 1) (1966 - 1996),1,Thor Annual #14,Thor Annual,14,7/11/1989,10,10,Atlantis Attacks,1,0,0,0,1,,Print,,,,,,,,,,,,,2,2,,
Marvel Comics,Thor (Vol. 1) (1966 - 1996),1,Thor #409,Thor,409,7/25/1989,8,8,,1,0,0,1,1,,Print,,,,,,,,,,,,,1,1,,
Marvel Comics,Thor (Vol. 1) (1966 - 1996),1,Thor #410,Thor,410,8/22/1989,14,14,Acts of Vengeance,1,0,0,0,1,,Print,,,,,,,,,,,,,1,1,,
Marvel Comics,Thor (Vol. 1) (1966 - 1996),1,Thor #411,Thor,411,9/26/1989,14,14,Acts of Vengeance,1,0,0,0,1,,Print,,,,,,,,,,,,,1,1,,
Marvel Comics,Thor (Vol. 1) (1966 - 1996),1,Thor #412,Thor,412,10/24/1989,14,14,Acts of Vengeance,1,0,0,0,1,,Print,,,,,,,,,,,,,1,1,,
Marvel Comics,Thor (Vol. 1) (1966 - 1996),1,Thor #413,Thor,413,11/28/1989,8,8,,1,0,0,1,1,,Print,,,,,,,,,,,,,1,1,,
Marvel Comics,Thor (Vol. 1) (1966 - 1996),1,Thor #414,Thor,414,12/26/1989,8,8,,1,0,0,1,1,,Print,,,,,,,,,,,,,1,1,,
Marvel Comics,Thor (Vol. 1) (1966 - 1996),1,Thor #415,Thor,415,1/23/1990,8,8,,1,0,0,1,1,,Print,,,,,,,,,,,,,1,1,,
Marvel Comics,Thor (Vol. 1) (1966 - 1996),1,Thor #419,Thor,419,5/20/1990,8,8,The Black Galaxy Saga,1,0,0,0,1,,Print,,,,,,,,,,,,,1,1,,
Marvel Comics,Thor (Vol. 1) (1966 - 1996),1,Thor #420,Thor,420,6/12/1990,,8,The Black Galaxy Saga,0,1,0,0,0,,Print,,,,,,,,,,,,,1,0,,
Marvel Comics,Thor (Vol. 1) (1966 - 1996),1,Thor #421,Thor,421,6/26/1990,8,8,The Black Galaxy Saga,1,0,0,0,1,,Print,,,,,,,,,,,,,1,1,,
Marvel Comics,Thor (Vol. 1) (1966 - 1996),1,Thor #422,Thor,422,7/10/1990,,8,The Black Galaxy Saga,0,1,0,0,0,,Print,,,,,,,,,,,,,1,0,,
Marvel Comics,Thor (Vol. 1) (1966 - 1996),1,Thor #423,Thor,423,7/24/1990,,8,The Black Galaxy Saga,0,1,0,0,0,,Print,,,,,,,,,,,,,1,0,,
Marvel Comics,Thor (Vol. 1) (1966 - 1996),1,Thor #424,Thor,424,8/14/1990,8,8,The Black Galaxy Saga,1,0,0,0,1,,Print,,,,,,,,,,,,,1,1,,
Marvel Comics,Thor (Vol. 1) (1966 - 1996),1,Thor #425,Thor,425,8/28/1990,8,8,,1,0,0,1,1,,Print,,,,,,,,,,,,,1,1,,
Marvel Comics,Thor (Vol. 1) (1966 - 1996),1,Thor #427,Thor,427,10/23/1990,8,8,,1,0,0,1,1,,Print,,,,,,,,,,,,,1,1,,
Marvel Comics,Thor (Vol. 1) (1966 - 1996),1,Thor #428,Thor,428,11/27/1990,8,8,,1,0,0,1,1,,Print,,,,,,,,,,,,,1,1,,
Marvel Comics,Thor (Vol. 1) (1966 - 1996),1,Thor #432,Thor,432,3/26/1991,8,8,,1,0,0,1,1,,Print,,,,,,,,,,,,,1,1,,
Marvel Comics,Thor (Vol. 1) (1966 - 1996),1,Thor #433,Thor,433,4/23/1991,8,8,,1,0,0,1,1,,Print,,,,,,,,,,,,,1,1,,
Marvel Comics,Thor (Vol. 1) (1966 - 1996),1,Thor Annual #16,Thor Annual,16,4/30/1991,8,8,The Korvac Quest,1,0,0,0,1,,Print,,,,,,,,,,,,,2,2,,
Marvel Comics,Thor (Vol. 1) (1966 - 1996),1,Thor #434,Thor,434,5/28/1991,8,8,,1,0,0,1,1,,Print,,,,,,,,,,,,,1,1,,
Marvel Comics,Thor (Vol. 1) (1966 - 1996),1,Thor #436,Thor,436,7/23/1991,8,8,,1,0,0,1,1,,Print,,,,,,,,,,,,,1,1,,
Marvel Comics,Thor (Vol. 1) (1966 - 1996),1,Thor #437,Thor,437,8/27/1991,8,8,,1,0,0,1,1,,Print,,,,,,,,,,,,,1,1,,
Marvel Comics,Thor (Vol. 1) (1966 - 1996),1,Thor #438,Thor,438,9/10/1991,8,8,The Thor War,1,0,0,0,1,,Print,,,,,,,,,,,,,1,1,,
Marvel Comics,Thor (Vol. 1) (1966 - 1996),1,Thor #439,Thor,439,9/24/1991,8,8,The Thor War,1,0,0,0,1,,Print,,,,,,,,,,,,,1,1,,
Marvel Comics,Thor (Vol. 1) (1966 - 1996),1,Thor #440,Thor,440,10/8/1991,8,8,The Thor War,1,0,0,0,1,,Print,,,,,,,,,,,,,1,1,,
Marvel Comics,Thor (Vol. 1) (1966 - 1996),1,Thor #441,Thor,441,10/22/1991,,8,The Thor War,0,1,0,0,0,,Print,,,,,,,,,,,,,1,0,,
Marvel Comics,Thor (Vol. 1) (1966 - 1996),1,Thor #443,Thor,443,11/26/1991,8,8,,1,0,0,1,1,,Print,,,,,,,,,,,,,1,1,,
Marvel Comics,Thor (Vol. 1) (1966 - 1996),1,Thor #445,Thor,445,1/28/1992,9,9,Operation Galactic Storm,1,0,0,0,1,,Print,,,,,,,,,,,,,1,1,,
Marvel Comics,Thor (Vol. 1) (1966 - 1996),1,Thor #446,Thor,446,2/25/1992,9,9,Operation Galactic Storm,1,0,0,0,1,,Print,,,,,,,,,,,,,1,1,,
Marvel Comics,Thor (Vol. 1) (1966 - 1996),1,Thor #447,Thor,447,3/24/1992,8,8,,1,0,0,1,1,,Print,,,,,,,,,,,,,1,1,,
Marvel Comics,Thor (Vol. 1) (1966 - 1996),1,Thor #454,Thor,454,9/22/1992,8,8,,1,0,0,1,1,,Print,,,,,,,,,,,,,1,1,,
Marvel Comics,Thor (Vol. 1) (1966 - 1996),1,Thor #457,Thor,457,11/10/1992,8,8,,1,0,0,1,1,,Print,,,,,,,,,,,,,1,1,,
Marvel Comics,Thor (Vol. 1) (1966 - 1996),1,Thor #460,Thor,460,1/26/1993,8,8,,1,0,0,1,1,,Print,,,,,,,,,,,,,1,1,,
Marvel Comics,Thor (Vol. 1) (1966 - 1996),1,Thor #462,Thor,462,3/30/1993,8,8,,1,0,0,1,1,,Print,,,,,,,,,,,,,1,1,,
Marvel Comics,Thor (Vol. 1) (1966 - 1996),1,Thor #463,Thor,463,4/27/1993,2,2,The Infinity Crusade,1,0,0,0,1,,Print,,,,,,,,,,,,,1,1,,
Marvel Comics,Thor (Vol. 1) (1966 - 1996),1,Thor #464,Thor,464,5/25/1993,,2,The Infinity Crusade,0,1,0,0,0,,Print,,,,,,,,,,,,,1,0,,
Marvel Comics,Thor (Vol. 1) (1966 - 1996),1,Thor #465,Thor,465,6/29/1993,,2,The Infinity Crusade,0,1,0,0,0,,Print,,,,,,,,,,,,,1,0,,
Marvel Comics,Thor (Vol. 1) (1966 - 1996),1,Thor #466,Thor,466,7/27/1993,,2,The Infinity Crusade,0,1,0,0,0,,Print,,,,,,,,,,,,,1,0,,
Marvel Comics,Thor (Vol. 1) (1966 - 1996),1,Thor #467,Thor,467,8/31/1993,,2,The Infinity Crusade,0,1,0,0,0,,Print,,,,,,,,,,,,,1,0,,
Marvel Comics,Thor (Vol. 1) (1966 - 1996),1,Thor #468,Thor,468,9/28/1993,1,1,Blood and Thunder,1,0,0,0,1,,Print,,,,,,,,,,,,,1,1,,
Marvel Comics,Thor (Vol. 1) (1966 - 1996),1,Thor #469,Thor,469,10/26/1993,1,1,Blood and Thunder,1,0,0,0,1,,Print,,,,,,,,,,,,,1,1,,
Marvel Comics,Thor (Vol. 1) (1966 - 1996),1,Thor #470,Thor,470,11/30/1993,1,1,Blood and Thunder,1,0,0,0,1,,Print,,,,,,,,,,,,,1,1,,
Marvel Comics,Thor (Vol. 1) (1966 - 1996),1,Thor #471,Thor,471,12/28/1993,1,1,Blood and Thunder,1,0,0,0,1,,Print,,,,,,,,,,,,,1,1,,
Marvel Comics,Thor (Vol. 1) (1966 - 1996),1,Thor #498,Thor,498,3/14/1996,8,8,,1,0,0,1,1,,Print,,,,,,,,,,,,,1,1,,
Marvel Comics,Thor (Vol. 1) (1966 - 1996),1,Thor #499,Thor,499,4/10/1996,8,8,,1,0,0,1,1,,Print,,,,,,,,,,,,,1,1,,
Marvel Comics,Thor (Vol. 1) (1966 - 1996),1,Thor #500,Thor,500,5/15/1996,8,8,,1,0,0,1,1,,Print,,,,,,,,,,,,,1,1,,
Marvel Comics,Thor (Vol. 1) (1966 - 1996),1,Thor #501,Thor,501,6/12/1996,8,8,,1,0,0,1,1,,Print,,,,,,,,,,,,,1,1,,
Marvel Comics,Thor (Vol. 1) (1966 - 1996),1,Thor #502,Thor,502,7/10/1996,8,8,,1,0,0,1,1,,Print,,,,,,,,,,,,,1,1,,
Marvel Comics,Uncanny X-Men (Vol. 1) (1980 - 2011),1,Uncanny X-Men #142,Uncanny X-Men,142,11/18/1980,4,4,,1,0,0,1,1,,Print,,,,,,,,,,,,,1,1,,
Marvel Comics,Uncanny X-Men (Vol. 1) (1980 - 2011),1,Uncanny X-Men #143,Uncanny X-Men,143,12/16/1980,4,4,,1,0,0,1,1,,Print,,,,,,,,,,,,,1,1,,
Marvel Comics,Uncanny X-Men (Vol. 1) (1980 - 2011),1,Uncanny X-Men Annual #5,Uncanny X-Men Annual,5,7/28/1981,8,8,,1,0,0,1,1,,Print,,,,,,,,,,,,,1,1,,
Marvel Comics,Uncanny X-Men (Vol. 1) (1980 - 2011),1,Uncanny X-Men #160,Uncanny X-Men,160,5/11/1982,4,4,,1,0,0,1,1,,Print,,,,,,,,,,,,,1,1,,
Marvel Comics,Uncanny X-Men (Vol. 1) (1980 - 2011),1,Uncanny X-Men Annual #6,Uncanny X-Men Annual,6,7/27/1982,8,8,,1,0,0,1,2,,Print,,,,,,,,,,,,,1,2,,
Marvel Comics,Uncanny X-Men (Vol. 1) (1980 - 2011),1,Uncanny X-Men #163,Uncanny X-Men,163,8/10/1982,4,4,,1,0,0,1,1,,Print,,,,,,,,,,,,,1,1,,
Marvel Comics,Uncanny X-Men (Vol. 1) (1980 - 2011),1,Uncanny X-Men #171,Uncanny X-Men,171,4/5/1983,4,4,,1,0,0,1,1,,Print,,,,,,,,,,,,,1,1,,
Marvel Comics,Uncanny X-Men (Vol. 1) (1980 - 2011),1,Uncanny X-Men Annual #7,Uncanny X-Men Annual,7,9/27/1983,8,8,,1,0,0,1,1,,Print,,,,,,,,,,,,,1,1,,
Marvel Comics,Uncanny X-Men (Vol. 1) (1980 - 2011),1,Uncanny X-Men #185,Uncanny X-Men,185,6/5/1984,4,4,,1,0,0,1,1,,Print,,,,,,,,,,,,,1,1,,
Marvel Comics,Uncanny X-Men (Vol. 1) (1980 - 2011),1,Uncanny X-Men #186,Uncanny X-Men,186,7/10/1984,4,4,,1,0,0,1,1,,Print,,,,,,,,,,,,,1,1,,
Marvel Comics,Uncanny X-Men (Vol. 1) (1980 - 2011),1,Uncanny X-Men #187,Uncanny X-Men,187,8/7/1984,4,4,,1,0,0,1,1,,Print,,,,,,,,,,,,,1,1,,
Marvel Comics,Uncanny X-Men (Vol. 1) (1980 - 2011),1,Uncanny X-Men #189,Uncanny X-Men,189,10/9/1984,4,4,,1,0,0,1,1,,Print,,,,,,,,,,,,,1,1,,
Marvel Comics,Uncanny X-Men (Vol. 1) (1980 - 2011),1,Uncanny X-Men Annual #8,Uncanny X-Men Annual,8,9/18/1984,8,8,,1,0,0,1,2,,Print,,,,,,,,,,,,,1,2,,
Marvel Comics,Uncanny X-Men (Vol. 1) (1980 - 2011),1,Uncanny X-Men #190,Uncanny X-Men,190,11/6/1984,4,4,,1,0,0,1,1,,Print,,,,,,,,,,,,,1,1,,
Marvel Comics,Uncanny X-Men (Vol. 1) (1980 - 2011),1,Uncanny X-Men #192,Uncanny X-Men,192,1/8/1985,4,4,,1,0,0,1,1,,Print,,,,,,,,,,,,,1,1,,
Marvel Comics,Uncanny X-Men (Vol. 1) (1980 - 2011),1,Uncanny X-Men #193,Uncanny X-Men,193,2/5/1985,4,4,,1,0,0,1,1,,Print,,,,,,,,,,,,,1,1,,
Marvel Comics,Uncanny X-Men (Vol. 1) (1980 - 2011),1,Uncanny X-Men #194,Uncanny X-Men,194,3/12/1985,4,4,,1,0,0,1,1,,Print,,,,,,,,,,,,,1,1,,
Marvel Comics,Uncanny X-Men (Vol. 1) (1980 - 2011),1,Uncanny X-Men #196,Uncanny X-Men,196,5/7/1985,14,14,Secret Wars II,1,0,0,1,1,,Print,,,,,,,,,,,,,1,1,,
Marvel Comics,Uncanny X-Men (Vol. 1) (1980 - 2011),1,Uncanny X-Men #199,Uncanny X-Men,199,8/6/1985,4,4,,1,0,0,1,1,,Print,,,,,,,,,,,,,1,1,,
Marvel Comics,Uncanny X-Men (Vol. 1) (1980 - 2011),1,Uncanny X-Men #200,Uncanny X-Men,200,9/10/1985,4,4,,1,0,0,1,1,,Print,,,,,,,,,,,,,1,1,,
Marvel Comics,Uncanny X-Men (Vol. 1) (1980 - 2011),1,Uncanny X-Men Annual #9,Uncanny X-Men Annual,9,10/1/1985,8,8,,1,0,0,1,1,,Print,,,,,,,,,,,,,1,1,,
Marvel Comics,Uncanny X-Men (Vol. 1) (1980 - 2011),1,Uncanny X-Men #201,Uncanny X-Men,201,10/8/1985,4,4,,1,0,0,1,1,,Print,,,,,,,,,,,,,1,1,,
Marvel Comics,Uncanny X-Men (Vol. 1) (1980 - 2011),1,Uncanny X-Men #202,Uncanny X-Men,202,11/5/1985,14,14,Secret Wars II,1,0,0,1,1,,Print,,,,,,,,,,,,,1,1,,
Marvel Comics,Uncanny X-Men (Vol. 1) (1980 - 2011),1,Uncanny X-Men #203,Uncanny X-Men,203,12/10/1985,14,14,Secret Wars II,1,0,0,1,1,,Print,,,,,,,,,,,,,1,1,,
Marvel Comics,Uncanny X-Men (Vol. 1) (1980 - 2011),1,Uncanny X-Men #204,Uncanny X-Men,204,1/7/1986,4,4,,1,0,0,1,1,,Print,,,,,,,,,,,,,1,1,,
Marvel Comics,Uncanny X-Men (Vol. 1) (1980 - 2011),1,Uncanny X-Men #205,Uncanny X-Men,205,2/11/1986,4,4,,1,0,0,1,1,,Print,,,,,,,,,,,,,1,1,,
Marvel Comics,Uncanny X-Men (Vol. 1) (1980 - 2011),1,Uncanny X-Men #206,Uncanny X-Men,206,3/11/1986,4,4,,1,0,0,1,1,,Print,,,,,,,,,,,,,1,1,,
Marvel Comics,Uncanny X-Men (Vol. 1) (1980 - 2011),1,Uncanny X-Men #207,Uncanny X-Men,207,4/8/1986,4,4,,1,0,0,1,2,,Print,,,,,,,,,JR Jr,,,,1,2,,
Marvel Comics,Uncanny X-Men (Vol. 1) (1980 - 2011),1,Uncanny X-Men #208,Uncanny X-Men,208,5/6/1986,4,4,,1,0,0,1,1,,Print,,,,,,,,,,,,,1,1,,
Marvel Comics,Uncanny X-Men (Vol. 1) (1980 - 2011),1,Uncanny X-Men #209,Uncanny X-Men,209,6/10/1986,4,4,,1,0,0,1,1,,Print,,,,,,,,,,,,,1,1,,
Marvel Comics,Uncanny X-Men (Vol. 1) (1980 - 2011),1,Uncanny X-Men #210,Uncanny X-Men,210,7/8/1986,10,10,Mutant Massacre,1,0,0,1,1,,Print,,,,,,,,,,,,,1,1,,
Marvel Comics,Uncanny X-Men (Vol. 1) (1980 - 2011),1,Uncanny X-Men #211,Uncanny X-Men,211,8/5/1986,10,10,Mutant Massacre,1,0,0,1,3,,Print,,,,,,,,,,,,,1,3,,
Marvel Comics,Uncanny X-Men (Vol. 1) (1980 - 2011),1,Uncanny X-Men #212,Uncanny X-Men,212,9/9/1986,10,10,Mutant Massacre,1,0,0,1,2,,Print,,,,,,,,,,,,,1,2,,
Marvel Comics,Uncanny X-Men (Vol. 1) (1980 - 2011),1,Uncanny X-Men Annual #10,Uncanny X-Men Annual,10,11/23/1986,,8,,0,1,0,0,0,,Print,,,,,,,,,,,,,1,0,,
Marvel Comics,Uncanny X-Men (Vol. 1) (1980 - 2011),1,Uncanny X-Men #213,Uncanny X-Men,213,10/7/1986,10,10,Mutant Massacre,1,0,0,1,1,,Print,,,,,,,,,,,,,1,1,,
Marvel Comics,Uncanny X-Men (Vol. 1) (1980 - 2011),1,Uncanny X-Men #214,Uncanny X-Men,214,11/11/1986,4,4,,1,0,0,1,1,,Print,,,,,,,,,,,,,1,1,,
Marvel Comics,Uncanny X-Men (Vol. 1) (1980 - 2011),1,Uncanny X-Men #215,Uncanny X-Men,215,12/9/1986,4,4,,1,0,0,1,1,,Print,,,,,,,,,,,,,1,1,,
Marvel Comics,Uncanny X-Men (Vol. 1) (1980 - 2011),1,Uncanny X-Men #216,Uncanny X-Men,216,1/6/1987,4,4,,1,0,0,1,1,,Print,,,,,,,,,,,,,1,1,,
Marvel Comics,Uncanny X-Men (Vol. 1) (1980 - 2011),1,Uncanny X-Men #217,Uncanny X-Men,217,2/10/1987,4,4,,1,0,0,1,1,,Print,,,,,,,,,,,,,1,1,,
Marvel Comics,Uncanny X-Men (Vol. 1) (1980 - 2011),1,Uncanny X-Men #218,Uncanny X-Men,218,3/10/1987,4,4,,1,0,0,1,1,,Print,,,,,,,,,,,,,1,1,,
Marvel Comics,Uncanny X-Men (Vol. 1) (1980 - 2011),1,Uncanny X-Men #219,Uncanny X-Men,219,4/10/1987,4,4,,1,0,0,1,1,,Print,,,,,,,,,,,,,1,1,,
Marvel Comics,Uncanny X-Men (Vol. 1) (1980 - 2011),1,Uncanny X-Men #220,Uncanny X-Men,220,5/12/1987,4,4,,1,0,0,1,1,,Print,,,,,,,,,,,,,1,1,,
Marvel Comics,Uncanny X-Men (Vol. 1) (1980 - 2011),1,Uncanny X-Men #221,Uncanny X-Men,221,6/9/1987,4,4,,1,0,0,1,1,,Print,,,,,,,,,,,,,1,1,,
Marvel Comics,Uncanny X-Men (Vol. 1) (1980 - 2011),1,Uncanny X-Men #222,Uncanny X-Men,222,7/7/1987,4,4,,1,0,0,1,1,,Print,,,,,,,,,,,,,1,1,,
Marvel Comics,Uncanny X-Men (Vol. 1) (1980 - 2011),1,Uncanny X-Men Annual #11,Uncanny X-Men Annual,11,7/28/1987,8,8,,1,0,0,1,2,,Print,,,,,,,,,,,,,1,2,,
Marvel Comics,Uncanny X-Men (Vol. 1) (1980 - 2011),1,Uncanny X-Men #223,Uncanny X-Men,223,8/11/1987,4,4,,1,0,0,1,1,,Print,,,,,,,,,,,,,1,1,,
Marvel Comics,Uncanny X-Men (Vol. 1) (1980 - 2011),1,Uncanny X-Men #224,Uncanny X-Men,224,9/8/1987,4,4,,1,0,0,1,1,,Print,,,,,,,,,,,,,1,1,,
Marvel Comics,Uncanny X-Men (Vol. 1) (1980 - 2011),1,Uncanny X-Men #225,Uncanny X-Men,225,9/15/1987,10,10,Fall of the Mutants,1,0,0,1,1,,Print,,,,,,,,,,,,,1,1,,
Marvel Comics,Uncanny X-Men (Vol. 1) (1980 - 2011),1,Uncanny X-Men #226,Uncanny X-Men,226,10/20/1987,10,10,Fall of the Mutants,1,0,0,1,1,,Print,,,,,,,,,,,,,1,1,,
Marvel Comics,Uncanny X-Men (Vol. 1) (1980 - 2011),1,Uncanny X-Men #227,Uncanny X-Men,227,11/20/1987,10,10,Fall of the Mutants,1,0,0,1,1,,Print,,,,,,,,,,,,,1,1,,
Marvel Comics,Uncanny X-Men (Vol. 1) (1980 - 2011),1,Uncanny X-Men #228,Uncanny X-Men,228,12/15/1987,4,4,,1,0,0,1,1,,Print,,,,,,,,,,,,,1,1,,
Marvel Comics,Uncanny X-Men (Vol. 1) (1980 - 2011),1,Uncanny X-Men #229,Uncanny X-Men,229,1/19/1988,4,4,,1,0,0,1,1,,Print,,,,,,,,,,,,,1,1,,
Marvel Comics,Uncanny X-Men (Vol. 1) (1980 - 2011),1,Uncanny X-Men #230,Uncanny X-Men,230,2/16/1988,4,4,,1,0,0,1,2,,Print,,,,,,,,,,,,,1,2,,
Marvel Comics,Uncanny X-Men (Vol. 1) (1980 - 2011),1,Uncanny X-Men #231,Uncanny X-Men,231,3/15/1988,4,4,,1,0,0,1,1,,Print,,,,,,,,,,,,,1,1,,
Marvel Comics,Uncanny X-Men (Vol. 1) (1980 - 2011),1,Uncanny X-Men #232,Uncanny X-Men,232,4/19/1988,4,4,,1,0,0,1,1,,Print,,,,,,,,,,,,,1,1,,
Marvel Comics,Uncanny X-Men (Vol. 1) (1980 - 2011),1,Uncanny X-Men #233,Uncanny X-Men,233,5/3/1988,4,4,,1,0,0,1,1,,Print,,,,,,,,,,,,,1,1,,
Marvel Comics,Uncanny X-Men (Vol. 1) (1980 - 2011),1,Uncanny X-Men #234,Uncanny X-Men,234,5/17/1988,4,4,,1,0,0,1,1,,Print,,,,,,,,,,,,,1,1,,
Marvel Comics,Uncanny X-Men (Vol. 1) (1980 - 2011),1,Uncanny X-Men #235,Uncanny X-Men,235,6/7/1988,4,4,,1,0,0,1,1,,Print,,,,,,,,,,,,,1,1,,
Marvel Comics,Uncanny X-Men (Vol. 1) (1980 - 2011),1,Uncanny X-Men #236,Uncanny X-Men,236,6/21/1988,4,4,,1,0,0,1,1,,Print,,,,,,,,,,,,,1,1,,
Marvel Comics,Uncanny X-Men (Vol. 1) (1980 - 2011),1,Uncanny X-Men #237,Uncanny X-Men,237,7/5/1988,4,4,,1,0,0,1,1,,Print,,,,,,,,,,,,,1,1,,
Marvel Comics,Uncanny X-Men (Vol. 1) (1980 - 2011),1,Uncanny X-Men #238,Uncanny X-Men,238,7/19/1988,4,4,,1,0,0,1,1,,Print,,,,,,,,,,,,,1,1,,
Marvel Comics,Uncanny X-Men (Vol. 1) (1980 - 2011),1,Uncanny X-Men Annual #12,Uncanny X-Men Annual,12,6/14/1988,,17,Evolutionary War,1,0,0,1,2,,Print,,,,,,,,,,,,,2,4,,
Marvel Comics,Uncanny X-Men (Vol. 1) (1980 - 2011),1,Uncanny X-Men #239,Uncanny X-Men,239,8/16/1988,10,10,Inferno,1,0,0,1,1,,Print,,,,,,,,,,,,,1,1,,
Marvel Comics,Uncanny X-Men (Vol. 1) (1980 - 2011),1,Uncanny X-Men #240,Uncanny X-Men,240,9/20/1988,10,10,Inferno,1,0,0,1,1,,Print,,,,,,,,,,,,,1,1,,
Marvel Comics,Uncanny X-Men (Vol. 1) (1980 - 2011),1,Uncanny X-Men #241,Uncanny X-Men,241,10/18/1988,10,10,Inferno,1,0,0,1,1,,Print,,,,,,,,,,,,,1,1,,
Marvel Comics,Uncanny X-Men (Vol. 1) (1980 - 2011),1,Uncanny X-Men #242,Uncanny X-Men,242,11/15/1988,10,10,Inferno,1,0,0,1,1,,Print,,,,,,,,,,,,,1,1,,
Marvel Comics,Uncanny X-Men (Vol. 1) (1980 - 2011),1,Uncanny X-Men #243,Uncanny X-Men,243,12/20/1988,10,10,Inferno,1,0,0,1,1,,Print,,,,,,,,,,,,,1,1,,
Marvel Comics,Uncanny X-Men (Vol. 1) (1980 - 2011),1,Uncanny X-Men #244,Uncanny X-Men,244,1/17/1989,4,4,,1,0,0,1,1,,Print,,,,,,,,,,,,,1,1,,
Marvel Comics,Uncanny X-Men (Vol. 1) (1980 - 2011),1,Uncanny X-Men #245,Uncanny X-Men,245,2/21/1989,4,4,,1,0,0,1,1,,Print,,,,,,,,,,,,,1,1,,
Marvel Comics,Uncanny X-Men (Vol. 1) (1980 - 2011),1,Uncanny X-Men #246,Uncanny X-Men,246,3/21/1989,4,4,,1,0,0,1,1,,Print,,,,,,,,,,,,,1,1,,
Marvel Comics,Uncanny X-Men (Vol. 1) (1980 - 2011),1,Uncanny X-Men #247,Uncanny X-Men,247,4/18/1989,4,4,,1,0,0,1,1,,Print,,,,,,,,,,,,,1,1,,
Marvel Comics,Uncanny X-Men (Vol. 1) (1980 - 2011),1,Uncanny X-Men Annual #13,Uncanny X-Men Annual,13,4/25/1989,10,10,Atlantis Attacks,1,0,0,1,2,,Print,,,,,,,,,,,,,2,4,,
Marvel Comics,Uncanny X-Men (Vol. 1) (1980 - 2011),1,Uncanny X-Men #248,Uncanny X-Men,248,5/16/1989,4,4,,1,0,0,1,1,,Print,,,,,,,,,,,,,1,1,,
Marvel Comics,Uncanny X-Men (Vol. 1) (1980 - 2011),1,Uncanny X-Men #249,Uncanny X-Men,249,6/6/1989,4,4,,1,0,0,1,1,,Print,,,,,,,,,,,,,1,1,,
Marvel Comics,Uncanny X-Men (Vol. 1) (1980 - 2011),1,Uncanny X-Men #250,Uncanny X-Men,250,6/20/1989,4,4,,1,0,0,1,1,,Print,,,,,,,,,,,,,1,1,,
Marvel Comics,Uncanny X-Men (Vol. 1) (1980 - 2011),1,Uncanny X-Men #251,Uncanny X-Men,251,7/4/1989,4,4,,1,0,0,1,1,,Print,,,,,,,,,,,,,1,1,,
Marvel Comics,Uncanny X-Men (Vol. 1) (1980 - 2011),1,Uncanny X-Men #252,Uncanny X-Men,252,7/18/1989,4,4,,1,0,0,1,1,,Print,,,,,,,,,,,,,1,1,,
Marvel Comics,Uncanny X-Men (Vol. 1) (1980 - 2011),1,Uncanny X-Men #253,Uncanny X-Men,253,8/1/1989,4,4,,1,0,0,1,1,,Print,,,,,,,,,,,,,1,1,,
Marvel Comics,Uncanny X-Men (Vol. 1) (1980 - 2011),1,Uncanny X-Men #254,Uncanny X-Men,254,8/15/1989,4,4,,1,0,0,1,1,,Print,,,,,,,,,,,,,1,1,,
Marvel Comics,Uncanny X-Men (Vol. 1) (1980 - 2011),1,Uncanny X-Men #255,Uncanny X-Men,255,9/5/1989,4,4,,1,0,0,1,1,,Print,,,,,,,,,,,,,1,1,,
Marvel Comics,Uncanny X-Men (Vol. 1) (1980 - 2011),1,Uncanny X-Men #256,Uncanny X-Men,256,10/3/1989,14,14,Acts of Vengeance,1,0,0,1,1,,Print,,,,,,,,,,,,,1,1,,
Marvel Comics,Uncanny X-Men (Vol. 1) (1980 - 2011),1,Uncanny X-Men #257,Uncanny X-Men,257,11/7/1989,14,14,Acts of Vengeance,1,0,0,1,1,,Print,,,,,,,,,,,,,1,1,,
Marvel Comics,Uncanny X-Men (Vol. 1) (1980 - 2011),1,Uncanny X-Men #258,Uncanny X-Men,258,12/5/1989,14,14,Acts of Vengeance,1,0,0,1,1,,Print,,,,,,,,,,,,,1,1,,
Marvel Comics,Uncanny X-Men (Vol. 1) (1980 - 2011),1,Uncanny X-Men #259,Uncanny X-Men,259,1/2/1990,4,4,,1,0,0,1,1,,Print,,,,,,,,,,,,,1,1,,
Marvel Comics,Uncanny X-Men (Vol. 1) (1980 - 2011),1,Uncanny X-Men #260,Uncanny X-Men,260,2/6/1990,4,4,,1,0,0,1,1,,Print,,,,,,,,,,,,,1,1,,
Marvel Comics,Uncanny X-Men (Vol. 1) (1980 - 2011),1,Uncanny X-Men #261,Uncanny X-Men,261,3/6/1990,4,4,,1,0,0,1,1,,Print,,,,,,,,,,,,,1,1,,
Marvel Comics,Uncanny X-Men (Vol. 1) (1980 - 2011),1,Uncanny X-Men #262,Uncanny X-Men,262,4/3/1990,4,4,,1,0,0,1,1,,Print,,,,,,,,,,,,,1,1,,
Marvel Comics,Uncanny X-Men (Vol. 1) (1980 - 2011),1,Uncanny X-Men #263,Uncanny X-Men,263,5/1/1990,4,4,,1,0,0,1,1,,Print,,,,,,,,,,,,,1,1,,
Marvel Comics,Uncanny X-Men (Vol. 1) (1980 - 2011),1,Uncanny X-Men #264,Uncanny X-Men,264,5/15/1990,4,4,,1,0,0,1,1,,Print,,,,,,,,,,,,,1,1,,
Marvel Comics,Uncanny X-Men (Vol. 1) (1980 - 2011),1,Uncanny X-Men Annual #14,Uncanny X-Men Annual,14,5/29/1990,14,14,Days of Future Present,1,0,0,1,1,,Print,,,,,,,,,,,,,2,2,,
Marvel Comics,Uncanny X-Men (Vol. 1) (1980 - 2011),1,Uncanny X-Men #265,Uncanny X-Men,265,6/5/1990,4,4,,1,0,0,1,1,,Print,,,,,,,,,,,,,1,1,,
Marvel Comics,Uncanny X-Men (Vol. 1) (1980 - 2011),1,Uncanny X-Men #266,Uncanny X-Men,266,6/19/1990,4,4,,1,0,0,1,1,,Print,,,,,,,,,,,,,1,1,,
Marvel Comics,Uncanny X-Men (Vol. 1) (1980 - 2011),1,Uncanny X-Men #267,Uncanny X-Men,267,7/3/1990,4,4,,1,0,0,1,1,,Print,,,,,,,,,,,,,1,1,,
Marvel Comics,Uncanny X-Men (Vol. 1) (1980 - 2011),1,Uncanny X-Men #268,Uncanny X-Men,268,7/17/1990,4,4,,1,0,0,1,1,,Print,,,,,,,,,,,,,1,1,,
Marvel Comics,Uncanny X-Men (Vol. 1) (1980 - 2011),1,Uncanny X-Men #269,Uncanny X-Men,269,8/7/1990,4,4,,1,0,0,1,1,,Print,,,,,,,,,,,,,1,1,,
Marvel Comics,Uncanny X-Men (Vol. 1) (1980 - 2011),1,Uncanny X-Men #270,Uncanny X-Men,270,9/7/1990,14,14,X-Tinction Agenda,1,0,0,1,1,,Print,,,,,,,,,,,,,1,1,,
Marvel Comics,Uncanny X-Men (Vol. 1) (1980 - 2011),1,Uncanny X-Men #271,Uncanny X-Men,271,10/7/1990,14,14,X-Tinction Agenda,1,0,0,1,1,,Print,,,,,,,,,,,,,1,1,,
Marvel Comics,Uncanny X-Men (Vol. 1) (1980 - 2011),1,Uncanny X-Men #272,Uncanny X-Men,272,11/7/1990,14,14,X-Tinction Agenda,1,0,0,1,1,,Print,,,,,,,,,,,,,1,1,,
Marvel Comics,Uncanny X-Men (Vol. 1) (1980 - 2011),1,Uncanny X-Men #273,Uncanny X-Men,273,12/4/1990,4,4,,1,0,0,1,1,,Print,,,,,,,,,,,,,1,1,,
Marvel Comics,Uncanny X-Men (Vol. 1) (1980 - 2011),1,Uncanny X-Men #274,Uncanny X-Men,274,1/1/1991,4,4,,1,0,0,1,1,,Print,,,,,,,,,,,,,1,1,,
Marvel Comics,Uncanny X-Men (Vol. 1) (1980 - 2011),1,Uncanny X-Men #275,Uncanny X-Men,275,2/5/1991,4,4,,1,0,0,1,1,,Print,,,,,,,,,,,,,1,1,,
Marvel Comics,Uncanny X-Men (Vol. 1) (1980 - 2011),1,Uncanny X-Men #276,Uncanny X-Men,276,3/5/1991,4,4,,1,0,0,1,1,,Print,,,,,,,,,,,,,1,1,,
Marvel Comics,Uncanny X-Men (Vol. 1) (1980 - 2011),1,Uncanny X-Men #277,Uncanny X-Men,277,4/2/1991,8,8,,1,0,0,1,1,,Print,,,,,,,,,,,,,1,1,,
Marvel Comics,Uncanny X-Men (Vol. 1) (1980 - 2011),1,Uncanny X-Men #278,Uncanny X-Men,278,5/7/1991,8,8,The Muir Island Saga,1,0,0,1,1,,Print,,,,,,,,,,,,,1,1,,
Marvel Comics,Uncanny X-Men (Vol. 1) (1980 - 2011),1,Uncanny X-Men Annual #15,Uncanny X-Men Annual,15,6/4/1991,7,7,Kings of Pain,1,0,0,1,1,,Print,,,,,,,,,,,,,2,2,,
Marvel Comics,Uncanny X-Men (Vol. 1) (1980 - 2011),1,Uncanny X-Men #279,Uncanny X-Men,279,6/4/1991,8,8,The Muir Island Saga,1,0,0,1,1,,Print,,,,,,,,,,,,,1,1,,
Marvel Comics,Uncanny X-Men (Vol. 1) (1980 - 2011),1,Uncanny X-Men #280,Uncanny X-Men,280,7/2/1991,8,8,The Muir Island Saga,1,0,0,1,1,,Print,,,,,,,,,,,,,1,1,,
Marvel Comics,Uncanny X-Men (Vol. 1) (1980 - 2011),1,Uncanny X-Men #281,Uncanny X-Men,281,8/13/1991,8,8,,1,0,0,1,1,,Print,,,,,,,,,,,,,1,1,,
Marvel Comics,Uncanny X-Men (Vol. 1) (1980 - 2011),1,Uncanny X-Men #282,Uncanny X-Men,282,9/3/1991,8,8,,1,0,0,1,1,,Print,,,,,,,,,,,,,1,1,,
Marvel Comics,Uncanny X-Men (Vol. 1) (1980 - 2011),1,Uncanny X-Men #283,Uncanny X-Men,283,10/1/1991,8,8,,1,0,0,1,1,,Print,,,,,,,,,,,,,1,1,,
Marvel Comics,Uncanny X-Men (Vol. 1) (1980 - 2011),1,Uncanny X-Men #284,Uncanny X-Men,284,11/5/1991,8,8,,1,0,0,1,1,,Print,,,,,,,,,,,,,1,1,,
Marvel Comics,Uncanny X-Men (Vol. 1) (1980 - 2011),1,Uncanny X-Men #285,Uncanny X-Men,285,12/3/1991,8,8,,1,0,0,1,1,,Print,,,,,,,,,,,,,1,1,,
Marvel Comics,Uncanny X-Men (Vol. 1) (1980 - 2011),1,Uncanny X-Men #286,Uncanny X-Men,286,1/7/1992,8,8,,1,0,0,1,1,,Print,,,,,,,,,,,,,1,1,,
Marvel Comics,Uncanny X-Men (Vol. 1) (1980 - 2011),1,Uncanny X-Men #287,Uncanny X-Men,287,2/4/1992,8,8,,1,0,0,1,1,,Print,,,,,,,,,,,,,1,1,,
Marvel Comics,Uncanny X-Men (Vol. 1) (1980 - 2011),1,Uncanny X-Men #288,Uncanny X-Men,288,3/3/1992,8,8,,1,0,0,1,1,,Print,,,,,,,,,,,,,1,1,,
Marvel Comics,Uncanny X-Men (Vol. 1) (1980 - 2011),1,Uncanny X-Men Annual #16,Uncanny X-Men Annual,16,3/10/1992,4,4,Shattershot,1,0,0,1,1,,Print,,,,,,,,,,,,,2,2,,
Marvel Comics,Uncanny X-Men (Vol. 1) (1980 - 2011),1,Uncanny X-Men #289,Uncanny X-Men,289,4/7/1992,8,8,,1,0,0,1,1,,Print,,,,,,,,,,,,,1,1,,
Marvel Comics,Uncanny X-Men (Vol. 1) (1980 - 2011),1,Uncanny X-Men #290,Uncanny X-Men,290,5/5/1992,8,8,,1,0,0,1,1,,Print,,,,,,,,,,,,,1,1,,
Marvel Comics,Uncanny X-Men (Vol. 1) (1980 - 2011),1,Uncanny X-Men #291,Uncanny X-Men,291,6/2/1992,8,8,,1,0,0,1,2,,Print,,,,,,,,,,,,,1,2,,
Marvel Comics,Uncanny X-Men (Vol. 1) (1980 - 2011),1,Uncanny X-Men #292,Uncanny X-Men,292,7/7/1992,8,8,,1,0,0,1,2,,Print,,,,,,,,,,,,,1,2,,
Marvel Comics,Uncanny X-Men (Vol. 1) (1980 - 2011),1,Uncanny X-Men #293,Uncanny X-Men,293,8/4/1992,8,8,,1,0,0,1,1,,Print,,,,,,,,,,,,,1,1,,
Marvel Comics,Uncanny X-Men (Vol. 1) (1980 - 2011),1,Uncanny X-Men #294,Uncanny X-Men,294,9/1/1992,14,14,X-Cutioner's Song,1,0,0,1,1,,Print,,,,,,,,,,,,,1,1,,
Marvel Comics,Uncanny X-Men (Vol. 1) (1980 - 2011),1,Uncanny X-Men #295,Uncanny X-Men,295,10/6/1992,14,14,X-Cutioner's Song,1,0,0,1,1,,Print,,,,,,,,,,,,,1,1,,
Marvel Comics,Uncanny X-Men (Vol. 1) (1980 - 2011),1,Uncanny X-Men #296,Uncanny X-Men,296,11/3/1992,14,14,X-Cutioner's Song,1,0,0,1,1,,Print,,,,,,,,,,,,,1,1,,
Marvel Comics,Uncanny X-Men (Vol. 1) (1980 - 2011),1,Uncanny X-Men #297,Uncanny X-Men,297,12/1/1992,14,14,X-Cutioner's Song,1,0,0,1,1,,Print,,,,,,,,,,,,,1,1,,
Marvel Comics,Uncanny X-Men (Vol. 1) (1980 - 2011),1,Uncanny X-Men #298,Uncanny X-Men,298,1/5/1993,8,8,,1,0,0,1,1,,Print,,,,,,,,,,,,,1,1,,
Marvel Comics,Uncanny X-Men (Vol. 1) (1980 - 2011),1,Uncanny X-Men #299,Uncanny X-Men,299,2/2/1993,8,8,,1,0,0,1,1,,Print,,,,,,,,,,,,,1,1,,
Marvel Comics,Uncanny X-Men (Vol. 1) (1980 - 2011),1,Uncanny X-Men #300,Uncanny X-Men,300,3/2/1993,8,8,,1,0,0,1,1,,Print,,,,,,,,,,,,,1,1,,
Marvel Comics,Uncanny X-Men (Vol. 1) (1980 - 2011),1,Uncanny X-Men #301,Uncanny X-Men,301,4/6/1993,8,8,,1,0,0,1,1,,Print,,,,,,,,,,,,,1,1,,
Marvel Comics,Uncanny X-Men (Vol. 1) (1980 - 2011),1,Uncanny X-Men Annual #17,Uncanny X-Men Annual,17,4/20/1993,8,8,,1,0,0,0,1,,Print,,,,,,,,,,,,,1,1,,
Marvel Comics,Uncanny X-Men (Vol. 1) (1980 - 2011),1,Uncanny X-Men #302,Uncanny X-Men,302,5/4/1993,8,8,,1,0,0,1,1,,Print,,,,,,,,,,,,,1,1,,
Marvel Comics,Uncanny X-Men (Vol. 1) (1980 - 2011),1,Uncanny X-Men #303,Uncanny X-Men,303,6/1/1993,8,8,,1,0,0,0,1,,Print,,,,,,,,,,,,,1,1,,
Marvel Comics,Uncanny X-Men (Vol. 1) (1980 - 2011),1,Uncanny X-Men #304,Uncanny X-Men,304,7/6/1993,1,1,Fatal Attractions,1,0,0,1,1,,Print,,,,,,,,,,,,,1,1,,
Marvel Comics,Uncanny X-Men (Vol. 1) (1980 - 2011),1,Uncanny X-Men #305,Uncanny X-Men,305,8/3/1993,8,8,,1,0,0,1,1,,Print,,,,,,,,,,,,,1,1,,
Marvel Comics,Uncanny X-Men (Vol. 1) (1980 - 2011),1,Uncanny X-Men #306,Uncanny X-Men,306,9/7/1993,8,8,,1,0,0,1,1,,Print,,,,,,,,,,,,,1,1,,
Marvel Comics,Uncanny X-Men (Vol. 1) (1980 - 2011),1,Uncanny X-Men #307,Uncanny X-Men,307,10/5/1993,1,1,Bloodties,1,0,0,1,1,,Print,,,,,,,,,,,,,1,1,,
Marvel Comics,Uncanny X-Men (Vol. 1) (1980 - 2011),1,Uncanny X-Men #308,Uncanny X-Men,308,11/2/1993,8,8,,1,0,0,1,1,,Print,,,,,,,,,,,,,1,1,,
Marvel Comics,Uncanny X-Men (Vol. 1) (1980 - 2011),1,Uncanny X-Men #309,Uncanny X-Men,309,12/7/1993,8,8,,1,0,0,1,1,,Print,,,,,,,,,,,,,1,1,,
Marvel Comics,Uncanny X-Men (Vol. 1) (1980 - 2011),1,Uncanny X-Men #310,Uncanny X-Men,310,1/4/1994,8,8,,1,0,0,1,1,,Print,,,,,,,,,,,,,1,1,,
Marvel Comics,Uncanny X-Men (Vol. 1) (1980 - 2011),1,Uncanny X-Men #311,Uncanny X-Men,311,2/1/1994,8,8,,1,0,0,1,1,,Print,,,,,,,,,,,,,1,1,,
Marvel Comics,Uncanny X-Men (Vol. 1) (1980 - 2011),1,Uncanny X-Men #312,Uncanny X-Men,312,3/1/1994,8,8,,1,0,0,1,1,,Print,,,,,,,,,,,,,1,1,,
Marvel Comics,Uncanny X-Men (Vol. 1) (1980 - 2011),1,Uncanny X-Men #313,Uncanny X-Men,313,4/5/1994,8,8,,1,0,0,1,1,,Print,,,,,,,,,,,,,1,1,,
Marvel Comics,Uncanny X-Men (Vol. 1) (1980 - 2011),1,Uncanny X-Men #314,Uncanny X-Men,314,5/3/1994,8,8,,1,0,0,1,1,,Print,,,,,,,,,,,,,1,1,,
Marvel Comics,Uncanny X-Men (Vol. 1) (1980 - 2011),1,Uncanny X-Men #315,Uncanny X-Men,315,6/7/1994,8,8,,1,0,0,1,1,,Print,,,,,,,,,,,,,1,1,,
Marvel Comics,Uncanny X-Men (Vol. 1) (1980 - 2011),1,Uncanny X-Men #316,Uncanny X-Men,316,7/5/1994,1,1,Phalanx Covenant,1,0,0,1,1,,Print,,,,,,,,,,,,,1,1,,
Marvel Comics,Uncanny X-Men (Vol. 1) (1980 - 2011),1,Uncanny X-Men #317,Uncanny X-Men,317,8/2/1994,1,1,Phalanx Covenant,1,0,0,1,1,,Print,,,,,,,,,,,,,1,1,,
Marvel Comics,Uncanny X-Men (Vol. 1) (1980 - 2011),1,Uncanny X-Men Annual #18,Uncanny X-Men Annual,18,8/18/1994,8,8,,1,0,0,1,1,,Print,,,,,,,,,,,,,1,1,,
Marvel Comics,Uncanny X-Men (Vol. 1) (1980 - 2011),1,Uncanny X-Men #318,Uncanny X-Men,318,9/6/1994,8,8,,1,0,0,1,1,,Print,,,,,,,,,,,,,1,1,,
Marvel Comics,Uncanny X-Men (Vol. 1) (1980 - 2011),1,Uncanny X-Men #319,Uncanny X-Men,319,10/4/1994,4,4,Legion Quest,1,0,0,1,2,,Print,,,,,,,,,,,,,1,2,,
Marvel Comics,Uncanny X-Men (Vol. 1) (1980 - 2011),1,Uncanny X-Men #320,Uncanny X-Men,320,11/1/1994,4,4,Legion Quest,1,0,0,1,1,,Print,,,,,,,,,,,,,1,1,,
Marvel Comics,Uncanny X-Men (Vol. 1) (1980 - 2011),1,Uncanny X-Men #321,Uncanny X-Men,321,12/6/1994,4,4,Legion Quest,1,0,0,1,1,,Print,,,,,,,,,,,,,1,1,,
Marvel Comics,Uncanny X-Men (Vol. 1) (1980 - 2011),1,Uncanny X-Men #322,Uncanny X-Men,322,5/9/1995,8,8,,1,0,0,1,1,,Print,,,,,,,,,,,,,1,1,,
Marvel Comics,Uncanny X-Men (Vol. 1) (1980 - 2011),1,Uncanny X-Men #323,Uncanny X-Men,323,6/13/1995,8,8,,1,0,0,1,1,,Print,,,,,,,,,,,,,1,1,,
Marvel Comics,Uncanny X-Men (Vol. 1) (1980 - 2011),1,Uncanny X-Men #324,Uncanny X-Men,324,7/13/1995,8,8,,1,0,0,1,1,,Print,,,,,,,,,,,,,1,1,,
Marvel Comics,Uncanny X-Men (Vol. 1) (1980 - 2011),1,Uncanny X-Men #325,Uncanny X-Men,325,8/10/1995,8,8,,1,0,0,1,1,,Print,,,,,,,,,,,,,1,1,,
Marvel Comics,Uncanny X-Men (Vol. 1) (1980 - 2011),1,Uncanny X-Men #326,Uncanny X-Men,326,9/7/1995,8,8,,1,0,0,1,1,,Print,,,,,,,,,,,,,1,1,,
Marvel Comics,Uncanny X-Men (Vol. 1) (1980 - 2011),1,Uncanny X-Men #327,Uncanny X-Men,327,10/5/1995,8,8,,1,0,0,1,1,,Print,,,,,,,,,,,,,1,1,,
Marvel Comics,Uncanny X-Men (Vol. 1) (1980 - 2011),1,Uncanny X-Men Annual '95,Uncanny X-Men Annual '95,1,10/12/1995,8,8,,1,0,0,1,1,,Print,,,,,,,,,,,,,1,1,,
Marvel Comics,Uncanny X-Men (Vol. 1) (1980 - 2011),1,Uncanny X-Men #328,Uncanny X-Men,328,11/9/1995,8,8,,1,0,0,1,1,,Print,,,,,,,,,,,,,1,1,,
Marvel Comics,Uncanny X-Men (Vol. 1) (1980 - 2011),1,Uncanny X-Men #329,Uncanny X-Men,329,12/7/1995,8,8,,1,0,0,1,1,,Print,,,,,,,,,,,,,1,1,,
Marvel Comics,Uncanny X-Men (Vol. 1) (1980 - 2011),1,Uncanny X-Men #330,Uncanny X-Men,330,1/4/1996,8,8,,1,0,0,1,1,,Print,,,,,,,,,,,,,1,1,,
Marvel Comics,Uncanny X-Men (Vol. 1) (1980 - 2011),1,Uncanny X-Men #331,Uncanny X-Men,331,2/8/1996,8,8,,1,0,0,1,1,,Print,,,,,,,,,,,,,1,1,,
Marvel Comics,Uncanny X-Men (Vol. 1) (1980 - 2011),1,Uncanny X-Men #332,Uncanny X-Men,332,3/7/1996,8,8,,1,0,0,1,1,,Print,,,,,,,,,,,,,1,1,,
Marvel Comics,Uncanny X-Men (Vol. 1) (1980 - 2011),1,Uncanny X-Men #333,Uncanny X-Men,333,4/3/1996,8,8,,1,0,0,1,1,,Print,,,,,,,,,,,,,1,1,,
Marvel Comics,Uncanny X-Men (Vol. 1) (1980 - 2011),1,Uncanny X-Men #334,Uncanny X-Men,334,5/8/1996,6,6,Onslaught,1,0,0,1,1,,Print,,,,,,,,,,,,,1,1,,
Marvel Comics,Uncanny X-Men (Vol. 1) (1980 - 2011),1,Uncanny X-Men #335,Uncanny X-Men,335,6/5/1996,6,6,Onslaught,1,0,0,1,1,,Print,,,,,,,,,,,,,1,1,,
Marvel Comics,Uncanny X-Men (Vol. 1) (1980 - 2011),1,Uncanny X-Men #336,Uncanny X-Men,336,7/3/1996,6,6,Onslaught,1,0,0,1,1,,Print,,,,,,,,,,,,,1,1,,
Marvel Comics,Uncanny X-Men (Vol. 1) (1980 - 2011),1,Uncanny X-Men Annual '96,Uncanny X-Men Annual '96,1,7/24/1996,8,8,,1,0,0,1,1,,Print,,,,,,,,,,,,,1,1,,
Marvel Comics,Uncanny X-Men (Vol. 1) (1980 - 2011),1,Uncanny X-Men #337,Uncanny X-Men,337,8/7/1996,8,8,,1,0,0,1,1,,Print,,,,,,,,,,,,,1,1,,
Marvel Comics,Uncanny X-Men (Vol. 1) (1980 - 2011),1,Uncanny X-Men #338,Uncanny X-Men,338,9/4/1996,8,8,,1,0,0,1,1,,Print,,,,,,,,,,,,,1,1,,
Marvel Comics,Uncanny X-Men (Vol. 1) (1980 - 2011),1,Uncanny X-Men #339,Uncanny X-Men,339,10/2/1996,8,8,,1,0,0,1,1,,Print,,,,,,,,,,,,,1,1,,
Marvel Comics,Uncanny X-Men (Vol. 1) (1980 - 2011),1,Uncanny X-Men #340,Uncanny X-Men,340,11/6/1996,8,8,,1,0,0,1,1,,Print,,,,,,,,,,,,,1,1,,
Marvel Comics,Uncanny X-Men (Vol. 1) (1980 - 2011),1,Uncanny X-Men #341,Uncanny X-Men,341,12/4/1996,8,8,,1,0,0,1,1,,Print,,,,,,,,,,,,,1,1,,
Marvel Comics,Uncanny X-Men (Vol. 1) (1980 - 2011),1,Uncanny X-Men #470,Uncanny X-Men,470,3/1/2006,8,8,,1,0,0,1,1,,Print,,,,,,,,,,,,,1,1,,
Marvel Comics,Uncanny X-Men Omnibus (2006 - 2026),1,Uncanny X-Men Omnibus Vol. 5 HC,Uncanny X-Men Omnibus Vol. 5 HC,1,6/13/1996,14,14,,1,0,0,1,1,,Print,,,,,,,,,,,,,14,14,,
Marvel Comics,Visionaries (1987 - 1988),1,Visionaries #1,Visionaries,1,11/5/1987,9,17,,1,0,0,1,1,,Print,,,,,,,,,,,,,1,1,,
Marvel Comics,Visionaries (1987 - 1988),1,Visionaries #2,Visionaries,2,12/1/1987,9,17,,1,0,0,1,1,,Print,,,,,,,,,,,,,1,1,,
Marvel Comics,Visionaries (1987 - 1988),1,Visionaries #3,Visionaries,3,1/1/1988,9,17,,1,0,0,1,1,,Print,,,,,,,,,,,,,1,1,,
Marvel Comics,Visionaries (1987 - 1988),1,Visionaries #4,Visionaries,4,2/1/1988,9,17,,1,0,0,1,1,,Print,,,,,,,,,,,,,1,1,,
Marvel Comics,Visionaries (1987 - 1988),1,Visionaries #5,Visionaries,5,3/1/1988,9,17,,1,0,0,1,1,,Print,,,,,,,,,,,,,1,1,,
Marvel Comics,Visionaries (1987 - 1988),1,Visionaries #6,Visionaries,6,6/1/1988,9,17,,1,0,0,1,1,,Print,,,,,,,,,,,,,1,1,,
Marvel Comics,Warlock and the Infinity Watch (1991 - 1995),1,Warlock and the Infinity Watch #1,Warlock and the Infinity Watch,1,12/17/1991,14,14,The Infinity Gauntlet,1,0,0,0,1,,Print,,,,,,,,,,,,,1,1,,
Marvel Comics,Warlock and the Infinity Watch (1991 - 1995),1,Warlock and the Infinity Watch #2,Warlock and the Infinity Watch,2,1/21/1992,9,9,,1,0,0,1,1,,Print,,,,,,,,,,,,,1,1,,
Marvel Comics,Warlock and the Infinity Watch (1991 - 1995),1,Warlock and the Infinity Watch #3,Warlock and the Infinity Watch,3,2/18/1992,9,9,,1,0,0,1,1,,Print,,,,,,,,,,,,,1,1,,
Marvel Comics,Warlock and the Infinity Watch (1991 - 1995),1,Warlock and the Infinity Watch #4,Warlock and the Infinity Watch,4,3/17/1992,9,9,,1,0,0,1,1,,Print,,,,,,,,,,,,,1,1,,
Marvel Comics,Warlock and the Infinity Watch (1991 - 1995),1,Warlock and the Infinity Watch #5,Warlock and the Infinity Watch,5,4/21/1992,9,9,,1,0,0,1,1,,Print,,,,,,,,,,,,,1,1,,
Marvel Comics,Warlock and the Infinity Watch (1991 - 1995),1,Warlock and the Infinity Watch #6,Warlock and the Infinity Watch,6,5/19/1992,9,9,,1,0,0,1,1,,Print,,,,,,,,,,,,,1,1,,
Marvel Comics,Warlock and the Infinity Watch (1991 - 1995),1,Warlock and the Infinity Watch #7,Warlock and the Infinity Watch,7,6/16/1992,9,9,,1,0,0,1,1,,Print,,,,,,,,,,,,,1,1,,
Marvel Comics,Warlock and the Infinity Watch (1991 - 1995),1,Warlock and the Infinity Watch #8,Warlock and the Infinity Watch,8,7/21/1992,2,2,The Infinity War,1,0,0,0,1,,Print,,,,,,,,,,,,,1,1,,
Marvel Comics,Warlock and the Infinity Watch (1991 - 1995),1,Warlock and the Infinity Watch #9,Warlock and the Infinity Watch,9,8/18/1992,2,2,The Infinity War,1,0,0,0,1,,Print,,,,,,,,,,,,,1,1,,
Marvel Comics,Warlock and the Infinity Watch (1991 - 1995),1,Warlock and the Infinity Watch #10,Warlock and the Infinity Watch,10,9/15/1992,2,2,The Infinity War,1,0,0,0,1,,Print,,,,,,,,,,,,,1,1,,
Marvel Comics,Warlock and the Infinity Watch (1991 - 1995),1,Warlock and the Infinity Watch #11,Warlock and the Infinity Watch,11,10/20/1992,,,,0,1,0,0,0,,Print,,,,,,,,,,,,,1,0,,
Marvel Comics,Warlock and the Infinity Watch (1991 - 1995),1,Warlock and the Infinity Watch #12,Warlock and the Infinity Watch,12,11/17/1992,9,9,,1,0,0,1,1,,Print,,,,,,,,,,,,,1,1,,
Marvel Comics,Warlock and the Infinity Watch (1991 - 1995),1,Warlock and the Infinity Watch #13,Warlock and the Infinity Watch,13,12/15/1992,9,9,,1,0,0,1,1,,Print,,,,,,,,,,,,,1,1,,
Marvel Comics,Warlock and the Infinity Watch (1991 - 1995),1,Warlock and the Infinity Watch #14,Warlock and the Infinity Watch,14,1/19/1993,9,9,,1,0,0,1,1,,Print,,,,,,,,,,,,,1,1,,
Marvel Comics,Warlock and the Infinity Watch (1991 - 1995),1,Warlock and the Infinity Watch #15,Warlock and the Infinity Watch,15,2/16/1993,,,,0,1,0,0,0,,Print,,,,,,,,,,,,,1,0,,
Marvel Comics,Warlock and the Infinity Watch (1991 - 1995),1,Warlock and the Infinity Watch #16,Warlock and the Infinity Watch,16,3/16/1993,,,,0,1,0,0,0,,Print,,,,,,,,,,,,,1,0,,
Marvel Comics,Warlock and the Infinity Watch (1991 - 1995),1,Warlock and the Infinity Watch #17,Warlock and the Infinity Watch,17,4/20/1993,,,,0,1,0,0,0,,Print,,,,,,,,,,,,,1,0,,
Marvel Comics,Warlock and the Infinity Watch (1991 - 1995),1,Warlock and the Infinity Watch #18,Warlock and the Infinity Watch,18,5/18/1993,2,2,The Infinity Crusade,1,0,0,0,1,,Print,,,,,,,,,,,,,1,1,,
Marvel Comics,Warlock and the Infinity Watch (1991 - 1995),1,Warlock and the Infinity Watch #19,Warlock and the Infinity Watch,19,6/15/1993,2,2,The Infinity Crusade,1,0,0,0,1,,Print,,,,,,,,,,,,,1,1,,
Marvel Comics,Warlock and the Infinity Watch (1991 - 1995),1,Warlock and the Infinity Watch #20,Warlock and the Infinity Watch,20,7/20/1993,,2,The Infinity Crusade,0,1,0,0,0,,Print,,,,,,,,,,,,,1,0,,
Marvel Comics,Warlock and the Infinity Watch (1991 - 1995),1,Warlock and the Infinity Watch #21,Warlock and the Infinity Watch,21,8/17/1993,2,2,The Infinity Crusade,1,0,0,0,1,,Print,,,,,,,,,,,,,1,1,,
Marvel Comics,Warlock and the Infinity Watch (1991 - 1995),1,Warlock and the Infinity Watch #22,Warlock and the Infinity Watch,22,9/21/1993,2,2,The Infinity Crusade,1,0,0,0,1,,Print,,,,,,,,,,,,,1,1,,
Marvel Comics,Warlock and the Infinity Watch (1991 - 1995),1,Warlock and the Infinity Watch #23,Warlock and the Infinity Watch,23,10/19/1993,1,1,Blood and Thunder,1,0,0,0,1,,Print,,,,,,,,,,,,,1,1,,
Marvel Comics,Warlock and the Infinity Watch (1991 - 1995),1,Warlock and the Infinity Watch #24,Warlock and the Infinity Watch,24,11/16/1993,,1,Blood and Thunder,0,1,0,0,0,,Print,,,,,,,,,,,,,1,0,,
Marvel Comics,Warlock and the Infinity Watch (1991 - 1995),1,Warlock and the Infinity Watch #25,Warlock and the Infinity Watch,25,12/21/1993,1,1,Blood and Thunder,1,0,0,0,1,,Print,,,,,,,,,,,,,1,1,,
Marvel Comics,Warlock and the Infinity Watch (1991 - 1995),1,Warlock and the Infinity Watch #26,Warlock and the Infinity Watch,26,1/18/1994,9,9,,1,0,0,1,1,,Print,,,,,,,,,,,,,1,1,,
Marvel Comics,Warlock and the Infinity Watch (1991 - 1995),1,Warlock and the Infinity Watch #27,Warlock and the Infinity Watch,27,2/15/1994,9,9,,1,0,0,1,1,,Print,,,,,,,,,,,,,1,1,,
Marvel Comics,Warlock and the Infinity Watch (1991 - 1995),1,Warlock and the Infinity Watch #28,Warlock and the Infinity Watch,28,3/15/1994,9,9,,1,0,0,1,1,,Print,,,,,,,,,,,,,1,1,,
Marvel Comics,Warlock and the Infinity Watch (1991 - 1995),1,Warlock and the Infinity Watch #29,Warlock and the Infinity Watch,29,4/19/1994,9,9,,1,0,0,1,1,,Print,,,,,,,,,,,,,1,1,,
Marvel Comics,Warlock and the Infinity Watch (1991 - 1995),1,Warlock and the Infinity Watch #30,Warlock and the Infinity Watch,30,5/17/1994,9,9,,1,0,0,1,1,,Print,,,,,,,,,,,,,1,1,,
Marvel Comics,Warlock and the Infinity Watch (1991 - 1995),1,Warlock and the Infinity Watch #31,Warlock and the Infinity Watch,31,6/21/1994,9,9,,1,0,0,1,1,,Print,,,,,,,,,,,,,1,1,,
Marvel Comics,Warlock and the Infinity Watch (1991 - 1995),1,Warlock and the Infinity Watch #32,Warlock and the Infinity Watch,32,7/19/1994,9,9,,1,0,0,1,1,,Print,,,,,,,,,,,,,1,1,,
Marvel Comics,Warlock and the Infinity Watch (1991 - 1995),1,Warlock and the Infinity Watch #33,Warlock and the Infinity Watch,33,8/16/1994,9,9,,1,0,0,1,1,,Print,,,,,,,,,,,,,1,1,,
Marvel Comics,Warlock and the Infinity Watch (1991 - 1995),1,Warlock and the Infinity Watch #34,Warlock and the Infinity Watch,34,9/20/1994,,,,0,1,0,0,0,,Print,,,,,,,,,,,,,1,0,,
Marvel Comics,Warlock and the Infinity Watch (1991 - 1995),1,Warlock and the Infinity Watch #35,Warlock and the Infinity Watch,35,10/18/1994,9,9,,1,0,0,1,1,,Print,,,,,,,,,,,,,1,1,,
Marvel Comics,Warlock and the Infinity Watch (1991 - 1995),1,Warlock and the Infinity Watch #36,Warlock and the Infinity Watch,36,11/15/1994,,,,0,1,0,0,0,,Print,,,,,,,,,,,,,1,0,,
Marvel Comics,Warlock and the Infinity Watch (1991 - 1995),1,Warlock and the Infinity Watch #37,Warlock and the Infinity Watch,37,12/20/1994,,,,0,1,0,0,0,,Print,,,,,,,,,,,,,1,0,,
Marvel Comics,Warlock and the Infinity Watch (1991 - 1995),1,Warlock and the Infinity Watch #38,Warlock and the Infinity Watch,38,1/17/1995,,,,0,1,0,0,0,,Print,,,,,,,,,,,,,1,0,,
Marvel Comics,Warlock and the Infinity Watch (1991 - 1995),1,Warlock and the Infinity Watch #39,Warlock and the Infinity Watch,39,2/21/1995,,,,0,1,0,0,0,,Print,,,,,,,,,,,,,1,0,,
Marvel Comics,Warlock and the Infinity Watch (1991 - 1995),1,Warlock and the Infinity Watch #40,Warlock and the Infinity Watch,40,3/21/1995,,,,0,1,0,0,0,,Print,,,,,,,,,,,,,1,0,,
Marvel Comics,Warlock and the Infinity Watch (1991 - 1995),1,Warlock and the Infinity Watch #41,Warlock and the Infinity Watch,41,4/18/1995,,,,0,1,0,0,0,,Print,,,,,,,,,,,,,1,0,,
Marvel Comics,Warlock and the Infinity Watch (1991 - 1995),1,Warlock and the Infinity Watch #42,Warlock and the Infinity Watch,42,5/16/1995,,,,0,1,0,0,0,,Print,,,,,,,,,,,,,1,0,,
Marvel Comics,Warlock Chronicles (1993 - 1994),1,Warlock Chronicles #1,Warlock Chronicles,1,5/4/1993,2,2,The Infinity Crusade,1,0,0,0,1,,Print,,,,,,,,,,,,,1,1,,
Marvel Comics,Warlock Chronicles (1993 - 1994),1,Warlock Chronicles #2,Warlock Chronicles,2,6/1/1993,2,2,The Infinity Crusade,1,0,0,0,1,,Print,,,,,,,,,,,,,1,1,,
Marvel Comics,Warlock Chronicles (1993 - 1994),1,Warlock Chronicles #3,Warlock Chronicles,3,7/6/1993,2,2,The Infinity Crusade,1,0,0,0,1,,Print,,,,,,,,,,,,,1,1,,
Marvel Comics,Warlock Chronicles (1993 - 1994),1,Warlock Chronicles #4,Warlock Chronicles,4,8/3/1993,2,2,The Infinity Crusade,1,0,0,0,1,,Print,,,,,,,,,,,,,1,1,,
Marvel Comics,Warlock Chronicles (1993 - 1994),1,Warlock Chronicles #5,Warlock Chronicles,5,9/7/1993,,2,The Infinity Crusade,0,1,0,0,0,,Print,,,,,,,,,,,,,1,0,,
Marvel Comics,Warlock Chronicles (1993 - 1994),1,Warlock Chronicles #6,Warlock Chronicles,6,10/5/1993,,1,Blood and Thunder,0,1,0,0,0,,Print,,,,,,,,,,,,,1,0,,
Marvel Comics,Warlock Chronicles (1993 - 1994),1,Warlock Chronicles #7,Warlock Chronicles,7,11/2/1993,,1,Blood and Thunder,0,1,0,0,0,,Print,,,,,,,,,,,,,1,0,,
Marvel Comics,Warlock Chronicles (1993 - 1994),1,Warlock Chronicles #8,Warlock Chronicles,8,12/7/1993,,1,Blood and Thunder,0,1,0,0,0,,Print,,,,,,,,,,,,,1,0,,
Marvel Comics,Weapon X (Vol. 1) (1995),1,Weapon X #1,Weapon X,1,1/10/1995,6,6,Age of Apocalypse,1,0,0,1,1,,Print,,,,,,,,,,,,,1,1,,
Marvel Comics,Weapon X (Vol. 1) (1995),1,Weapon X #2,Weapon X,2,2/14/1995,6,6,Age of Apocalypse,1,0,0,1,1,,Print,,,,,,,,,,,,,1,1,,
Marvel Comics,Weapon X (Vol. 1) (1995),1,Weapon X #3,Weapon X,3,3/14/1995,6,6,Age of Apocalypse,1,0,0,1,1,,Print,,,,,,,,,,,,,1,1,,
Marvel Comics,Weapon X (Vol. 1) (1995),1,Weapon X #4,Weapon X,4,4/11/1995,6,6,Age of Apocalypse,1,0,0,1,1,,Print,,,,,,,,,,,,,1,1,,
Marvel Comics,Web of Spider-Man (Vol. 1) (1984 - 1995),1,Web of Spider-Man #6,Web of Spider-Man,6,5/7/1985,,14,Secret Wars II,0,1,0,0,0,,Print,,,,,,,,,,,,,1,0,,
Marvel Comics,Web of Spider-Man (Vol. 1) (1984 - 1995),1,Web of Spider-Man #20,Web of Spider-Man,20,7/22/1986,13,13,,1,0,0,1,2,,Print,,,,,,,,,,,,,1,2,,
Marvel Comics,Web of Spider-Man (Vol. 1) (1984 - 1995),1,Web of Spider-Man #21,Web of Spider-Man,21,8/26/1986,13,13,,1,0,0,1,1,,Print,,,,,,,,,,,,,1,1,,
Marvel Comics,Web of Spider-Man (Vol. 1) (1984 - 1995),1,Web of Spider-Man #23,Web of Spider-Man,23,10/28/1986,13,13,,1,0,0,1,1,,Print,,,,,,,,,,,,,1,1,,
Marvel Comics,Web of Spider-Man (Vol. 1) (1984 - 1995),1,Web of Spider-Man #36,Web of Spider-Man,36,11/3/1987,13,13,,1,0,0,1,1,,Print,,,,,,,,,,,,,1,1,,
Marvel Comics,Web of Spider-Man (Vol. 1) (1984 - 1995),1,Web of Spider-Man #41,Web of Spider-Man,41,4/5/1988,13,13,,1,0,0,1,1,,Print,,,,,,,,,,,,,1,1,,
Marvel Comics,Web of Spider-Man (Vol. 1) (1984 - 1995),1,Web of Spider-Man #42,Web of Spider-Man,42,5/3/1988,13,13,,1,0,0,1,1,,Print,,,,,,,,,,,,,1,1,,
Marvel Comics,Web of Spider-Man (Vol. 1) (1984 - 1995),1,Web of Spider-Man #43,Web of Spider-Man,43,6/7/1988,13,13,,1,0,0,1,1,,Print,,,,,,,,,,,,,1,1,,
Marvel Comics,Web of Spider-Man (Vol. 1) (1984 - 1995),1,Web of Spider-Man Annual #4,Web of Spider-Man Annual,4,6/21/1988,,17,Evolutionary War,1,0,0,0,1,,Print,,,,,,,,,,,,,2,2,,
Marvel Comics,Web of Spider-Man (Vol. 1) (1984 - 1995),1,Web of Spider-Man #44,Web of Spider-Man,44,7/5/1988,13,13,,1,0,0,1,1,,Print,,,,,,,,,,,,,1,1,,
Marvel Comics,Web of Spider-Man (Vol. 1) (1984 - 1995),1,Web of Spider-Man #45,Web of Spider-Man,45,8/2/1988,13,13,,1,0,0,1,1,,Print,,,,,,,,,,,,,1,1,,
Marvel Comics,Web of Spider-Man (Vol. 1) (1984 - 1995),1,Web of Spider-Man #46,Web of Spider-Man,46,9/6/1988,13,13,,1,0,0,1,1,,Print,,,,,,,,,,,,,1,1,,
Marvel Comics,Web of Spider-Man (Vol. 1) (1984 - 1995),1,Web of Spider-Man #47,Web of Spider-Man,47,10/4/1988,10,10,Inferno,1,0,0,0,1,,Print,,,,,,,,,,,,,1,1,,
Marvel Comics,Web of Spider-Man (Vol. 1) (1984 - 1995),1,Web of Spider-Man #48,Web of Spider-Man,48,11/1/1988,10,10,Inferno,1,0,0,0,1,,Print,,,,,,,,,,,,,1,1,,
Marvel Comics,Web of Spider-Man (Vol. 1) (1984 - 1995),1,Web of Spider-Man #49,Web of Spider-Man,49,12/6/1988,13,13,,1,0,0,1,1,,Print,,,,,,,,,,,,,1,1,,
Marvel Comics,Web of Spider-Man (Vol. 1) (1984 - 1995),1,Web of Spider-Man #50,Web of Spider-Man,50,1/3/1989,13,13,,1,0,0,1,1,,Print,,,,,,,,,,,,,1,1,,
Marvel Comics,Web of Spider-Man (Vol. 1) (1984 - 1995),1,Web of Spider-Man #51,Web of Spider-Man,51,2/7/1989,13,13,,1,0,0,1,1,,Print,,,,,,,,,,,,,1,1,,
Marvel Comics,Web of Spider-Man (Vol. 1) (1984 - 1995),1,Web of Spider-Man #52,Web of Spider-Man,52,3/7/1989,13,13,,1,0,0,1,1,,Print,,,,,,,,,,,,,1,1,,
Marvel Comics,Web of Spider-Man (Vol. 1) (1984 - 1995),1,Web of Spider-Man #53,Web of Spider-Man,53,4/4/1989,13,13,,1,0,0,1,1,,Print,,,,,,,,,,,,,1,1,,
Marvel Comics,Web of Spider-Man (Vol. 1) (1984 - 1995),1,Web of Spider-Man #54,Web of Spider-Man,54,5/2/1989,13,13,,1,0,0,1,1,,Print,,,,,,,,,,,,,1,1,,
Marvel Comics,Web of Spider-Man (Vol. 1) (1984 - 1995),1,Web of Spider-Man #56,Web of Spider-Man,56,7/11/1989,13,13,,1,0,0,1,1,,Print,,,,,,,,,,,,,1,1,,
Marvel Comics,Web of Spider-Man (Vol. 1) (1984 - 1995),1,Web of Spider-Man #57,Web of Spider-Man,57,8/1/1989,13,13,,1,0,0,1,1,,Print,,,,,,,,,,,,,1,1,,
Marvel Comics,Web of Spider-Man (Vol. 1) (1984 - 1995),1,Web of Spider-Man Annual #5,Web of Spider-Man Annual,5,11/1/1989,10,10,Atlantis Attacks,1,0,0,0,1,,Print,,,,,,,,,,,,,2,2,,
Marvel Comics,Web of Spider-Man (Vol. 1) (1984 - 1995),1,Web of Spider-Man #59,Web of Spider-Man,59,10/3/1989,14,14,Acts of Vengeance,1,0,0,0,1,,Print,,,,,,,,,,,,,1,1,,
Marvel Comics,Web of Spider-Man (Vol. 1) (1984 - 1995),1,Web of Spider-Man #60,Web of Spider-Man,60,11/7/1989,14,14,Acts of Vengeance,1,0,0,0,1,,Print,,,,,,,,,,,,,1,1,,
Marvel Comics,Web of Spider-Man (Vol. 1) (1984 - 1995),1,Web of Spider-Man #61,Web of Spider-Man,61,12/5/1989,,14,Acts of Vengeance,0,1,0,0,0,,Print,,,,,,,,,,,,,1,0,,
Marvel Comics,Web of Spider-Man (Vol. 1) (1984 - 1995),1,Web of Spider-Man #62,Web of Spider-Man,62,1/2/1990,13,13,,1,0,0,1,1,,Print,,,,,,,,,,,,,1,1,,
Marvel Comics,Web of Spider-Man (Vol. 1) (1984 - 1995),1,Web of Spider-Man #64,Web of Spider-Man,64,3/6/1990,,14,Acts of Vengeance,0,1,0,0,0,,Print,,,,,,,,,,,,,1,0,,
Marvel Comics,Web of Spider-Man (Vol. 1) (1984 - 1995),1,Web of Spider-Man #65,Web of Spider-Man,65,4/3/1990,,14,Acts of Vengeance,0,1,0,0,0,,Print,,,,,,,,,,,,,1,0,,
Marvel Comics,Web of Spider-Man (Vol. 1) (1984 - 1995),1,Web of Spider-Man #90,Web of Spider-Man,90,5/5/1992,13,13,,1,0,0,1,1,,Print,,,,,,,,,,,,,1,1,,
Marvel Comics,Web of Spider-Man (Vol. 1) (1984 - 1995),1,Web of Spider-Man #104,Web of Spider-Man,104,7/6/1993,2,2,The Infinity Crusade,1,0,0,0,1,,Print,,,,,,,,,,,,,1,1,,
Marvel Comics,Web of Spider-Man (Vol. 1) (1984 - 1995),1,Web of Spider-Man #105,Web of Spider-Man,105,8/3/1993,,2,The Infinity Crusade,0,1,0,0,0,,Print,,,,,,,,,,,,,1,0,,
Marvel Comics,Web of Spider-Man (Vol. 1) (1984 - 1995),1,Web of Spider-Man #106,Web of Spider-Man,106,9/7/1993,2,2,The Infinity Crusade,1,0,0,0,1,,Print,,,,,,,,,,,,,1,1,,
Marvel Comics,What If...? (Vol. 2) (1989 - 2010),2,What If...? #1,What If...?,1,3/21/1989,9,9,,1,0,0,1,1,,Print,,,,,,,,,,,,,1,1,,
Marvel Comics,What If...? (Vol. 2) (1989 - 2010),2,What If...? #6,What If...?,6,8/15/1989,9,9,,1,0,0,1,1,,Print,,,,,,,,,,,,,1,1,,
Marvel Comics,What If...? (Vol. 2) (1989 - 2010),2,What If...? #12,What If...?,12,4/1/1990,9,9,,1,0,0,1,1,,Print,,,,,,,,,,,,,1,1,,
Marvel Comics,What If...? (Vol. 2) (1989 - 2010),2,What If...? #24,What If...?,24,2/19/1991,9,9,,1,0,0,1,1,,Print,,,,,,,,,,,,,1,1,,
Marvel Comics,What If...? (Vol. 2) (1989 - 2010),2,What If...? #25,What If...?,25,3/21/1991,9,9,,1,0,0,1,1,,Print,,,,,,,,,,,,,1,1,,
Marvel Comics,What If...? (Vol. 2) (1989 - 2010),2,What If...? #31,What If...?,31,9/17/1991,,14,Acts of Vengeance,0,1,0,0,0,,Print,,,,,,,,,,,,,1,0,,
Marvel Comics,What If...? (Vol. 2) (1989 - 2010),2,What If...? #46,What If...?,46,2/1/1993,9,9,,1,0,0,1,1,,Print,,,,,,,,,,,,,1,1,,
Marvel Comics,What If...? (Vol. 2) (1989 - 2010),2,What If...? #47,What If...?,47,3/1/1993,9,9,,1,0,0,1,1,,Print,,,,,,,,,,,,,1,1,,
Marvel Comics,What If...? (Vol. 2) (1989 - 2010),2,What If...? #77,What If...?,77,9/1/1995,9,9,,1,0,0,0,1,,Print,,,,,,,,,,,,,1,1,,
Marvel Comics,What If...? (Vol. 2) (1989 - 2010),2,What If...? #87,What If...?,87,7/1/1996,9,9,,1,0,0,0,1,,Print,,,,,,,,,,,,,1,1,,
Marvel Comics,What If...? (Vol. 2) (1989 - 2010),2,What If...? #89,What If...?,89,9/1/1996,9,9,,1,0,0,0,1,,Print,,,,,,,,,,,,,1,1,,
Marvel Comics,What If...? (Vol. 2) (1989 - 2010),2,What If...? #90,What If...?,90,10/1/1996,9,9,,1,0,0,0,1,,Print,,,,,,,,,,,,,1,1,,
Marvel Comics,What If...? Special (1988),1,What If...? Special #1,What If...? Special,1,2/2/1988,9,9,,1,0,0,1,1,,Print,,,,,,,,,,,,,1,1,,
Marvel Comics,What The--?! (1988 - 1993),1,What The--?! #1,What The--?!,1,4/26/1988,9,9,,1,0,0,1,1,,Print,,,,,,,,,,,,,1,1,,
Marvel Comics,What The--?! (1988 - 1993),1,What The--?! #2,What The--?!,2,5/5/1988,9,9,,1,0,0,1,1,,Print,,,,,,,,,,,,,1,1,,
Marvel Comics,What The--?! (1988 - 1993),1,What The--?! #3,What The--?!,3,6/7/1988,9,9,,1,0,0,1,1,,Print,,,,,,,,,,,,,1,1,,
Marvel Comics,What The--?! (1988 - 1993),1,What The--?! #4,What The--?!,4,7/5/1988,9,9,,1,0,0,1,1,,Print,,,,,,,,,,,,,1,1,,
Marvel Comics,What The--?! (1988 - 1993),1,What The--?! #5,What The--?!,5,7/5/1989,9,9,,1,0,0,1,1,,Print,,,,,,,,,,,,,1,1,,
Marvel Comics,What The--?! (1988 - 1993),1,What The--?! #6,What The--?!,6,1/3/1990,14,14,Acts of Vengeance,1,0,0,0,1,,Print,,,,,,,,,,,,,1,1,,
Marvel Comics,What The--?! (1988 - 1993),1,What The--?! #7,What The--?!,7,4/4/1990,9,9,,1,0,0,1,1,,Print,,,,,,,,,,,,,1,1,,
Marvel Comics,What The--?! (1988 - 1993),1,What The--?! #8,What The--?!,8,5/1/1990,9,9,,1,0,0,1,1,,Print,,,,,,,,,,,,,1,1,,
Marvel Comics,What The--?! (1988 - 1993),1,What The--?! #9,What The--?!,9,10/3/1990,9,9,,1,0,0,1,1,,Print,,,,,,,,,,,,,1,1,,
Marvel Comics,What The--?! (1988 - 1993),1,What The--?! #11,What The--?!,11,3/1/1991,9,9,,1,0,0,1,1,,Print,,,,,,,,,,,,,1,1,,
Marvel Comics,What The--?! (1988 - 1993),1,What The--?! #12,What The--?!,12,3/26/1991,9,9,,1,0,0,1,1,,Print,,,,,,,,,,,,,1,1,,
Marvel Comics,What The--?! (1988 - 1993),1,What The--?! #13,What The--?!,13,7/1/1991,9,9,,1,0,0,1,1,,Print,,,,,,,,,,,,,1,1,,
Marvel Comics,What The--?! (1988 - 1993),1,What The--?! #14,What The--?!,14,9/1/1991,9,9,,1,0,0,1,1,,Print,,,,,,,,,,,,,1,1,,
Marvel Comics,What The--?! (1988 - 1993),1,What The--?! #16,What The--?!,16,1/1/1992,9,9,,1,0,0,1,1,,Print,,,,,,,,,,,,,1,1,,
Marvel Comics,Wolfpack (1988 - 1989),1,Wolfpack #1,Wolfpack,1,8/1/1988,15,15,,1,0,0,0,1,,Print,,,,,,,,,,,,,1,1,,
Marvel Comics,Wolfpack (1988 - 1989),1,Wolfpack #2,Wolfpack,2,9/1/1988,15,15,,1,0,0,0,1,,Print,,,,,,,,,,,,,1,1,,
Marvel Comics,Wolfpack (1988 - 1989),1,Wolfpack #3,Wolfpack,3,10/1/1988,15,15,,1,0,0,0,1,,Print,,,,,,,,,,,,,1,1,,
Marvel Comics,Wolfpack (1988 - 1989),1,Wolfpack #4,Wolfpack,4,11/1/1988,15,15,,1,0,0,0,1,,Print,,,,,,,,,,,,,1,1,,
Marvel Comics,Wolfpack (1988 - 1989),1,Wolfpack #5,Wolfpack,5,12/1/1988,15,15,,1,0,0,0,1,,Print,,,,,,,,,,,,,1,1,,
Marvel Comics,Wolfpack (1988 - 1989),1,Wolfpack #6,Wolfpack,6,1/6/1989,15,15,,1,0,0,0,1,,Print,,,,,,,,,,,,,1,1,,
Marvel Comics,Wolfpack (1988 - 1989),1,Wolfpack #7,Wolfpack,7,2/1/1989,15,15,,1,0,0,0,1,,Print,,,,,,,,,,,,,1,1,,
Marvel Comics,Wolfpack (1988 - 1989),1,Wolfpack #8,Wolfpack,8,3/1/1989,15,15,,1,0,0,0,1,,Print,,,,,,,,,,,,,1,1,,
Marvel Comics,Wolfpack (1988 - 1989),1,Wolfpack #9,Wolfpack,9,4/1/1989,15,15,,1,0,0,0,1,,Print,,,,,,,,,,,,,1,1,,
Marvel Comics,Wolfpack (1988 - 1989),1,Wolfpack #10,Wolfpack,10,5/1/1989,15,15,,1,0,0,0,1,,Print,,,,,,,,,,,,,1,1,,
Marvel Comics,Wolfpack (1988 - 1989),1,Wolfpack #11,Wolfpack,11,6/1/1989,15,15,,1,0,0,0,1,,Print,,,,,,,,,,,,,1,1,,
Marvel Comics,Wolfpack (1988 - 1989),1,Wolfpack #12,Wolfpack,12,7/1/1989,15,15,,1,0,0,0,1,,Print,,,,,,,,,,,,,1,1,,
Marvel Comics,Wolverine (Vol. 1) (1982),1,Wolverine #1,Wolverine,1,6/1/1982,15,15,,1,0,0,1,1,,Print,,,,,,,,,,,,,1,1,,
Marvel Comics,Wolverine (Vol. 1) (1982),1,Wolverine #2,Wolverine,2,6/29/1982,,,,0,1,0,0,0,,Print,,,,,,,,,,,,,1,0,,
Marvel Comics,Wolverine (Vol. 1) (1982),1,Wolverine #3,Wolverine,3,8/3/1982,15,15,,1,0,0,1,1,,Print,,,,,,,,,,,,,1,1,,
Marvel Comics,Wolverine (Vol. 1) (1982),1,Wolverine #4,Wolverine,4,8/31/1982,,,,0,1,0,0,0,,Print,,,,,,,,,,,,,1,0,,
Marvel Comics,Wolverine (Vol. 2) (1988 - 2003),2,Wolverine #1,Wolverine,1,7/12/1988,15,15,,1,0,0,1,1,,Print,,,,,,,,,,,,,1,1,,
Marvel Comics,Wolverine (Vol. 2) (1988 - 2003),2,Wolverine #2,Wolverine,2,8/9/1988,15,15,,1,0,0,1,1,,Print,,,,,,,,,,,,,1,1,,
Marvel Comics,Wolverine (Vol. 2) (1988 - 2003),2,Wolverine #3,Wolverine,3,9/13/1988,15,15,,1,0,0,1,1,,Print,,,,,,,,,,,,,1,1,,
Marvel Comics,Wolverine (Vol. 2) (1988 - 2003),2,Wolverine #4,Wolverine,4,10/11/1988,15,15,,1,0,0,1,1,,Print,,,,,,,,,,,,,1,1,,
Marvel Comics,Wolverine (Vol. 2) (1988 - 2003),2,Wolverine #5,Wolverine,5,11/8/1988,15,15,,1,0,0,1,1,,Print,,,,,,,,,,,,,1,1,,
Marvel Comics,Wolverine (Vol. 2) (1988 - 2003),2,Wolverine #6,Wolverine,6,12/13/1988,15,15,,1,0,0,1,1,,Print,,,,,,,,,,,,,1,1,,
Marvel Comics,Wolverine (Vol. 2) (1988 - 2003),2,Wolverine #7,Wolverine,7,1/10/1989,15,15,,1,0,0,1,1,,Print,,,,,,,,,,,,,1,1,,
Marvel Comics,Wolverine (Vol. 2) (1988 - 2003),2,Wolverine #8,Wolverine,8,2/14/1989,15,15,,1,0,0,1,1,,Print,,,,,,,,,,,,,1,1,,
Marvel Comics,Wolverine (Vol. 2) (1988 - 2003),2,Wolverine #9,Wolverine,9,3/14/1989,15,15,,1,0,0,1,1,,Print,,,,,,,,,,,,,1,1,,
Marvel Comics,Wolverine (Vol. 2) (1988 - 2003),2,Wolverine #10,Wolverine,10,4/11/1989,15,15,,1,0,0,1,1,,Print,,,,,,,,,,,,,1,1,,
Marvel Comics,Wolverine (Vol. 2) (1988 - 2003),2,Wolverine #11,Wolverine,11,5/9/1989,15,15,The Gehenna Stone Affair,1,0,0,1,1,,Print,,,,,,,,,,,,,1,1,,
Marvel Comics,Wolverine (Vol. 2) (1988 - 2003),2,Wolverine #12,Wolverine,12,5/23/1989,15,15,The Gehenna Stone Affair,1,0,0,1,1,,Print,,,,,,,,,,,,,1,1,,
Marvel Comics,Wolverine (Vol. 2) (1988 - 2003),2,Wolverine #13,Wolverine,13,6/13/1989,15,15,The Gehenna Stone Affair,1,0,0,1,1,,Print,,,,,,,,,,,,,1,1,,
Marvel Comics,Wolverine (Vol. 2) (1988 - 2003),2,Wolverine #14,Wolverine,14,6/27/1989,15,15,The Gehenna Stone Affair,1,0,0,1,1,,Print,,,,,,,,,,,,,1,1,,
Marvel Comics,Wolverine (Vol. 2) (1988 - 2003),2,Wolverine #15,Wolverine,15,7/11/1989,15,15,The Gehenna Stone Affair,1,0,0,1,1,,Print,,,,,,,,,,,,,1,1,,
Marvel Comics,Wolverine (Vol. 2) (1988 - 2003),2,Wolverine #16,Wolverine,16,7/25/1989,15,15,The Gehenna Stone Affair,1,0,0,1,1,,Print,,,,,,,,,,,,,1,1,,
Marvel Comics,Wolverine (Vol. 2) (1988 - 2003),2,Wolverine #17,Wolverine,17,8/8/1989,15,15,,1,0,0,1,1,,Print,,,,,,,,,,,,,1,1,,
Marvel Comics,Wolverine (Vol. 2) (1988 - 2003),2,Wolverine #18,Wolverine,18,9/12/1989,15,15,,1,0,0,1,1,,Print,,,,,,,,,,,,,1,1,,
Marvel Comics,Wolverine (Vol. 2) (1988 - 2003),2,Wolverine #19,Wolverine,19,10/10/1989,14,14,Acts of Vengeance,1,0,0,0,1,,Print,,,,,,,,,,,,,1,1,,
Marvel Comics,Wolverine (Vol. 2) (1988 - 2003),2,Wolverine #20,Wolverine,20,11/14/1989,14,14,Acts of Vengeance,1,0,0,0,1,,Print,,,,,,,,,,,,,1,1,,
Marvel Comics,Wolverine (Vol. 2) (1988 - 2003),2,Wolverine #21,Wolverine,21,12/12/1989,15,15,,1,0,0,1,1,,Print,,,,,,,,,,,,,1,1,,
Marvel Comics,Wolverine (Vol. 2) (1988 - 2003),2,Wolverine #22,Wolverine,22,1/9/1990,15,15,,1,0,0,1,1,,Print,,,,,,,,,,,,,1,1,,
Marvel Comics,Wolverine (Vol. 2) (1988 - 2003),2,Wolverine #23,Wolverine,23,2/13/1990,15,15,,1,0,0,1,1,,Print,,,,,,,,,,,,,1,1,,
Marvel Comics,Wolverine (Vol. 2) (1988 - 2003),2,Wolverine #24,Wolverine,24,3/13/1990,15,15,,1,0,0,1,1,,Print,,,,,,,,,,,,,1,1,,
Marvel Comics,Wolverine (Vol. 2) (1988 - 2003),2,Wolverine #25,Wolverine,25,4/10/1990,15,15,,1,0,0,1,1,,Print,,,,,,,,,,,,,1,1,,
Marvel Comics,Wolverine (Vol. 2) (1988 - 2003),2,Wolverine #26,Wolverine,26,5/8/1990,15,15,,1,0,0,1,1,,Print,,,,,,,,,,,,,1,1,,
Marvel Comics,Wolverine (Vol. 2) (1988 - 2003),2,Wolverine #27,Wolverine,27,5/22/1990,15,15,The Lazarus Project,1,0,0,0,1,,Print,,,,,,,,,,,,,1,1,,
Marvel Comics,Wolverine (Vol. 2) (1988 - 2003),2,Wolverine #28,Wolverine,28,6/12/1990,,15,The Lazarus Project,0,1,0,0,0,,Print,,,,,,,,,,,,,1,0,,
Marvel Comics,Wolverine (Vol. 2) (1988 - 2003),2,Wolverine #29,Wolverine,29,6/26/1990,,15,The Lazarus Project,0,1,0,0,0,,Print,,,,,,,,,,,,,1,0,,
Marvel Comics,Wolverine (Vol. 2) (1988 - 2003),2,Wolverine #30,Wolverine,30,7/10/1990,15,15,The Lazarus Project,1,0,0,0,1,,Print,,,,,,,,,,,,,1,1,,
Marvel Comics,Wolverine (Vol. 2) (1988 - 2003),2,Wolverine #31,Wolverine,31,7/24/1990,15,15,,1,0,0,1,1,,Print,,,,,,,,,,,,,1,1,,
Marvel Comics,Wolverine (Vol. 2) (1988 - 2003),2,Wolverine #32,Wolverine,32,8/14/1990,15,15,,1,0,0,1,1,,Print,,,,,,,,,,,,,1,1,,
Marvel Comics,Wolverine (Vol. 2) (1988 - 2003),2,Wolverine #33,Wolverine,33,9/11/1990,15,15,,1,0,0,1,1,,Print,,,,,,,,,,,,,1,1,,
Marvel Comics,Wolverine (Vol. 2) (1988 - 2003),2,Wolverine #34,Wolverine,34,10/9/1990,,,,0,1,0,0,0,,Print,,,,,,,,,,,,,1,0,,
Marvel Comics,Wolverine (Vol. 2) (1988 - 2003),2,Wolverine #35,Wolverine,35,11/13/1990,15,15,,1,0,0,1,1,,Print,2.99,2026-01-15,,,,,,Comic Kingdom,,0,0.0,,1,1,,
Marvel Comics,Wolverine (Vol. 2) (1988 - 2003),2,Wolverine #36,Wolverine,36,12/11/1990,,,,0,1,0,0,0,,Print,,,,,,,,,,,,,1,0,,
Marvel Comics,Wolverine (Vol. 2) (1988 - 2003),2,Wolverine #37,Wolverine,37,1/8/1991,15,15,,1,0,0,1,1,,Print,,,,,,,,,,,,,1,1,,
Marvel Comics,Wolverine (Vol. 2) (1988 - 2003),2,Wolverine #38,Wolverine,38,2/12/1991,,,,0,1,0,0,0,,Print,,,,,,,,,,,,,1,0,,
Marvel Comics,Wolverine (Vol. 2) (1988 - 2003),2,Wolverine #39,Wolverine,39,3/12/1991,,,,0,1,0,0,0,,Print,,,,,,,,,,,,,1,0,,
Marvel Comics,Wolverine (Vol. 2) (1988 - 2003),2,Wolverine #40,Wolverine,40,4/9/1991,,,,0,1,0,0,0,,Print,,,,,,,,,,,,,1,0,,
Marvel Comics,Wolverine (Vol. 2) (1988 - 2003),2,Wolverine #41,Wolverine,41,5/14/1991,,,,0,1,0,0,0,,Print,,,,,,,,,,,,,1,0,,
Marvel Comics,Wolverine (Vol. 2) (1988 - 2003),2,Wolverine #42,Wolverine,42,5/28/1991,,,,0,1,0,0,0,,Print,,,,,,,,,,,,,1,0,,
Marvel Comics,Wolverine (Vol. 2) (1988 - 2003),2,Wolverine #43,Wolverine,43,6/11/1991,,,,0,1,0,0,0,,Print,,,,,,,,,,,,,1,0,,
Marvel Comics,Wolverine (Vol. 2) (1988 - 2003),2,Wolverine #44,Wolverine,44,6/25/1991,,,,0,1,0,0,0,,Print,,,,,,,,,,,,,1,0,,
Marvel Comics,Wolverine (Vol. 2) (1988 - 2003),2,Wolverine #45,Wolverine,45,7/9/1991,15,15,,1,0,0,1,1,,Print,,,,,,,,,,,,,1,1,,
Marvel Comics,Wolverine (Vol. 2) (1988 - 2003),2,Wolverine #46,Wolverine,46,7/23/1991,15,15,,1,0,0,1,1,,Print,2.99,2026-01-15,,,,,,Comic Kingdom ,,0,0.0,,1,1,,
Marvel Comics,Wolverine (Vol. 2) (1988 - 2003),2,Wolverine #47,Wolverine,47,8/13/1991,,,,0,1,0,0,0,,Print,,,,,,,,,,,,,1,0,,
Marvel Comics,Wolverine (Vol. 2) (1988 - 2003),2,Wolverine #48,Wolverine,48,9/10/1991,,15,Shiva Scenario,0,1,0,0,0,,Print,,,,,,,,,,,,,1,0,,
Marvel Comics,Wolverine (Vol. 2) (1988 - 2003),2,Wolverine #49,Wolverine,49,10/8/1991,,15,Shiva Scenario,0,1,0,0,0,,Print,,,,,,,,,,,,,1,0,,
Marvel Comics,Wolverine (Vol. 2) (1988 - 2003),2,Wolverine #50,Wolverine,50,11/12/1991,,15,Shiva Scenario,0,1,0,0,0,,Print,,,,,,,,,,,,,1,0,,
Marvel Comics,Wolverine (Vol. 2) (1988 - 2003),2,Wolverine #51,Wolverine,51,12/10/1991,,15,The Crunch Conundrum,0,1,0,0,0,,Print,,,,,,,,,,,,,1,0,,
Marvel Comics,Wolverine (Vol. 2) (1988 - 2003),2,Wolverine #52,Wolverine,52,1/14/1992,,15,The Crunch Conundrum,0,1,0,0,0,,Print,,,,,,,,,,,,,1,0,,
Marvel Comics,Wolverine (Vol. 2) (1988 - 2003),2,Wolverine #53,Wolverine,53,2/11/1992,,15,The Crunch Conundrum,0,1,0,0,0,,Print,,,,,,,,,,,,,1,0,,
Marvel Comics,Wolverine (Vol. 2) (1988 - 2003),2,Wolverine #54,Wolverine,54,3/10/1992,,15,The Crunch Conundrum,0,1,0,0,0,,Print,,,,,,,,,,,,,1,0,,
Marvel Comics,Wolverine (Vol. 2) (1988 - 2003),2,Wolverine #55,Wolverine,55,4/14/1992,15,15,The Crunch Conundrum,1,0,0,0,1,,Print,2.99,2026-01-15,,,,,,Comic Kingdom,,0,0.0,,1,1,,
Marvel Comics,Wolverine (Vol. 2) (1988 - 2003),2,Wolverine #56,Wolverine,56,5/12/1992,15,15,The Crunch Conundrum,1,0,0,0,1,,Print,2.99,2026-01-15,,,,,,Comic Kingdom,,0,0.0,,1,1,,
Marvel Comics,Wolverine (Vol. 2) (1988 - 2003),2,Wolverine #57,Wolverine,57,5/26/1992,,15,The Crunch Conundrum,0,1,0,0,0,,Print,,,,,,,,,,,,,1,0,,
Marvel Comics,Wolverine (Vol. 2) (1988 - 2003),2,Wolverine #58,Wolverine,58,6/9/1992,15,15,The Crunch Conundrum,1,0,0,0,1,,Print,,,,,,,,,,,,,1,1,,
Marvel Comics,Wolverine (Vol. 2) (1988 - 2003),2,Wolverine #59,Wolverine,59,6/23/1992,,15,The Crunch Conundrum,0,1,0,0,0,,Print,,,,,,,,,,,,,1,0,,
Marvel Comics,Wolverine (Vol. 2) (1988 - 2003),2,Wolverine #60,Wolverine,60,7/14/1992,15,15,The Crunch Conundrum,1,0,0,0,1,,Print,,,,,,,,,,,,,1,1,,
Marvel Comics,Wolverine (Vol. 2) (1988 - 2003),2,Wolverine #61,Wolverine,61,7/28/1992,,,,0,1,0,0,0,,Print,,,,,,,,,,,,,1,0,,
Marvel Comics,Wolverine (Vol. 2) (1988 - 2003),2,Wolverine #62,Wolverine,62,8/11/1992,15,15,,1,0,0,1,1,,Print,2.99,2026-01-15,,,,,,Comic Kingdom,,0,0.0,,1,1,,
Marvel Comics,Wolverine (Vol. 2) (1988 - 2003),2,Wolverine #63,Wolverine,63,9/8/1992,,,,0,1,0,0,0,,Print,,,,,,,,,,,,,1,0,,
Marvel Comics,Wolverine (Vol. 2) (1988 - 2003),2,Wolverine #64,Wolverine,64,10/13/1992,,,,0,1,0,0,0,,Print,,,,,,,,,,,,,1,0,,
Marvel Comics,Wolverine (Vol. 2) (1988 - 2003),2,Wolverine #65,Wolverine,65,11/10/1992,15,15,,1,0,0,1,1,,Print,2.99,2026-01-15,,,,,,Comic Kingdom,,0,0.0,,1,1,,
Marvel Comics,Wolverine (Vol. 2) (1988 - 2003),2,Wolverine #66,Wolverine,66,12/8/1992,,,,0,1,0,0,0,,Print,,,,,,,,,,,,,1,0,,
Marvel Comics,Wolverine (Vol. 2) (1988 - 2003),2,Wolverine #67,Wolverine,67,1/12/1993,,,,0,1,0,0,0,,Print,,,,,,,,,,,,,1,0,,
Marvel Comics,Wolverine (Vol. 2) (1988 - 2003),2,Wolverine #68,Wolverine,68,2/9/1993,,,,0,1,0,0,0,,Print,,,,,,,,,,,,,1,0,,
Marvel Comics,Wolverine (Vol. 2) (1988 - 2003),2,Wolverine #69,Wolverine,69,3/9/1993,,,,0,1,0,0,0,,Print,,,,,,,,,,,,,1,0,,
Marvel Comics,Wolverine (Vol. 2) (1988 - 2003),2,Wolverine #70,Wolverine,70,4/13/1993,15,15,,1,0,0,1,1,,Print,,,,,,,,,,,,,1,1,,
Marvel Comics,Wolverine (Vol. 2) (1988 - 2003),2,Wolverine #71,Wolverine,71,5/11/1993,15,15,,1,0,0,1,1,,Print,,,,,,,,,,,,,1,1,,
Marvel Comics,Wolverine (Vol. 2) (1988 - 2003),2,Wolverine #72,Wolverine,72,6/8/1993,15,15,,1,0,0,1,1,,Print,,,,,,,,,,,,,1,1,,
Marvel Comics,Wolverine (Vol. 2) (1988 - 2003),2,Wolverine #73,Wolverine,73,7/13/1993,15,15,,1,0,0,1,1,,Print,,,,,,,,,,,,,1,1,,
Marvel Comics,Wolverine (Vol. 2) (1988 - 2003),2,Wolverine #74,Wolverine,74,8/10/1993,15,15,,1,0,0,1,1,,Print,,,,,,,,,,,,,1,1,,
Marvel Comics,Wolverine (Vol. 2) (1988 - 2003),2,Wolverine #75,Wolverine,75,9/14/1993,1,1,Fatal Attractions,1,0,0,0,1,,Print,,,,,,,,,,,,,1,1,,
Marvel Comics,Wolverine (Vol. 2) (1988 - 2003),2,Wolverine #76,Wolverine,76,10/12/1993,15,15,,1,0,0,1,1,,Print,,,,,,,,,,,,,1,1,,
Marvel Comics,Wolverine (Vol. 2) (1988 - 2003),2,Wolverine #77,Wolverine,77,11/9/1993,15,15,,1,0,0,1,1,,Print,,,,,,,,,,,,,1,1,,
Marvel Comics,Wolverine (Vol. 2) (1988 - 2003),2,Wolverine #78,Wolverine,78,12/14/1993,15,15,,1,0,0,1,1,,Print,,,,,,,,,,,,,1,1,,
Marvel Comics,Wolverine (Vol. 2) (1988 - 2003),2,Wolverine #79,Wolverine,79,2/8/1994,15,15,,1,0,0,1,1,,Print,,,,,,,,,,,,,1,1,,
Marvel Comics,Wolverine (Vol. 2) (1988 - 2003),2,Wolverine #80,Wolverine,80,2/22/1994,15,15,,1,0,0,1,1,,Print,,,,,,,,,,,,,1,1,,
Marvel Comics,Wolverine (Vol. 2) (1988 - 2003),2,Wolverine #81,Wolverine,81,3/8/1994,15,15,,1,0,0,1,1,,Print,,,,,,,,,,,,,1,1,,
Marvel Comics,Wolverine (Vol. 2) (1988 - 2003),2,Wolverine #82,Wolverine,82,4/26/1994,15,15,,1,0,0,1,1,,Print,,,,,,,,,,,,,1,1,,
Marvel Comics,Wolverine (Vol. 2) (1988 - 2003),2,Wolverine #83,Wolverine,83,5/17/1994,15,15,,1,0,0,1,1,,Print,,,,,,,,,,,,,1,1,,
Marvel Comics,Wolverine (Vol. 2) (1988 - 2003),2,Wolverine #84,Wolverine,84,6/14/1994,15,15,,1,0,0,1,1,,Print,,,,,,,,,,,,,1,1,,
Marvel Comics,Wolverine (Vol. 2) (1988 - 2003),2,Wolverine #85,Wolverine,85,7/12/1994,1,1,Phalanx Covenant,1,0,0,0,1,,Print,,,,,,,,,,,,,1,1,,
Marvel Comics,Wolverine (Vol. 2) (1988 - 2003),2,Wolverine #86,Wolverine,86,8/9/1994,15,15,,1,0,0,1,1,,Print,,,,,,,,,,,,,1,1,,
Marvel Comics,Wolverine (Vol. 2) (1988 - 2003),2,Wolverine #87,Wolverine,87,9/13/1994,15,15,,1,0,0,1,1,,Print,,,,,,,,,,,,,1,1,,
Marvel Comics,Wolverine (Vol. 2) (1988 - 2003),2,Wolverine #88,Wolverine,88,10/11/1994,15,15,,1,0,0,1,1,,Print,,,,,,,,,,,,,1,1,,
Marvel Comics,Wolverine (Vol. 2) (1988 - 2003),2,Wolverine #89,Wolverine,89,11/8/1994,15,15,,1,0,0,1,1,,Print,,,,,,,,,,,,,1,1,,
Marvel Comics,Wolverine (Vol. 2) (1988 - 2003),2,Wolverine #90,Wolverine,90,12/13/1994,6,6,Age of Apocalypse,1,0,0,0,1,,Print,,,,,,,,,,,,,1,1,,
Marvel Comics,Wolverine (Vol. 2) (1988 - 2003),2,Wolverine #91,Wolverine,91,5/30/1995,15,15,,1,0,0,1,1,,Print,,,,,,,,,,,,,1,1,,
Marvel Comics,Wolverine (Vol. 2) (1988 - 2003),2,Wolverine #92,Wolverine,92,7/4/1995,15,15,,1,0,0,1,1,,Print,,,,,,,,,,,,,1,1,,
Marvel Comics,Wolverine (Vol. 2) (1988 - 2003),2,Wolverine #93,Wolverine,93,8/3/1995,15,15,,1,0,0,1,1,,Print,,,,,,,,,,,,,1,1,,
Marvel Comics,Wolverine (Vol. 2) (1988 - 2003),2,Wolverine Annual '95,Wolverine Annual '95,1,8/3/1995,15,15,,1,0,0,1,1,,Print,,,,,,,,,,,,,1,1,,
Marvel Comics,Wolverine (Vol. 2) (1988 - 2003),2,Wolverine #94,Wolverine,94,8/31/1995,15,15,,1,0,0,1,1,,Print,,,,,,,,,,,,,1,1,,
Marvel Comics,Wolverine (Vol. 2) (1988 - 2003),2,Wolverine #95,Wolverine,95,9/28/1995,15,15,,1,0,0,1,1,,Print,,,,,,,,,,,,,1,1,,
Marvel Comics,Wolverine (Vol. 2) (1988 - 2003),2,Wolverine #96,Wolverine,96,10/26/1995,15,15,,1,0,0,1,1,,Print,,,,,,,,,,,,,1,1,,
Marvel Comics,Wolverine (Vol. 2) (1988 - 2003),2,Wolverine #97,Wolverine,97,11/30/1995,15,15,,1,0,0,1,1,,Print,,,,,,,,,,,,,1,1,,
Marvel Comics,Wolverine (Vol. 2) (1988 - 2003),2,Wolverine #98,Wolverine,98,12/28/1995,15,15,,1,0,0,1,1,,Print,,,,,,,,,,,,,1,1,,
Marvel Comics,Wolverine (Vol. 2) (1988 - 2003),2,Wolverine #99,Wolverine,99,1/25/1996,15,15,,1,0,0,1,1,,Print,,,,,,,,,,,,,1,1,,
Marvel Comics,Wolverine (Vol. 2) (1988 - 2003),2,Wolverine #100,Wolverine,100,3/7/1996,15,15,,1,0,0,1,1,,Print,,,,,,,,,,,,,1,1,,
Marvel Comics,Wolverine (Vol. 2) (1988 - 2003),2,Wolverine #101,Wolverine,101,3/27/1996,15,15,,1,0,0,1,1,,Print,,,,,,,,,,,,,1,1,,
Marvel Comics,Wolverine (Vol. 2) (1988 - 2003),2,Wolverine #102,Wolverine,102,4/24/1996,15,15,,1,0,0,1,1,,Print,,,,,,,,,,,,,1,1,,
Marvel Comics,Wolverine (Vol. 2) (1988 - 2003),2,Wolverine #103,Wolverine,103,5/30/1996,6,6,Onslaught,1,0,0,0,1,,Print,,,,,,,,,,,,,1,1,,
Marvel Comics,Wolverine (Vol. 2) (1988 - 2003),2,Wolverine #102.5,Wolverine,102,6/14/1996,,,,0,1,0,0,0,,Print,,,,,,,,,,,,,1,0,,
Marvel Comics,Wolverine (Vol. 2) (1988 - 2003),2,Wolverine #104,Wolverine,104,6/26/1996,6,6,Onslaught,1,0,0,0,1,,Print,,,,,,,,,,,,,1,1,,
Marvel Comics,Wolverine (Vol. 2) (1988 - 2003),2,Wolverine #105,Wolverine,105,7/24/1996,6,6,Onslaught,1,0,0,0,1,,Print,,,,,,,,,,,,,1,1,,
Marvel Comics,Wolverine (Vol. 2) (1988 - 2003),2,Wolverine Annual '96,Wolverine Annual '96,1,8/28/1996,15,15,,1,0,0,1,1,,Print,,,,,,,,,,,,,1,1,,
Marvel Comics,Wolverine (Vol. 2) (1988 - 2003),2,Wolverine #106,Wolverine,106,8/28/1996,15,15,,1,0,0,1,1,,Print,,,,,,,,,,,,,1,1,,
Marvel Comics,Wolverine (Vol. 2) (1988 - 2003),2,Wolverine #107,Wolverine,107,9/25/1996,15,15,,1,0,0,1,1,,Print,,,,,,,,,,,,,1,1,,
Marvel Comics,Wolverine (Vol. 2) (1988 - 2003),2,Wolverine #108,Wolverine,108,10/23/1996,15,15,,1,0,0,1,1,,Print,,,,,,,,,,,,,1,1,,
Marvel Comics,Wolverine (Vol. 2) (1988 - 2003),2,Wolverine #109,Wolverine,109,11/27/1996,15,15,,1,0,0,1,1,,Print,,,,,,,,,,,,,1,1,,
Marvel Comics,Wolverine / Gambit: Victims (1995),1,Wolverine / Gambit: Victims #1,Wolverine / Gambit: Victims,1,7/11/1995,9,9,,1,0,0,1,1,,Print,,,,,,,,,,,,,1,1,,
Marvel Comics,Wolverine / Gambit: Victims (1995),1,Wolverine / Gambit: Victims #2,Wolverine / Gambit: Victims,2,8/8/1995,9,9,,1,0,0,1,1,,Print,,,,,,,,,,,,,1,1,,
Marvel Comics,Wolverine / Gambit: Victims (1995),1,Wolverine / Gambit: Victims #3,Wolverine / Gambit: Victims,3,9/5/1995,9,9,,1,0,0,1,1,,Print,,,,,,,,,,,,,1,1,,
Marvel Comics,Wolverine / Gambit: Victims (1995),1,Wolverine / Gambit: Victims #4,Wolverine / Gambit: Victims,4,10/3/1995,9,9,,1,0,0,1,1,,Print,,,,,,,,,,,,,1,1,,
Marvel Comics,Wonder Man (Vol. 2) (1991 - 1994),2,Wonder Man #7,Wonder Man,7,1/14/1992,,9,Operation Galactic Storm,0,1,0,0,0,,Print,,,,,,,,,,,,,1,0,,
Marvel Comics,Wonder Man (Vol. 2) (1991 - 1994),2,Wonder Man #8,Wonder Man,8,2/11/1992,,9,Operation Galactic Storm,0,1,0,0,0,,Print,,,,,,,,,,,,,1,0,,
Marvel Comics,Wonder Man (Vol. 2) (1991 - 1994),2,Wonder Man #9,Wonder Man,9,3/10/1992,,9,Operation Galactic Storm,0,1,0,0,0,,Print,,,,,,,,,,,,,1,0,,
Marvel Comics,Wonder Man (Vol. 2) (1991 - 1994),2,Wonder Man #13,Wonder Man,13,7/14/1992,,2,The Infinity War,0,1,0,0,0,,Print,,,,,,,,,,,,,1,0,,
Marvel Comics,Wonder Man (Vol. 2) (1991 - 1994),2,Wonder Man #14,Wonder Man,14,8/11/1992,,2,The Infinity War,0,1,0,0,0,,Print,,,,,,,,,,,,,1,0,,
Marvel Comics,Wonder Man (Vol. 2) (1991 - 1994),2,Wonder Man #15,Wonder Man,15,9/8/1992,,2,The Infinity War,0,1,0,0,0,,Print,,,,,,,,,,,,,1,0,,
Marvel Comics,X-Calibre (1995),1,X-Calibre #1,X-Calibre,1,1/17/1995,6,6,Age of Apocalypse,1,0,0,1,1,,Print,,,,,,,,,,,,,1,1,,
Marvel Comics,X-Calibre (1995),1,X-Calibre #2,X-Calibre,2,2/21/1995,6,6,Age of Apocalypse,1,0,0,1,1,,Print,,,,,,,,,,,,,1,1,,
Marvel Comics,X-Calibre (1995),1,X-Calibre #3,X-Calibre,3,3/21/1995,6,6,Age of Apocalypse,1,0,0,1,1,,Print,,,,,,,,,,,,,1,1,,
Marvel Comics,X-Calibre (1995),1,X-Calibre #4,X-Calibre,4,4/18/1995,6,6,Age of Apocalypse,1,0,0,1,1,,Print,,,,,,,,,,,,,1,1,,
Marvel Comics,X-Factor (Vol. 1) (1985 - 1998),1,X-Factor #1,X-Factor,1,11/12/1985,7,7,,1,0,0,1,1,,Print,,,,,,,,,,,,,1,1,,
Marvel Comics,X-Factor (Vol. 1) (1985 - 1998),1,X-Factor #2,X-Factor,2,12/17/1985,7,7,,1,0,0,1,1,,Print,,,,,,,,,,,,,1,1,,
Marvel Comics,X-Factor (Vol. 1) (1985 - 1998),1,X-Factor #3,X-Factor,3,1/14/1986,7,7,,1,0,0,1,1,,Print,,,,,,,,,,,,,1,1,,
Marvel Comics,X-Factor (Vol. 1) (1985 - 1998),1,X-Factor #4,X-Factor,4,2/18/1986,7,7,,1,0,0,1,1,,Print,,,,,,,,,,,,,1,1,,
Marvel Comics,X-Factor (Vol. 1) (1985 - 1998),1,X-Factor #5,X-Factor,5,3/18/1986,,,,0,1,0,0,0,,Print,,,,,,,,,,,,,1,0,,
Marvel Comics,X-Factor (Vol. 1) (1985 - 1998),1,X-Factor #6,X-Factor,6,4/15/1986,,,,0,1,0,0,0,,Print,,,,,,,,,,,,,1,0,,
Marvel Comics,X-Factor (Vol. 1) (1985 - 1998),1,X-Factor #7,X-Factor,7,5/13/1986,7,7,,1,0,0,1,1,,Print,,,,,,,,,,,,,1,1,,
Marvel Comics,X-Factor (Vol. 1) (1985 - 1998),1,X-Factor #8,X-Factor,8,6/17/1986,7,7,,1,0,0,1,1,,Print,,,,,,,,,,,,,1,1,,
Marvel Comics,X-Factor (Vol. 1) (1985 - 1998),1,X-Factor Annual #1,X-Factor Annual,1,7/1/1986,,,,0,1,0,0,0,,Print,,,,,,,,,,,,,1,0,,
Marvel Comics,X-Factor (Vol. 1) (1985 - 1998),1,X-Factor #9,X-Factor,9,7/15/1986,10,10,Mutant Massacre,1,0,0,0,2,,Print,,,,,,,,,,,,,1,2,,
Marvel Comics,X-Factor (Vol. 1) (1985 - 1998),1,X-Factor #10,X-Factor,10,8/12/1986,10,10,Mutant Massacre,1,0,0,0,2,,Print,,,,,,,,,,,,,1,2,,
Marvel Comics,X-Factor (Vol. 1) (1985 - 1998),1,X-Factor #11,X-Factor,11,9/16/1986,10,10,Mutant Massacre,1,0,0,0,1,,Print,,,,,,,,,,,,,1,1,,
Marvel Comics,X-Factor (Vol. 1) (1985 - 1998),1,X-Factor #12,X-Factor,12,10/14/1986,,,,0,1,0,0,0,,Print,,,,,,,,,,,,,1,0,,
Marvel Comics,X-Factor (Vol. 1) (1985 - 1998),1,X-Factor #13,X-Factor,13,11/18/1986,,,,0,1,0,0,0,,Print,,,,,,,,,,,,,1,0,,
Marvel Comics,X-Factor (Vol. 1) (1985 - 1998),1,X-Factor #14,X-Factor,14,12/16/1986,,,,0,1,0,0,0,,Print,,,,,,,,,,,,,1,0,,
Marvel Comics,X-Factor (Vol. 1) (1985 - 1998),1,X-Factor #15,X-Factor,15,1/13/1987,7,7,,1,0,0,1,1,,Print,,,,,,,,,,,,,1,1,,
Marvel Comics,X-Factor (Vol. 1) (1985 - 1998),1,X-Factor #16,X-Factor,16,2/17/1987,,,,0,1,0,0,0,,Print,,,,,,,,,,,,,1,0,,
Marvel Comics,X-Factor (Vol. 1) (1985 - 1998),1,X-Factor #17,X-Factor,17,3/17/1987,,,,0,1,0,0,0,,Print,,,,,,,,,,,,,1,0,,
Marvel Comics,X-Factor (Vol. 1) (1985 - 1998),1,X-Factor #18,X-Factor,18,4/14/1987,,,,0,1,0,0,0,,Print,,,,,,,,,,,,,1,0,,
Marvel Comics,X-Factor (Vol. 1) (1985 - 1998),1,X-Factor #19,X-Factor,19,5/19/1987,,,,0,1,0,0,0,,Print,,,,,,,,,,,,,1,0,,
Marvel Comics,X-Factor (Vol. 1) (1985 - 1998),1,X-Factor #20,X-Factor,20,6/16/1987,7,7,,1,0,0,1,1,,Print,,,,,,,,,,,,,1,1,,
Marvel Comics,X-Factor (Vol. 1) (1985 - 1998),1,X-Factor Annual #2,X-Factor Annual,2,6/30/1987,,,,0,1,0,0,0,,Print,,,,,,,,,,,,,1,0,,
Marvel Comics,X-Factor (Vol. 1) (1985 - 1998),1,X-Factor #21,X-Factor,21,7/14/1987,7,7,,1,0,0,1,1,,Print,,,,,,,,,,,,,1,1,,
Marvel Comics,X-Factor (Vol. 1) (1985 - 1998),1,X-Factor #22,X-Factor,22,8/11/1987,7,7,,1,0,0,1,1,,Print,,,,,,,,,,,,,1,1,,
Marvel Comics,X-Factor (Vol. 1) (1985 - 1998),1,X-Factor #23,X-Factor,23,9/15/1987,7,7,,1,0,0,1,2,,Print,,,,,,,,,,,,,1,2,,
Marvel Comics,X-Factor (Vol. 1) (1985 - 1998),1,X-Factor #24,X-Factor,24,9/22/1987,10,10,Fall of the Mutants,1,0,0,0,1,,Print,,,,,,,,,,,,,1,1,,
Marvel Comics,X-Factor (Vol. 1) (1985 - 1998),1,X-Factor #25,X-Factor,25,10/27/1987,10,10,Fall of the Mutants,1,0,0,0,1,,Print,,,,,,,,,,,,,1,1,,
Marvel Comics,X-Factor (Vol. 1) (1985 - 1998),1,X-Factor #26,X-Factor,26,11/24/1987,10,10,Fall of the Mutants,1,0,0,0,1,,Print,,,,,,,,,,,,,1,1,,
Marvel Comics,X-Factor (Vol. 1) (1985 - 1998),1,X-Factor #27,X-Factor,27,12/22/1987,7,7,,1,0,0,1,1,,Print,,,,,,,,,,,,,1,1,,
Marvel Comics,X-Factor (Vol. 1) (1985 - 1998),1,X-Factor #28,X-Factor,28,1/26/1988,,,,0,1,0,0,0,,Print,,,,,,,,,,,,,1,0,,
Marvel Comics,X-Factor (Vol. 1) (1985 - 1998),1,X-Factor #29,X-Factor,29,2/25/1988,,,,0,1,0,0,0,,Print,,,,,,,,,,,,,1,0,,
Marvel Comics,X-Factor (Vol. 1) (1985 - 1998),1,X-Factor #30,X-Factor,30,3/29/1988,7,7,,1,0,0,1,1,,Print,,,,,,,,,,,,,1,1,,
Marvel Comics,X-Factor (Vol. 1) (1985 - 1998),1,X-Factor Annual #3,X-Factor Annual,3,4/12/1988,,17,Evolutionary War,1,0,0,0,1,,Print,,,,,,,,,,,,,2,2,,
Marvel Comics,X-Factor (Vol. 1) (1985 - 1998),1,X-Factor #31,X-Factor,31,4/26/1988,7,7,,1,0,0,1,1,,Print,,,,,,,,,,,,,1,1,,
Marvel Comics,X-Factor (Vol. 1) (1985 - 1998),1,X-Factor #32,X-Factor,32,5/31/1988,,,,0,1,0,0,0,,Print,,,,,,,,,,,,,1,0,,
Marvel Comics,X-Factor (Vol. 1) (1985 - 1998),1,X-Factor #33,X-Factor,33,6/28/1988,7,7,,1,0,0,1,1,,Print,,,,,,,,,,,,,1,1,,
Marvel Comics,X-Factor (Vol. 1) (1985 - 1998),1,X-Factor #34,X-Factor,34,7/26/1988,7,7,,1,0,0,1,1,,Print,,,,,,,,,,,,,1,1,,
Marvel Comics,X-Factor (Vol. 1) (1985 - 1998),1,X-Factor #35,X-Factor,35,8/30/1988,10,10,Inferno,1,0,0,0,1,,Print,,,,,,,,,,,,,1,1,,
Marvel Comics,X-Factor (Vol. 1) (1985 - 1998),1,X-Factor #36,X-Factor,36,9/27/1988,10,10,Inferno,1,0,0,0,1,,Print,,,,,,,,,,,,,1,1,,
Marvel Comics,X-Factor (Vol. 1) (1985 - 1998),1,X-Factor #37,X-Factor,37,10/25/1988,10,10,Inferno,1,0,0,0,1,,Print,,,,,,,,,,,,,1,1,,
Marvel Comics,X-Factor (Vol. 1) (1985 - 1998),1,X-Factor #38,X-Factor,38,11/22/1988,10,10,Inferno,1,0,0,0,1,,Print,,,,,,,,,,,,,1,1,,
Marvel Comics,X-Factor (Vol. 1) (1985 - 1998),1,X-Factor #39,X-Factor,39,12/27/1988,10,10,Inferno,1,0,0,0,1,,Print,,,,,,,,,,,,,1,1,,
Marvel Comics,X-Factor (Vol. 1) (1985 - 1998),1,X-Factor #40,X-Factor,40,1/24/1989,7,7,,1,0,0,1,1,,Print,,,,,,,,,,,,,1,1,,
Marvel Comics,X-Factor (Vol. 1) (1985 - 1998),1,X-Factor #41,X-Factor,41,2/28/1989,7,7,,1,0,0,1,1,,Print,,,,,,,,,,,,,1,1,,
Marvel Comics,X-Factor (Vol. 1) (1985 - 1998),1,X-Factor #42,X-Factor,42,3/28/1989,7,7,,1,0,0,1,1,,Print,,,,,,,,,,,,,1,1,,
Marvel Comics,X-Factor (Vol. 1) (1985 - 1998),1,X-Factor #43,X-Factor,43,4/25/1989,7,7,Judgement War,1,0,0,0,1,,Print,,,,,,,,,,,,,1,1,,
Marvel Comics,X-Factor (Vol. 1) (1985 - 1998),1,X-Factor #44,X-Factor,44,5/23/1989,7,7,Judgement War,1,0,0,0,1,,Print,,,,,,,,,,,,,1,1,,
Marvel Comics,X-Factor (Vol. 1) (1985 - 1998),1,X-Factor Annual #4,X-Factor Annual,4,6/20/1989,10,10,Atlantis Attacks,1,0,0,0,1,,Print,,,,,,,,,,,,,2,2,,
Marvel Comics,X-Factor (Vol. 1) (1985 - 1998),1,X-Factor #45,X-Factor,45,6/27/1989,7,7,Judgement War,1,0,0,0,1,,Print,,,,,,,,,,,,,1,1,,
Marvel Comics,X-Factor (Vol. 1) (1985 - 1998),1,X-Factor #46,X-Factor,46,7/25/1989,7,7,Judgement War,1,0,0,0,1,,Print,,,,,,,,,,,,,1,1,,
Marvel Comics,X-Factor (Vol. 1) (1985 - 1998),1,X-Factor #47,X-Factor,47,8/22/1989,7,7,Judgement War,1,0,0,0,1,,Print,,,,,,,,,,,,,1,1,,
Marvel Comics,X-Factor (Vol. 1) (1985 - 1998),1,X-Factor #48,X-Factor,48,9/26/1989,7,7,Judgement War,1,0,0,0,1,,Print,,,,,,,,,,,,,1,1,,
Marvel Comics,X-Factor (Vol. 1) (1985 - 1998),1,X-Factor #49,X-Factor,49,10/24/1989,7,7,Judgement War,1,0,0,0,1,,Print,,,,,,,,,,,,,1,1,,
Marvel Comics,X-Factor (Vol. 1) (1985 - 1998),1,X-Factor #50,X-Factor,50,11/28/1989,14,14,Acts of Vengeance,1,0,0,0,1,,Print,,,,,,,,,,,,,1,1,,
Marvel Comics,X-Factor (Vol. 1) (1985 - 1998),1,X-Factor #51,X-Factor,51,1/26/1990,7,7,,1,0,0,1,1,,Print,,,,,,,,,,,,,1,1,,
Marvel Comics,X-Factor (Vol. 1) (1985 - 1998),1,X-Factor #52,X-Factor,52,2/23/1990,,,,0,1,0,0,0,,Print,,,,,,,,,,,,,1,0,,
Marvel Comics,X-Factor (Vol. 1) (1985 - 1998),1,X-Factor #53,X-Factor,53,2/27/1990,,,,0,1,0,0,0,,Print,,,,,,,,,,,,,1,0,,
Marvel Comics,X-Factor (Vol. 1) (1985 - 1998),1,X-Factor #54,X-Factor,54,3/27/1990,,,,0,1,0,0,0,,Print,,,,,,,,,,,,,1,0,,
Marvel Comics,X-Factor (Vol. 1) (1985 - 1998),1,X-Factor #55,X-Factor,55,4/24/1990,7,7,,1,0,0,1,1,,Print,,,,,,,,,,,,,1,1,,
Marvel Comics,X-Factor (Vol. 1) (1985 - 1998),1,X-Factor Annual #5,X-Factor Annual,5,5/15/1990,14,14,Days of Future Present,1,0,0,0,1,,Print,,,,,,,,,,,,,2,2,,
Marvel Comics,X-Factor (Vol. 1) (1985 - 1998),1,X-Factor #56,X-Factor,56,5/22/1990,,,,0,1,0,0,0,,Print,,,,,,,,,,,,,1,0,,
Marvel Comics,X-Factor (Vol. 1) (1985 - 1998),1,X-Factor #57,X-Factor,57,6/26/1990,7,7,,1,0,0,1,1,,Print,,,,,,,,,,,,,1,1,,
Marvel Comics,X-Factor (Vol. 1) (1985 - 1998),1,X-Factor #58,X-Factor,58,7/24/1990,7,7,,1,0,0,1,1,,Print,,,,,,,,,,,,,1,1,,
Marvel Comics,X-Factor (Vol. 1) (1985 - 1998),1,X-Factor #59,X-Factor,59,8/28/1990,7,7,,1,0,0,1,1,,Print,,,,,,,,,,,,,1,1,,
Marvel Comics,X-Factor (Vol. 1) (1985 - 1998),1,X-Factor #60,X-Factor,60,9/25/1990,14,14,X-Tinction Agenda,1,0,0,0,1,,Print,,,,,,,,,,,,,1,1,,
Marvel Comics,X-Factor (Vol. 1) (1985 - 1998),1,X-Factor #61,X-Factor,61,10/23/1990,14,14,X-Tinction Agenda,1,0,0,0,2,,Print,,,,,,,,,,,,,1,2,,
Marvel Comics,X-Factor (Vol. 1) (1985 - 1998),1,X-Factor #62,X-Factor,62,11/27/1990,,14,X-Tinction Agenda,0,1,0,0,0,,Print,,,,,,,,,,,,,1,0,,
Marvel Comics,X-Factor (Vol. 1) (1985 - 1998),1,X-Factor #63,X-Factor,63,12/25/1990,7,7,,1,0,0,1,1,,Print,,,,,,,,,,,,,1,1,,
Marvel Comics,X-Factor (Vol. 1) (1985 - 1998),1,X-Factor #64,X-Factor,64,1/22/1991,7,7,,1,0,0,1,1,,Print,,,,,,,,,,,,,1,1,,
Marvel Comics,X-Factor (Vol. 1) (1985 - 1998),1,X-Factor #65,X-Factor,65,2/26/1991,7,7,,1,0,0,1,1,,Print,,,,,,,,,,,,,1,1,,
Marvel Comics,X-Factor (Vol. 1) (1985 - 1998),1,X-Factor #66,X-Factor,66,3/26/1991,7,7,,1,0,0,1,1,,Print,,,,,,,,,,,,,1,1,,
Marvel Comics,X-Factor (Vol. 1) (1985 - 1998),1,X-Factor #67,X-Factor,67,4/23/1991,7,7,,1,0,0,1,1,,Print,,,,,,,,,,,,,1,1,,
Marvel Comics,X-Factor (Vol. 1) (1985 - 1998),1,X-Factor #68,X-Factor,68,5/28/1991,7,7,,1,0,0,1,1,,Print,,,,,,,,,,,,,1,1,,
Marvel Comics,X-Factor (Vol. 1) (1985 - 1998),1,X-Factor Annual #6,X-Factor Annual,6,6/11/1991,7,7,Kings of Pain,1,0,0,0,1,,Print,,,,,,,,,,,,,2,2,,
Marvel Comics,X-Factor (Vol. 1) (1985 - 1998),1,X-Factor #69,X-Factor,69,6/25/1991,8,8,The Muir Island Saga,1,0,0,0,1,,Print,,,,,,,,,,,,,1,1,,
Marvel Comics,X-Factor (Vol. 1) (1985 - 1998),1,X-Factor #70,X-Factor,70,7/23/1991,8,8,The Muir Island Saga,1,0,0,0,1,,Print,,,,,,,,,,,,,1,1,,
Marvel Comics,X-Factor (Vol. 1) (1985 - 1998),1,X-Factor #71,X-Factor,71,8/20/1991,7,7,,1,0,0,1,1,,Print,,,,,,,,,,,,,1,1,,
Marvel Comics,X-Factor (Vol. 1) (1985 - 1998),1,X-Factor #72,X-Factor,72,9/17/1991,7,7,,1,0,0,1,1,,Print,,,,,,,,,,,,,1,1,,
Marvel Comics,X-Factor (Vol. 1) (1985 - 1998),1,X-Factor #73,X-Factor,73,10/15/1991,7,7,,1,0,0,1,1,,Print,,,,,,,,,,,,,1,1,,
Marvel Comics,X-Factor (Vol. 1) (1985 - 1998),1,X-Factor #74,X-Factor,74,11/19/1991,,,,0,1,0,0,0,,Print,,,,,,,,,,,,,1,0,,
Marvel Comics,X-Factor (Vol. 1) (1985 - 1998),1,X-Factor #75,X-Factor,75,12/17/1991,7,7,,1,0,0,1,1,,Print,,,,,,,,,,,,,1,1,,
Marvel Comics,X-Factor (Vol. 1) (1985 - 1998),1,X-Factor #76,X-Factor,76,1/21/1992,7,7,,1,0,0,1,1,,Print,,,,,,,,,,,,,1,1,,
Marvel Comics,X-Factor (Vol. 1) (1985 - 1998),1,X-Factor #77,X-Factor,77,2/18/1992,7,7,,1,0,0,1,1,,Print,,,,,,,,,,,,,1,1,,
Marvel Comics,X-Factor (Vol. 1) (1985 - 1998),1,X-Factor Annual #7,X-Factor Annual,7,3/17/1992,4,4,Shattershot,1,0,0,0,1,,Print,,,,,,,,,,,,,2,2,,
Marvel Comics,X-Factor (Vol. 1) (1985 - 1998),1,X-Factor #78,X-Factor,78,3/17/1992,7,7,,1,0,0,1,1,,Print,,,,,,,,,,,,,1,1,,
Marvel Comics,X-Factor (Vol. 1) (1985 - 1998),1,X-Factor #79,X-Factor,79,4/21/1992,7,7,,1,0,0,1,1,,Print,,,,,,,,,,,,,1,1,,
Marvel Comics,X-Factor (Vol. 1) (1985 - 1998),1,X-Factor #80,X-Factor,80,5/19/1992,7,7,,1,0,0,1,1,,Print,,,,,,,,,,,,,1,1,,
Marvel Comics,X-Factor (Vol. 1) (1985 - 1998),1,X-Factor #81,X-Factor,81,6/16/1992,7,7,,1,0,0,1,1,,Print,,,,,,,,,,,,,1,1,,
Marvel Comics,X-Factor (Vol. 1) (1985 - 1998),1,X-Factor #82,X-Factor,82,7/21/1992,,,,0,1,0,0,0,,Print,,,,,,,,,,,,,1,0,,
Marvel Comics,X-Factor (Vol. 1) (1985 - 1998),1,X-Factor #83,X-Factor,83,8/18/1992,7,7,,1,0,0,1,1,,Print,,,,,,,,,,,,,1,1,,
Marvel Comics,X-Factor (Vol. 1) (1985 - 1998),1,X-Factor #84,X-Factor,84,9/15/1992,14,14,X-Cutioner's Song,1,0,0,0,1,,Print,,,,,,,,,,,,,1,1,,
Marvel Comics,X-Factor (Vol. 1) (1985 - 1998),1,X-Factor #85,X-Factor,85,10/20/1992,14,14,X-Cutioner's Song,1,0,0,0,1,,Print,,,,,,,,,,,,,1,1,,
Marvel Comics,X-Factor (Vol. 1) (1985 - 1998),1,X-Factor #86,X-Factor,86,11/17/1992,14,14,X-Cutioner's Song,1,0,0,0,1,,Print,,,,,,,,,,,,,1,1,,
Marvel Comics,X-Factor (Vol. 1) (1985 - 1998),1,X-Factor #87,X-Factor,87,12/15/1992,7,7,,1,0,0,1,1,,Print,,,,,,,,,,,,,1,1,,
Marvel Comics,X-Factor (Vol. 1) (1985 - 1998),1,X-Factor #88,X-Factor,88,1/19/1993,7,7,,1,0,0,1,1,,Print,,,,,,,,,,,,,1,1,,
Marvel Comics,X-Factor (Vol. 1) (1985 - 1998),1,X-Factor #89,X-Factor,89,2/16/1993,7,7,,1,0,0,1,1,,Print,,,,,,,,,,,,,1,1,,
Marvel Comics,X-Factor (Vol. 1) (1985 - 1998),1,X-Factor #90,X-Factor,90,3/16/1993,7,7,,1,0,0,1,1,,Print,,,,,,,,,,,,,1,1,,
Marvel Comics,X-Factor (Vol. 1) (1985 - 1998),1,X-Factor Annual #8,X-Factor Annual,8,3/23/1993,,,,0,1,0,0,0,,Print,,,,,,,,,,,,,1,0,,
Marvel Comics,X-Factor (Vol. 1) (1985 - 1998),1,X-Factor #91,X-Factor,91,4/13/1993,,,,0,1,0,0,0,,Print,,,,,,,,,,,,,1,0,,
Marvel Comics,X-Factor (Vol. 1) (1985 - 1998),1,X-Factor #92,X-Factor,92,5/11/1993,1,1,Fatal Attractions,1,0,0,0,1,,Print,,,,,,,,,,,,,1,1,,
Marvel Comics,X-Factor (Vol. 1) (1985 - 1998),1,X-Factor #93,X-Factor,93,6/8/1993,7,7,The Longest Day,1,0,0,0,1,,Print,,,,,,,,,,,,,1,1,,
Marvel Comics,X-Factor (Vol. 1) (1985 - 1998),1,X-Factor #94,X-Factor,94,7/13/1993,7,7,The Longest Day,1,0,0,0,1,,Print,,,,,,,,,,,,,1,1,,
Marvel Comics,X-Factor (Vol. 1) (1985 - 1998),1,X-Factor #95,X-Factor,95,8/10/1993,7,7,,1,0,0,1,1,,Print,,,,,,,,,,,,,1,1,,
Marvel Comics,X-Factor (Vol. 1) (1985 - 1998),1,X-Factor #96,X-Factor,96,9/14/1993,7,7,,1,0,0,1,1,,Print,,,,,,,,,,,,,1,1,,
Marvel Comics,X-Factor (Vol. 1) (1985 - 1998),1,X-Factor #97,X-Factor,97,10/12/1993,7,7,,1,0,0,1,1,,Print,,,,,,,,,,,,,1,1,,
Marvel Comics,X-Factor (Vol. 1) (1985 - 1998),1,X-Factor #98,X-Factor,98,11/9/1993,7,7,,1,0,0,1,1,,Print,,,,,,,,,,,,,1,1,,
Marvel Comics,X-Factor (Vol. 1) (1985 - 1998),1,X-Factor #99,X-Factor,99,12/14/1993,7,7,,1,0,0,1,1,,Print,,,,,,,,,,,,,1,1,,
Marvel Comics,X-Factor (Vol. 1) (1985 - 1998),1,X-Factor Annual #9,X-Factor Annual,9,1/1/1994,7,7,,1,0,0,1,2,,Print,,,,,,,,,,,,,1,2,,
Marvel Comics,X-Factor (Vol. 1) (1985 - 1998),1,X-Factor #100,X-Factor,100,1/11/1994,7,7,,1,0,0,1,1,,Print,,,,,,,,,,,,,1,1,,
Marvel Comics,X-Factor (Vol. 1) (1985 - 1998),1,X-Factor #101,X-Factor,101,2/22/1994,7,7,,1,0,0,1,1,,Print,,,,,,,,,,,,,1,1,,
Marvel Comics,X-Factor (Vol. 1) (1985 - 1998),1,X-Factor #102,X-Factor,102,3/8/1994,7,7,,1,0,0,1,1,,Print,,,,,,,,,,,,,1,1,,
Marvel Comics,X-Factor (Vol. 1) (1985 - 1998),1,X-Factor #103,X-Factor,103,4/12/1994,7,7,,1,0,0,1,1,,Print,,,,,,,,,,,,,1,1,,
Marvel Comics,X-Factor (Vol. 1) (1985 - 1998),1,X-Factor #104,X-Factor,104,5/10/1994,7,7,,1,0,0,1,1,,Print,,,,,,,,,,,,,1,1,,
Marvel Comics,X-Factor (Vol. 1) (1985 - 1998),1,X-Factor #105,X-Factor,105,6/14/1994,7,7,,1,0,0,1,1,,Print,,,,,,,,,,,,,1,1,,
Marvel Comics,X-Factor (Vol. 1) (1985 - 1998),1,X-Factor #106,X-Factor,106,7/12/1994,1,1,Phalanx Covenant,1,0,0,0,1,,Print,,,,,,,,,,,,,1,1,,
Marvel Comics,X-Factor (Vol. 1) (1985 - 1998),1,X-Factor #107,X-Factor,107,8/9/1994,7,7,,1,0,0,1,1,,Print,,,,,,,,,,,,,1,1,,
Marvel Comics,X-Factor (Vol. 1) (1985 - 1998),1,X-Factor #108,X-Factor,108,9/13/1994,4,4,Legion Quest,1,0,0,0,1,,Print,,,,,,,,,,,,,1,1,,
Marvel Comics,X-Factor (Vol. 1) (1985 - 1998),1,X-Factor #109,X-Factor,109,10/11/1994,4,4,Legion Quest,1,0,0,0,1,,Print,,,,,,,,,,,,,1,1,,
Marvel Comics,X-Factor (Vol. 1) (1985 - 1998),1,X-Factor #110,X-Factor,110,11/8/1994,7,7,,1,0,0,1,1,,Print,,,,,,,,,,,,,1,1,,
Marvel Comics,X-Factor (Vol. 1) (1985 - 1998),1,X-Factor #111,X-Factor,111,12/13/1994,6,6,Age of Apocalypse,1,0,0,0,1,,Print,,,,,,,,,,,,,1,1,,
Marvel Comics,X-Factor (Vol. 1) (1985 - 1998),1,X-Factor #112,X-Factor,112,5/16/1995,7,7,,1,0,0,1,1,,Print,,,,,,,,,,,,,1,1,,
Marvel Comics,X-Factor (Vol. 1) (1985 - 1998),1,X-Factor #113,X-Factor,113,6/20/1995,7,7,,1,0,0,1,1,,Print,,,,,,,,,,,,,1,1,,
Marvel Comics,X-Factor (Vol. 1) (1985 - 1998),1,X-Factor #114,X-Factor,114,7/18/1995,7,7,,1,0,0,1,1,,Print,,,,,,,,,,,,,1,1,,
Marvel Comics,X-Factor (Vol. 1) (1985 - 1998),1,X-Factor #115,X-Factor,115,8/17/1995,7,7,,1,0,0,1,1,,Print,,,,,,,,,,,,,1,1,,
Marvel Comics,X-Factor (Vol. 1) (1985 - 1998),1,X-Factor #116,X-Factor,116,9/26/1995,7,7,,1,0,0,1,2,,Print,,,,,,,,,,,,,1,2,,
Marvel Comics,X-Factor (Vol. 1) (1985 - 1998),1,X-Factor #117,X-Factor,117,10/19/1995,7,7,,1,0,0,1,1,,Print,,,,,,,,,,,,,1,1,,
Marvel Comics,X-Factor (Vol. 1) (1985 - 1998),1,X-Factor #118,X-Factor,118,11/16/1995,7,7,,1,0,0,1,1,,Print,,,,,,,,,,,,,1,1,,
Marvel Comics,X-Factor (Vol. 1) (1985 - 1998),1,X-Factor #119,X-Factor,119,12/14/1995,7,7,,1,0,0,1,1,,Print,,,,,,,,,,,,,1,1,,
Marvel Comics,X-Factor (Vol. 1) (1985 - 1998),1,X-Factor #120,X-Factor,120,1/11/1996,7,7,,1,0,0,1,1,,Print,,,,,,,,,,,,,1,1,,
Marvel Comics,X-Factor (Vol. 1) (1985 - 1998),1,X-Factor #121,X-Factor,121,2/15/1996,7,7,,1,0,0,1,1,,Print,,,,,,,,,,,,,1,1,,
Marvel Comics,X-Factor (Vol. 1) (1985 - 1998),1,X-Factor #122,X-Factor,122,3/14/1996,7,7,,1,0,0,1,1,,Print,,,,,,,,,,,,,1,1,,
Marvel Comics,X-Factor (Vol. 1) (1985 - 1998),1,X-Factor #123,X-Factor,123,4/10/1996,,,,0,1,0,0,0,,Print,,,,,,,,,,,,,1,0,,
Marvel Comics,X-Factor (Vol. 1) (1985 - 1998),1,X-Factor #124,X-Factor,124,5/15/1996,6,6,Onslaught,1,0,0,0,1,,Print,,,,,,,,,,,,,1,1,,
Marvel Comics,X-Factor (Vol. 1) (1985 - 1998),1,X-Factor #125,X-Factor,125,6/12/1996,6,6,Onslaught,1,0,0,0,1,,Print,,,,,,,,,,,,,1,1,,
Marvel Comics,X-Factor (Vol. 1) (1985 - 1998),1,X-Factor #126,X-Factor,126,7/10/1996,6,6,Onslaught,1,0,0,0,1,,Print,,,,,,,,,,,,,1,1,,
Marvel Comics,X-Factor (Vol. 1) (1985 - 1998),1,X-Factor #127,X-Factor,127,8/14/1996,6,6,Onslaught,1,0,0,0,1,,Print,,,,,,,,,,,,,1,1,,
Marvel Comics,X-Factor (Vol. 1) (1985 - 1998),1,X-Factor #128,X-Factor,128,9/11/1996,7,7,,1,0,0,1,1,,Print,,,,,,,,,,,,,1,1,,
Marvel Comics,X-Factor (Vol. 1) (1985 - 1998),1,X-Factor #129,X-Factor,129,10/9/1996,7,7,,1,0,0,1,1,,Print,,,,,,,,,,,,,1,1,,
Marvel Comics,X-Factor (Vol. 1) (1985 - 1998),1,X-Factor #130,X-Factor,130,11/13/1996,7,7,,1,0,0,1,1,,Print,,,,,,,,,,,,,1,1,,
Marvel Comics,X-Factor (Vol. 1) (1985 - 1998),1,X-Factor #131,X-Factor,131,12/11/1996,7,7,,1,0,0,1,1,,Print,,,,,,,,,,,,,1,1,,
Marvel Comics,X-Factor (Vol. 1) (1985 - 1998),1,X-Factor #132,X-Factor,132,1/8/1997,,,,0,1,0,0,0,,Print,,,,,,,,,,,,,1,0,,
Marvel Comics,X-Factor (Vol. 1) (1985 - 1998),1,X-Factor #133,X-Factor,133,2/12/1997,,,,0,1,0,0,0,,Print,,,,,,,,,,,,,1,0,,
Marvel Comics,X-Factor (Vol. 1) (1985 - 1998),1,X-Factor #134,X-Factor,134,3/12/1997,,,,0,1,0,0,0,,Print,,,,,,,,,,,,,1,0,,
Marvel Comics,X-Factor (Vol. 1) (1985 - 1998),1,X-Factor #135,X-Factor,135,4/9/1997,,,,0,1,0,0,0,,Print,,,,,,,,,,,,,1,0,,
Marvel Comics,X-Factor (Vol. 1) (1985 - 1998),1,X-Factor #-1,X-Factor,1,5/14/1997,,,,0,1,0,0,0,,Print,,,,,,,,,,,,,1,0,,
Marvel Comics,X-Factor (Vol. 1) (1985 - 1998),1,X-Factor #136,X-Factor,136,6/11/1997,,,,0,1,0,0,0,,Print,,,,,,,,,,,,,1,0,,
Marvel Comics,X-Factor (Vol. 1) (1985 - 1998),1,X-Factor #137,X-Factor,137,7/9/1997,,,,0,1,0,0,0,,Print,,,,,,,,,,,,,1,0,,
Marvel Comics,X-Factor (Vol. 1) (1985 - 1998),1,X-Factor #138,X-Factor,138,8/13/1997,,,,0,1,0,0,0,,Print,,,,,,,,,,,,,1,0,,
Marvel Comics,X-Factor (Vol. 1) (1985 - 1998),1,X-Factor #139,X-Factor,139,9/17/1997,,,,0,1,0,0,0,,Print,,,,,,,,,,,,,1,0,,
Marvel Comics,X-Factor (Vol. 1) (1985 - 1998),1,X-Factor #140,X-Factor,140,10/8/1997,,,,0,1,0,0,0,,Print,,,,,,,,,,,,,1,0,,
Marvel Comics,X-Factor (Vol. 1) (1985 - 1998),1,X-Factor #141,X-Factor,141,11/19/1997,,,,0,1,0,0,0,,Print,,,,,,,,,,,,,1,0,,
Marvel Comics,X-Factor (Vol. 1) (1985 - 1998),1,X-Factor #142,X-Factor,142,12/10/1997,,,,0,1,0,0,0,,Print,,,,,,,,,,,,,1,0,,
Marvel Comics,X-Factor (Vol. 1) (1985 - 1998),1,X-Factor #143,X-Factor,143,1/14/1998,,,,0,1,0,0,0,,Print,,,,,,,,,,,,,1,0,,
Marvel Comics,X-Factor (Vol. 1) (1985 - 1998),1,X-Factor #144,X-Factor,144,2/25/1998,,,,0,1,0,0,0,,Print,,,,,,,,,,,,,1,0,,
Marvel Comics,X-Factor (Vol. 1) (1985 - 1998),1,X-Factor #145,X-Factor,145,3/11/1998,7,7,,1,0,0,1,1,,Print,,,,,,,,,,,,,1,1,,
Marvel Comics,X-Factor (Vol. 1) (1985 - 1998),1,X-Factor #146,X-Factor,146,4/8/1998,7,7,,1,0,0,1,1,,Print,,,,,,,,,,,,,1,1,,
Marvel Comics,X-Factor (Vol. 1) (1985 - 1998),1,X-Factor #147,X-Factor,147,5/13/1998,7,7,,1,0,0,1,1,,Print,,,,,,,,,,,,,1,1,,
Marvel Comics,X-Factor (Vol. 1) (1985 - 1998),1,X-Factor #148,X-Factor,148,6/10/1998,7,7,,1,0,0,1,1,,Print,,,,,,,,,,,,,1,1,,
Marvel Comics,X-Factor (Vol. 1) (1985 - 1998),1,X-Factor #149,X-Factor,149,7/8/1998,,,,0,1,0,0,0,,Print,,,,,,,,,,,,,1,0,,
Marvel Comics,X-Force (Vol. 1) (1991 - 2002),1,X-Force #2,X-Force,2,7/30/1991,6,6,,1,0,0,1,1,,Print,,,,,,,,,,,,,1,1,,
Marvel Comics,X-Force (Vol. 1) (1991 - 2002),1,X-Force Annual #1,X-Force Annual,1,5/1/1992,4,4,Shattershot,1,0,0,0,1,,Print,,,,,,,,,,,,,2,2,,
Marvel Comics,X-Force (Vol. 1) (1991 - 2002),1,X-Force #16,X-Force,16,9/22/1992,14,14,X-Cutioner's Song,1,0,0,0,1,,Print,,,,,,,,,,,,,1,1,,
Marvel Comics,X-Force (Vol. 1) (1991 - 2002),1,X-Force #17,X-Force,17,10/27/1992,14,14,X-Cutioner's Song,1,0,0,0,1,,Print,,,,,,,,,,,,,1,1,,
Marvel Comics,X-Force (Vol. 1) (1991 - 2002),1,X-Force #18,X-Force,18,11/24/1992,14,14,X-Cutioner's Song,1,0,0,0,1,,Print,,,,,,,,,,,,,1,1,,
Marvel Comics,X-Force (Vol. 1) (1991 - 2002),1,X-Force #25,X-Force,25,6/22/1993,1,1,Fatal Attractions,1,0,0,0,1,,Print,,,,,,,,,,,,,1,1,,
Marvel Comics,X-Force (Vol. 1) (1991 - 2002),1,X-Force #26,X-Force,26,7/27/1993,6,6,,1,0,0,1,1,,Primt,,,,,,,,,,,,,1,1,,
Marvel Comics,X-Force (Vol. 1) (1991 - 2002),1,X-Force #27,X-Force,27,8/24/1993,6,6,,1,0,0,1,1,,Print,,,,,,,,,,,,,1,1,,
Marvel Comics,X-Force (Vol. 1) (1991 - 2002),1,X-Force #30,X-Force,30,11/23/1993,6,6,,1,0,0,1,1,,Print,,,,,,,,,,,,,1,1,,
Marvel Comics,X-Force (Vol. 1) (1991 - 2002),1,X-Force #31,X-Force,31,12/28/1993,6,6,,1,0,0,1,1,,Print,,,,,,,,,,,,,1,1,,
Marvel Comics,X-Force (Vol. 1) (1991 - 2002),1,X-Force #32,X-Force,32,2/8/1994,6,6,Child's Play,1,0,0,0,1,,Print,,,,,,,,,,,,,1,1,,
Marvel Comics,X-Force (Vol. 1) (1991 - 2002),1,X-Force #33,X-Force,33,2/22/1994,6,6,Child's Play,1,0,0,0,1,,Print,,,,,,,,,,,,,1,1,,
Marvel Comics,X-Force (Vol. 1) (1991 - 2002),1,X-Force #34,X-Force,34,4/12/1994,6,6,,1,0,0,1,1,,Print,,,,,,,,,,,,,1,1,,
Marvel Comics,X-Force (Vol. 1) (1991 - 2002),1,X-Force #35,X-Force,35,4/26/1994,6,6,,1,0,0,1,1,,Print,,,,,,,,,,,,,1,1,,
Marvel Comics,X-Force (Vol. 1) (1991 - 2002),1,X-Force #36,X-Force,36,5/24/1994,6,6,,1,0,0,1,1,,Print,,,,,,,,,,,,,1,1,,
Marvel Comics,X-Force (Vol. 1) (1991 - 2002),1,X-Force #37,X-Force,37,6/28/1994,6,6,,1,0,0,1,1,,Print,,,,,,,,,,,,,1,1,,
Marvel Comics,X-Force (Vol. 1) (1991 - 2002),1,X-Force #38,X-Force,38,7/26/1994,1,1,Phalanx Covenant,1,0,0,0,1,,Print,,,,,,,,,,,,,1,1,,
Marvel Comics,X-Force (Vol. 1) (1991 - 2002),1,X-Force #39,X-Force,39,8/23/1994,6,6,,1,0,0,1,1,,Print,,,,,,,,,,,,,1,1,,
Marvel Comics,X-Force (Vol. 1) (1991 - 2002),1,X-Force Annual #3,X-Force Annual,3,9/20/1994,6,6,,1,0,0,0,1,,Print,,,,,,,,,,,,,1,1,,
Marvel Comics,X-Force (Vol. 1) (1991 - 2002),1,X-Force #40,X-Force,40,9/27/1994,6,6,,1,0,0,1,1,,Print,,,,,,,,,,,,,1,1,,
Marvel Comics,X-Force (Vol. 1) (1991 - 2002),1,X-Force #41,X-Force,41,10/25/1994,6,6,,1,0,0,1,1,,Print,,,,,,,,,,,,,1,1,,
Marvel Comics,X-Force (Vol. 1) (1991 - 2002),1,X-Force #42,X-Force,42,11/22/1994,6,6,,1,0,0,1,1,,Print,,,,,,,,,,,,,1,1,,
Marvel Comics,X-Force (Vol. 1) (1991 - 2002),1,X-Force #43,X-Force,43,12/27/1994,6,6,,1,0,0,1,1,,Print,,,,,,,,,,,,,1,1,,
Marvel Comics,X-Force (Vol. 1) (1991 - 2002),1,X-Force #44,X-Force,44,5/30/1995,6,6,,1,0,0,1,1,,Print,,,,,,,,,,,,,1,1,,
Marvel Comics,X-Force (Vol. 1) (1991 - 2002),1,X-Force #45,X-Force,45,7/4/1995,6,6,,1,0,0,1,1,,Print,,,,,,,,,,,,,1,1,,
Marvel Comics,X-Force (Vol. 1) (1991 - 2002),1,X-Force #46,X-Force,46,8/3/1995,6,6,,1,0,0,1,1,,Print,,,,,,,,,,,,,1,1,,
Marvel Comics,X-Force (Vol. 1) (1991 - 2002),1,X-Force #47,X-Force,47,8/31/1995,6,6,,1,0,0,1,1,,Print,,,,,,,,,,,,,1,1,,
Marvel Comics,X-Force (Vol. 1) (1991 - 2002),1,X-Force #48,X-Force,48,9/28/1995,6,6,,1,0,0,1,1,,Print,,,,,,,,,,,,,1,1,,
Marvel Comics,X-Force (Vol. 1) (1991 - 2002),1,X-Force #49,X-Force,49,10/16/1995,6,6,,1,0,0,1,1,,Print,,,,,,,,,,,,,1,1,,
Marvel Comics,X-Force (Vol. 1) (1991 - 2002),1,X-Force #50,X-Force,50,11/30/1995,6,6,,1,0,0,1,1,,Print,,,,,,,,,,,,,1,1,,
Marvel Comics,X-Force (Vol. 1) (1991 - 2002),1,X-Force #51,X-Force,51,12/28/1995,6,6,,1,0,0,1,1,,Print,,,,,,,,,,,,,1,1,,
Marvel Comics,X-Force (Vol. 1) (1991 - 2002),1,X-Force #52,X-Force,52,1/25/1996,6,6,,1,0,0,1,1,,Print,,,,,,,,,,,,,1,1,,
Marvel Comics,X-Force (Vol. 1) (1991 - 2002),1,X-Force #53,X-Force,53,2/22/1996,6,6,,1,0,0,1,1,,Print,,,,,,,,,,,,,1,1,,
Marvel Comics,X-Force (Vol. 1) (1991 - 2002),1,X-Force #54,X-Force,54,3/27/1996,6,6,,1,0,0,1,1,,Print,,,,,,,,,,,,,1,1,,
Marvel Comics,X-Force (Vol. 1) (1991 - 2002),1,X-Force #55,X-Force,55,4/24/1996,6,6,,1,0,0,1,1,,Print,,,,,,,,,,,,,1,1,,
Marvel Comics,X-Force (Vol. 1) (1991 - 2002),1,X-Force #56,X-Force,56,5/30/1996,6,6,,1,0,0,1,1,,Print,,,,,,,,,,,,,1,1,,
Marvel Comics,X-Force (Vol. 1) (1991 - 2002),1,X-Force #57,X-Force,57,6/26/1996,6,6,Onslaught,1,0,0,0,1,,Print,,,,,,,,,,,,,1,1,,
Marvel Comics,X-Force (Vol. 1) (1991 - 2002),1,X-Force #58,X-Force,58,7/24/1996,6,6,Onslaught,1,0,0,0,1,,Print,,,,,,,,,,,,,1,1,,
Marvel Comics,X-Force (Vol. 1) (1991 - 2002),1,X-Force #59,X-Force,59,8/28/1996,6,6,Shatterstar Saga,1,0,0,0,1,,Print,,,,,,,,,,,,,1,1,,
Marvel Comics,X-Force (Vol. 1) (1991 - 2002),1,X-Force #60,X-Force,60,9/25/1996,6,6,Shatterstar Saga,1,0,0,0,1,,Print,,,,,,,,,,,,,1,1,,
Marvel Comics,X-Force (Vol. 1) (1991 - 2002),1,X-Force #61,X-Force,61,10/23/1996,6,6,Shatterstar Saga,1,0,0,0,1,,Print,,,,,,,,,,,,,1,1,,
Marvel Comics,X-Force (Vol. 1) (1991 - 2002),1,X-Force #62,X-Force,62,11/27/1996,6,6,,1,0,0,1,1,,Print,,,,,,,,,,,,,1,1,,
Marvel Comics,X-Force and Cable (1995 - 1997),1,X-Force and Cable Annual '95,X-Force and Cable Annual '95,1,11/16/1995,6,6,,1,0,0,1,1,,Print,,,,,,,,,,,,,1,1,,
Marvel Comics,X-Force and Cable (1995 - 1997),1,X-Force and Cable Annual '96,X-Force and Cable Annual '96,1,8/14/1996,6,6,,1,0,0,1,2,,Print,,,,,,,,,,,,,1,2,,
Marvel Comics,X-Force and Cable (1995 - 1997),1,X-Force and Cable Annual '97,X-Force and Cable Annual '97,1,4/23/1997,,,,0,1,0,0,0,,Print,,,,,,,,,,,,,1,0,,
Marvel Comics,X-Man (1995 - 2001),1,X-Man #1,X-Man,1,1/3/1995,6,6,,1,0,0,1,1,,Print,,,,,,,,,,,,,1,1,,
Marvel Comics,X-Man (1995 - 2001),1,X-Man #2,X-Man,2,2/7/1995,6,6,,1,0,0,1,1,,Print,,,,,,,,,,,,,1,1,,
Marvel Comics,X-Man (1995 - 2001),1,X-Man #3,X-Man,3,3/7/1995,6,6,,1,0,0,1,1,,Print,,,,,,,,,,,,,1,1,,
Marvel Comics,X-Man (1995 - 2001),1,X-Man #4,X-Man,4,4/4/1995,6,6,,1,0,0,1,1,,Print,,,,,,,,,,,,,1,1,,
Marvel Comics,X-Man (1995 - 2001),1,X-Man #5,X-Man,5,5/16/1995,6,6,,1,0,0,1,1,,Print,,,,,,,,,,,,,1,1,,
Marvel Comics,X-Man (1995 - 2001),1,X-Man #6,X-Man,6,7/5/1995,6,6,,1,0,0,1,1,,Print,,,,,,,,,,,,,1,1,,
Marvel Comics,X-Man (1995 - 2001),1,X-Man #7,X-Man,7,7/26/1995,6,6,,1,0,0,1,1,,Print,,,,,,,,,,,,,1,1,,
Marvel Comics,X-Man (1995 - 2001),1,X-Man #8,X-Man,8,8/24/1995,6,6,,1,0,0,1,1,,Print,,,,,,,,,,,,,1,1,,
Marvel Comics,X-Man (1995 - 2001),1,X-Man #9,X-Man,9,9/20/1995,6,6,,1,0,0,1,1,,Print,,,,,,,,,,,,,1,1,,
Marvel Comics,X-Man (1995 - 2001),1,X-Man #10,X-Man,10,10/18/1995,6,6,,1,0,0,1,1,,Print,,,,,,,,,,,,,1,1,,
Marvel Comics,X-Man (1995 - 2001),1,X-Man #11,X-Man,11,11/22/1995,6,6,,1,0,0,1,1,,Print,,,,,,,,,,,,,1,1,,
Marvel Comics,X-Man (1995 - 2001),1,X-Man #12,X-Man,12,12/20/1995,6,6,,1,0,0,1,1,,Print,,,,,,,,,,,,,1,1,,
Marvel Comics,X-Man (1995 - 2001),1,X-Man #13,X-Man,13,1/17/1996,6,6,,1,0,0,1,1,,Print,,,,,,,,,,,,,1,1,,
Marvel Comics,X-Man (1995 - 2001),1,X-Man #14,X-Man,14,2/22/1996,6,6,,1,0,0,1,1,,Print,,,,,,,,,,,,,1,1,,
Marvel Comics,X-Man (1995 - 2001),1,X-Man #15,X-Man,15,3/20/1996,6,6,,1,0,0,1,1,,Print,,,,,,,,,,,,,1,1,,
Marvel Comics,X-Man (1995 - 2001),1,X-Man #16,X-Man,16,4/17/1996,6,6,,1,0,0,1,1,,Print,,,,,,,,,,,,,1,1,,
Marvel Comics,X-Man (1995 - 2001),1,X-Man #17,X-Man,17,5/22/1996,6,6,,1,0,0,1,1,,Print,,,,,,,,,,,,,1,1,,
Marvel Comics,X-Man (1995 - 2001),1,X-Man #18,X-Man,18,6/19/1996,6,6,Onslaught,1,0,0,0,1,,Print,,,,,,,,,,,,,1,1,,
Marvel Comics,X-Man (1995 - 2001),1,X-Man #19,X-Man,19,7/17/1996,6,6,Onslaught,1,0,0,0,1,,Print,,,,,,,,,,,,,1,1,,
Marvel Comics,X-Man (1995 - 2001),1,X-Man #20,X-Man,20,8/21/1996,6,6,,1,0,0,1,1,,Print,,,,,,,,,,,,,1,1,,
Marvel Comics,X-Man (1995 - 2001),1,X-Man #21,X-Man,21,9/18/1996,6,6,,1,0,0,1,1,,Print,,,,,,,,,,,,,1,1,,
Marvel Comics,X-Man (1995 - 2001),1,X-Man #22,X-Man,22,10/16/1996,6,6,,1,0,0,1,1,,Print,,,,,,,,,,,,,1,1,,
Marvel Comics,X-Man (1995 - 2001),1,X-Man #23,X-Man,23,11/20/1996,6,6,,1,0,0,1,1,,Print,,,,,,,,,,,,,1,1,,
Marvel Comics,X-Man (1995 - 2001),1,X-Man Annual '96,X-Man Annual '96,1,12/1/1996,6,6,Age of Apocalypse,1,0,0,0,1,,Print,,,,,,,,,,,,,1,1,,
Marvel Comics,X-Man (1995 - 2001),1,X-Man #-1,X-Man,1,5/21/1997,,6,Age of Apocalypse,0,1,0,0,0,,Print,,,,,,,,,,,,,1,0,,
Marvel Comics,X-Man (1995 - 2001),1,X-Man #53,X-Man,53,5/19/1999,,6,Age of Apocalypse,0,1,0,0,0,,Print,,,,,,,,,,,,,1,0,,
Marvel Comics,X-Man (1995 - 2001),1,X-Man #54,X-Man,54,6/16/1999,,6,Age of Apocalypse,0,1,0,0,0,,Print,,,,,,,,,,,,,1,0,,
Marvel Comics,X-Men (Vol. 2) (1991 - 2001),2,X-Men #1,X-Men,1,8/13/1991,13,13,,1,0,0,1,3,,Print,,,,,,,,,,,,,1,3,,
Marvel Comics,X-Men (Vol. 2) (1991 - 2001),2,X-Men #2,X-Men,2,9/17/1991,13,13,,1,0,0,1,1,,Print,,,,,,,,,,,,,1,1,,
Marvel Comics,X-Men (Vol. 2) (1991 - 2001),2,X-Men #3,X-Men,3,10/15/1991,13,13,,1,0,0,1,1,,Print,,,,,,,,,,,,,1,1,,
Marvel Comics,X-Men (Vol. 2) (1991 - 2001),2,X-Men #4,X-Men,4,11/19/1991,13,13,,1,0,0,1,1,,Print,,,,,,,,,,,,,1,1,,
Marvel Comics,X-Men (Vol. 2) (1991 - 2001),2,X-Men #5,X-Men,5,12/17/1991,,,,0,1,0,0,0,,Print,,,,,,,,,,,,,1,0,,
Marvel Comics,X-Men (Vol. 2) (1991 - 2001),2,X-Men #6,X-Men,6,1/21/1992,13,13,,1,0,0,1,1,,Print,,,,,,,,,,,,,1,1,,
Marvel Comics,X-Men (Vol. 2) (1991 - 2001),2,X-Men #7,X-Men,7,2/18/1992,13,13,,1,0,0,1,1,,Print,,,,,,,,,,,,,1,1,,
Marvel Comics,X-Men (Vol. 2) (1991 - 2001),2,X-Men Annual #1,X-Men Annual,1,3/3/1992,4,4,Shattershot,1,0,0,0,1,,Print,,,,,,,,,,,,,2,2,,
Marvel Comics,X-Men (Vol. 2) (1991 - 2001),2,X-Men #8,X-Men,8,3/17/1992,13,13,Brood Trouble In The Big Easy,1,0,0,0,1,,Print,,,,,,,,,,,,,1,1,,
Marvel Comics,X-Men (Vol. 2) (1991 - 2001),2,X-Men #9,X-Men,9,4/21/1992,13,13,Brood Trouble In The Big Easy,1,0,0,0,1,,Print,,,,,,,,,,,,,1,1,,
Marvel Comics,X-Men (Vol. 2) (1991 - 2001),2,X-Men #10,X-Men,10,5/19/1992,13,13,,1,0,0,1,1,,Print,,,,,,,,,,,,,1,1,,
Marvel Comics,X-Men (Vol. 2) (1991 - 2001),2,X-Men #11,X-Men,11,6/16/1992,13,13,,1,0,0,1,1,,Print,,,,,,,,,,,,,1,1,,
Marvel Comics,X-Men (Vol. 2) (1991 - 2001),2,X-Men #12,X-Men,12,7/21/1992,13,13,,1,0,0,1,1,,Print,,,,,,,,,,,,,1,1,,
Marvel Comics,X-Men (Vol. 2) (1991 - 2001),2,X-Men #13,X-Men,13,8/18/1992,13,13,,1,0,0,1,1,,Print,,,,,,,,,,,,,1,1,,
Marvel Comics,X-Men (Vol. 2) (1991 - 2001),2,X-Men #14,X-Men,14,9/15/1992,14,14,X-Cutioner's Song,1,0,0,0,2,,Print,,,,,,,,,,,,,1,2,,
Marvel Comics,X-Men (Vol. 2) (1991 - 2001),2,X-Men #15,X-Men,15,10/20/1992,14,14,X-Cutioner's Song,1,0,0,0,1,,Print,,,,,,,,,,,,,1,1,,
Marvel Comics,X-Men (Vol. 2) (1991 - 2001),2,X-Men #16,X-Men,16,11/17/1992,14,14,X-Cutioner's Song,1,0,0,0,1,,Print,,,,,,,,,,,,,1,1,,
Marvel Comics,X-Men (Vol. 2) (1991 - 2001),2,X-Men #17,X-Men,17,12/15/1992,13,13,A Skinning of Souls,1,0,0,0,1,,Print,,,,,,,,,,,,,1,1,,
Marvel Comics,X-Men (Vol. 2) (1991 - 2001),2,X-Men #18,X-Men,18,1/19/1993,13,13,A Skinning of Souls,1,0,0,0,1,,Print,,,,,,,,,,,,,1,1,,
Marvel Comics,X-Men (Vol. 2) (1991 - 2001),2,X-Men #19,X-Men,19,2/16/1993,13,13,A Skinning of Souls,1,0,0,0,1,,Print,,,,,,,,,,,,,1,1,,
Marvel Comics,X-Men (Vol. 2) (1991 - 2001),2,X-Men #20,X-Men,20,3/16/1993,13,13,,1,0,0,1,1,,Print,,,,,,,,,,,,,1,1,,
Marvel Comics,X-Men (Vol. 2) (1991 - 2001),2,X-Men #21,X-Men,21,4/20/1993,13,13,,1,0,0,1,1,,Print,,,,,,,,,,,,,1,1,,
Marvel Comics,X-Men (Vol. 2) (1991 - 2001),2,X-Men #22,X-Men,22,5/18/1993,13,13,,1,0,0,1,1,,Print,,,,,,,,,,,,,1,1,,
Marvel Comics,X-Men (Vol. 2) (1991 - 2001),2,X-Men #23,X-Men,23,6/15/1993,13,13,,1,0,0,1,1,,Print,,,,,,,,,,,,,1,1,,
Marvel Comics,X-Men (Vol. 2) (1991 - 2001),2,X-Men #24,X-Men,24,7/20/1993,13,13,,1,0,0,1,1,,Print,,,,,,,,,,,,,1,1,,
Marvel Comics,X-Men (Vol. 2) (1991 - 2001),2,X-Men Annual #2,X-Men Annual,2,8/10/1993,13,13,,1,0,0,1,1,,Print,,,,,,,,,,,,,1,1,,
Marvel Comics,X-Men (Vol. 2) (1991 - 2001),2,X-Men #25,X-Men,25,8/17/1993,1,1,Fatal Attractions,1,0,0,0,1,,Print,,,,,,,,,,,,,1,1,,
Marvel Comics,X-Men (Vol. 2) (1991 - 2001),2,X-Men #26,X-Men,26,9/21/1993,1,1,Bloodties,1,0,0,0,1,,Print,,,,,,,,,,,,,1,1,,
Marvel Comics,X-Men (Vol. 2) (1991 - 2001),2,X-Men #27,X-Men,27,10/19/1993,13,13,,1,0,0,1,1,,Print,,,,,,,,,,,,,1,1,,
Marvel Comics,X-Men (Vol. 2) (1991 - 2001),2,X-Men #28,X-Men,28,11/16/1993,13,13,,1,0,0,1,1,,Print,,,,,,,,,,,,,1,1,,
Marvel Comics,X-Men (Vol. 2) (1991 - 2001),2,X-Men #29,X-Men,29,12/21/1993,13,13,,1,0,0,1,1,,Print,,,,,,,,,,,,,1,1,,
Marvel Comics,X-Men (Vol. 2) (1991 - 2001),2,X-Men #30,X-Men,30,1/18/1994,13,13,,1,0,0,1,1,,Print,,,,,,,,,,,,,1,1,,
Marvel Comics,X-Men (Vol. 2) (1991 - 2001),2,X-Men #31,X-Men,31,3/1/1994,13,13,Soul Possessions,1,0,0,0,1,,Print,,,,,,,,,,,,,1,1,,
Marvel Comics,X-Men (Vol. 2) (1991 - 2001),2,X-Men #32,X-Men,32,3/15/1994,13,13,Soul Possessions,1,0,0,0,1,,Print,,,,,,,,,,,,,1,1,,
Marvel Comics,X-Men (Vol. 2) (1991 - 2001),2,X-Men #33,X-Men,33,5/3/1994,13,13,,1,0,0,1,1,,Print,,,,,,,,,,,,,1,1,,
Marvel Comics,X-Men (Vol. 2) (1991 - 2001),2,X-Men #34,X-Men,34,5/17/1994,13,13,,1,0,0,1,1,,Print,,,,,,,,,,,,,1,1,,
Marvel Comics,X-Men (Vol. 2) (1991 - 2001),2,X-Men #35,X-Men,35,6/21/1994,13,13,,1,0,0,1,1,,Print,,,,,,,,,,,,,1,1,,
Marvel Comics,X-Men (Vol. 2) (1991 - 2001),2,X-Men #36,X-Men,36,7/19/1994,1,1,Phalanx Covenant,1,0,0,0,1,,Print,,,,,,,,,,,,,1,1,,
Marvel Comics,X-Men (Vol. 2) (1991 - 2001),2,X-Men #37,X-Men,37,8/16/1994,1,1,Phalanx Covenant,1,0,0,0,1,,Print,,,,,,,,,,,,,1,1,,
Marvel Comics,X-Men (Vol. 2) (1991 - 2001),2,X-Men Annual #3,X-Men Annual,3,8/23/1994,13,13,,1,0,0,1,1,,Print,,,,,,,,,,,,,1,1,,
Marvel Comics,X-Men (Vol. 2) (1991 - 2001),2,X-Men #38,X-Men,38,9/20/1994,4,4,Legion Quest,1,0,0,0,1,,Print,,,,,,,,,,,,,1,1,,
Marvel Comics,X-Men (Vol. 2) (1991 - 2001),2,X-Men #39,X-Men,39,10/18/1994,4,4,Legion Quest,1,0,0,0,1,,Print,,,,,,,,,,,,,1,1,,
Marvel Comics,X-Men (Vol. 2) (1991 - 2001),2,X-Men #40,X-Men,40,11/15/1994,4,4,Legion Quest,1,0,0,0,1,,Print,,,,,,,,,,,,,1,1,,
Marvel Comics,X-Men (Vol. 2) (1991 - 2001),2,X-Men #41,X-Men,41,12/20/1994,4,4,Legion Quest,1,0,0,0,1,,Print,,,,,,,,,,,,,1,1,,
Marvel Comics,X-Men (Vol. 2) (1991 - 2001),2,X-Men #42,X-Men,42,5/2/1995,13,13,,1,0,0,1,1,,Print,,,,,,,,,,,,,1,1,,
Marvel Comics,X-Men (Vol. 2) (1991 - 2001),2,X-Men #43,X-Men,43,6/27/1995,13,13,,1,0,0,1,1,,Print,,,,,,,,,,,,,1,1,,
Marvel Comics,X-Men (Vol. 2) (1991 - 2001),2,X-Men #44,X-Men,44,7/27/1995,13,13,,1,0,0,1,1,,Print,,,,,,,,,,,,,1,1,,
Marvel Comics,X-Men (Vol. 2) (1991 - 2001),2,X-Men #45,X-Men,45,8/24/1995,13,13,,1,0,0,1,1,,Print,,,,,,,,,,,,,1,1,,
Marvel Comics,X-Men (Vol. 2) (1991 - 2001),2,X-Men Annual '95,X-Men Annual '95,1,8/29/1995,13,13,,1,0,0,1,1,,Print,,,,,,,,,,,,,1,1,,
Marvel Comics,X-Men (Vol. 2) (1991 - 2001),2,X-Men #46,X-Men,46,9/21/1995,13,13,,1,0,0,1,1,,Print,,,,,,,,,,,,,1,1,,
Marvel Comics,X-Men (Vol. 2) (1991 - 2001),2,X-Men #47,X-Men,47,10/19/1995,13,13,,1,0,0,1,1,,Print,,,,,,,,,,,,,1,1,,
Marvel Comics,X-Men (Vol. 2) (1991 - 2001),2,X-Men #48,X-Men,48,11/24/1995,13,13,,1,0,0,1,2,,Print,2.99,2026-01-15,,,,,,Comic Kingdom,,0,0.0,,1,2,,
Marvel Comics,X-Men (Vol. 2) (1991 - 2001),2,X-Men #49,X-Men,49,12/21/1995,13,13,,1,0,0,1,1,,Print,,,,,,,,,,,,,1,1,,
Marvel Comics,X-Men (Vol. 2) (1991 - 2001),2,X-Men #50,X-Men,50,1/25/1996,13,13,,1,0,0,1,1,,Print,,,,,,,,,,,,,1,1,,
Marvel Comics,X-Men (Vol. 2) (1991 - 2001),2,X-Men #51,X-Men,51,2/22/1996,13,13,,1,0,0,1,1,,Print,,,,,,,,,,,,,1,1,,
Marvel Comics,X-Men (Vol. 2) (1991 - 2001),2,X-Men #52,X-Men,52,3/21/1996,13,13,,1,0,0,1,1,,Print,,,,,,,,,,,,,1,1,,
Marvel Comics,X-Men (Vol. 2) (1991 - 2001),2,X-Men #53,X-Men,53,4/17/1996,6,6,Onslaught,1,0,0,0,1,,Print,,,,,,,,,,,,,1,1,,
Marvel Comics,X-Men (Vol. 2) (1991 - 2001),2,X-Men #54,X-Men,54,5/22/1996,6,6,Onslaught,1,0,0,0,1,,Print,,,,,,,,,,,,,1,1,,
Marvel Comics,X-Men (Vol. 2) (1991 - 2001),2,X-Men #55,X-Men,55,6/26/1996,6,6,Onslaught,1,0,0,0,1,,Print,,,,,,,,,,,,,1,1,,
Marvel Comics,X-Men (Vol. 2) (1991 - 2001),2,X-Men #56,X-Men,56,7/24/1996,6,6,Onslaught,1,0,0,0,1,,Print,,,,,,,,,,,,,1,1,,
Marvel Comics,X-Men (Vol. 2) (1991 - 2001),2,X-Men #57,X-Men,57,8/21/1996,13,13,,1,0,0,1,1,,Print,,,,,,,,,,,,,1,1,,
Marvel Comics,X-Men (Vol. 2) (1991 - 2001),2,X-Men #58,X-Men,58,9/18/1996,13,13,,1,0,0,1,1,,Print,,,,,,,,,,,,,1,1,,
Marvel Comics,X-Men (Vol. 2) (1991 - 2001),2,X-Men #59,X-Men,59,10/16/1996,13,13,,1,0,0,1,1,,Print,,,,,,,,,,,,,1,1,,
Marvel Comics,X-Men (Vol. 2) (1991 - 2001),2,X-Men Annual '96,X-Men Annual '96,1,10/16/1996,13,13,,1,0,0,1,1,,Print,,,,,,,,,,,,,1,1,,
Marvel Comics,X-Men (Vol. 2) (1991 - 2001),2,X-Men #60,X-Men,60,11/20/1996,13,13,,1,0,0,1,1,,Print,,,,,,,,,,,,,1,1,,
Marvel Comics,X-Men / Alpha Flight (1998),1,X-Men / Alpha Flight #1,X-Men / Alpha Flight,1,5/1/1998,14,14,,1,0,0,1,1,,Print,,,,,,,,,,,,,1,1,,
Marvel Comics,X-Men / Alpha Flight (1998),1,X-Men / Alpha Flight #2,X-Men / Alpha Flight,2,6/1/1998,14,14,,1,0,0,1,1,,Print,,,,,,,,,,,,,1,1,,
Marvel Comics,X-Men 2099 (1993 - 1996),1,X-Men 2099 #1,X-Men 2099,1,8/17/1993,1,1,,1,0,0,1,1,,Print,,,,,,,,,,,,,1,1,,
Marvel Comics,X-Men 2099 (1993 - 1996),1,X-Men 2099 #2,X-Men 2099,2,9/21/1993,1,1,,1,0,0,1,1,,Print,,,,,,,,,,,,,1,1,,
Marvel Comics,X-Men 2099 (1993 - 1996),1,X-Men 2099 #3,X-Men 2099,3,10/19/1993,1,1,,1,0,0,1,1,,Print,,,,,,,,,,,,,1,1,,
Marvel Comics,X-Men 2099 (1993 - 1996),1,X-Men 2099 #4,X-Men 2099,4,11/16/1993,1,1,,1,0,0,1,1,,Print,,,,,,,,,,,,,1,1,,
Marvel Comics,X-Men 2099 (1993 - 1996),1,X-Men 2099 #5,X-Men 2099,5,12/21/1993,1,1,The Fall of the Hammer,1,0,0,0,1,,Print,,,,,,,,,,,,,1,1,,
Marvel Comics,X-Men 2099 (1993 - 1996),1,X-Men 2099 #6,X-Men 2099,6,1/18/1994,1,1,,1,0,0,1,1,,Print,,,,,,,,,,,,,1,1,,
Marvel Comics,X-Men 2099 (1993 - 1996),1,X-Men 2099 #7,X-Men 2099,7,2/15/1994,1,1,,1,0,0,1,1,,Print,,,,,,,,,,,,,1,1,,
Marvel Comics,X-Men 2099 (1993 - 1996),1,X-Men 2099 #8,X-Men 2099,8,3/15/1994,1,1,,1,0,0,1,1,,Print,,,,,,,,,,,,,1,1,,
Marvel Comics,X-Men 2099 (1993 - 1996),1,X-Men 2099 #9,X-Men 2099,9,4/19/1994,1,1,,1,0,0,1,1,,Print,,,,,,,,,,,,,1,1,,
Marvel Comics,X-Men 2099 (1993 - 1996),1,X-Men 2099 #10,X-Men 2099,10,5/17/1994,1,1,,1,0,0,1,1,,Print,,,,,,,,,,,,,1,1,,
Marvel Comics,X-Men 2099 (1993 - 1996),1,X-Men 2099 #11,X-Men 2099,11,6/21/1994,1,1,,1,0,0,1,1,,Print,,,,,,,,,,,,,1,1,,
Marvel Comics,X-Men 2099 (1993 - 1996),1,X-Men 2099 #12,X-Men 2099,12,7/19/1994,1,1,,1,0,0,1,1,,Print,,,,,,,,,,,,,1,1,,
Marvel Comics,X-Men 2099 (1993 - 1996),1,X-Men 2099 #13,X-Men 2099,13,8/16/1994,1,1,,1,0,0,1,1,,Print,,,,,,,,,,,,,1,1,,
Marvel Comics,X-Men 2099 (1993 - 1996),1,X-Men 2099 #14,X-Men 2099,14,9/20/1994,1,1,,1,0,0,1,1,,Print,,,,,,,,,,,,,1,1,,
Marvel Comics,X-Men 2099 (1993 - 1996),1,X-Men 2099 #15,X-Men 2099,15,10/18/1994,1,1,,1,0,0,1,1,,Print,,,,,,,,,,,,,1,1,,
Marvel Comics,X-Men 2099 (1993 - 1996),1,X-Men 2099 #16,X-Men 2099,16,11/15/1994,1,1,,1,0,0,1,1,,Print,,,,,,,,,,,,,1,1,,
Marvel Comics,X-Men 2099 (1993 - 1996),1,X-Men 2099 #17,X-Men 2099,17,12/20/1994,1,1,,1,0,0,1,1,,Print,,,,,,,,,,,,,1,1,,
Marvel Comics,X-Men 2099 (1993 - 1996),1,X-Men 2099 #18,X-Men 2099,18,1/17/1995,1,1,,1,0,0,1,1,,Print,,,,,,,,,,,,,1,1,,
Marvel Comics,X-Men 2099 (1993 - 1996),1,X-Men 2099 #19,X-Men 2099,19,2/21/1995,1,1,,1,0,0,1,1,,Print,,,,,,,,,,,,,1,1,,
Marvel Comics,X-Men 2099 (1993 - 1996),1,X-Men 2099 #20,X-Men 2099,20,3/21/1995,1,1,,1,0,0,1,1,,Print,,,,,,,,,,,,,1,1,,
Marvel Comics,X-Men 2099 (1993 - 1996),1,X-Men 2099 #21,X-Men 2099,21,4/18/1995,1,1,,1,0,0,1,1,,Print,,,,,,,,,,,,,1,1,,
Marvel Comics,X-Men 2099 (1993 - 1996),1,X-Men 2099 #22,X-Men 2099,22,5/16/1995,1,1,,1,0,0,1,1,,Print,,,,,,,,,,,,,1,1,,
Marvel Comics,X-Men 2099 (1993 - 1996),1,X-Men 2099 #23,X-Men 2099,23,6/27/1995,1,1,,1,0,0,1,1,,Print,,,,,,,,,,,,,1,1,,
Marvel Comics,X-Men 2099 (1993 - 1996),1,X-Men 2099 #24,X-Men 2099,24,7/27/1995,1,1,,1,0,0,1,1,,Print,,,,,,,,,,,,,1,1,,
Marvel Comics,X-Men 2099 (1993 - 1996),1,X-Men 2099 #25,X-Men 2099,25,8/31/1995,1,1,,1,0,0,1,1,,Print,,,,,,,,,,,,,1,1,,
Marvel Comics,X-Men 2099 (1993 - 1996),1,X-Men 2099 #26,X-Men 2099,26,9/28/1995,1,1,,1,0,0,1,1,,Print,,,,,,,,,,,,,1,1,,
Marvel Comics,X-Men 2099 (1993 - 1996),1,X-Men 2099 #27,X-Men 2099,27,10/26/1995,1,1,,1,0,0,1,1,,Print,,,,,,,,,,,,,1,1,,
Marvel Comics,X-Men 2099 (1993 - 1996),1,X-Men 2099 #28,X-Men 2099,28,11/30/1995,1,1,,1,0,0,1,1,,Print,,,,,,,,,,,,,1,1,,
Marvel Comics,X-Men 2099 (1993 - 1996),1,X-Men 2099 #29,X-Men 2099,29,12/28/1995,1,1,,1,0,0,1,1,,Print,,,,,,,,,,,,,1,1,,
Marvel Comics,X-Men 2099 (1993 - 1996),1,X-Men 2099 #30,X-Men 2099,30,1/25/1996,1,1,,1,0,0,1,1,,Print,,,,,,,,,,,,,1,1,,
Marvel Comics,X-Men 2099 (1993 - 1996),1,X-Men 2099 #31,X-Men 2099,31,2/22/1996,1,1,,1,0,0,1,1,,Print,,,,,,,,,,,,,1,1,,
Marvel Comics,X-Men 2099 (1993 - 1996),1,X-Men 2099 #32,X-Men 2099,32,3/27/1996,1,1,,1,0,0,1,1,,Print,,,,,,,,,,,,,1,1,,
Marvel Comics,X-Men 2099 (1993 - 1996),1,X-Men 2099 #33,X-Men 2099,33,4/24/1996,1,1,,1,0,0,1,1,,Print,,,,,,,,,,,,,1,1,,
Marvel Comics,X-Men 2099 (1993 - 1996),1,X-Men 2099 #34,X-Men 2099,34,5/30/1996,1,1,,1,0,0,1,1,,Print,,,,,,,,,,,,,1,1,,
Marvel Comics,X-Men 2099 (1993 - 1996),1,X-Men 2099 #35,X-Men 2099,35,7/3/1996,1,1,,1,0,0,1,1,,Print,,,,,,,,,,,,,1,1,,
Marvel Comics,X-Men 2099 Special (1995),1,X-Men 2099 Special #1,X-Men 2099 Special,1,8/24/1995,1,1,,1,0,0,1,1,,Print,,,,,,,,,,,,,1,1,,
Marvel Comics,X-Men 2099: Oasis (1996),1,X-Men 2099: Oasis #1,X-Men 2099: Oasis,1,7/3/1996,1,1,,1,0,0,1,1,,Print,,,,,,,,,,,,,1,1,,
Marvel Comics,X-Men Adventures (Vol. 3) (1995 - 1996),3,X-Men Adventures #1,X-Men Adventures,1,1/10/1995,7,7,,1,0,0,1,1,,Print,,,,,,,,,,,,,1,1,,
Marvel Comics,X-Men Chronicles (1995),1,X-Men Chronicles #1,X-Men Chronicles,1,1/24/1995,6,6,Age of Apocalypse,1,0,0,0,1,,Print,,,,,,,,,,,,,1,1,,
Marvel Comics,X-Men Chronicles (1995),1,X-Men Chronicles #2,X-Men Chronicles,2,4/25/1995,6,6,Age of Apocalypse,1,0,0,0,1,,Print,,,,,,,,,,,,,1,1,,
Marvel Comics,X-Men Classic (1990 - 1995),1,X-Men Classic #46,X-Men Classic,46,2/27/1990,10,10,,1,0,0,1,1,,Print,,,,,,,,,,,,,1,1,,
Marvel Comics,X-Men Classic (1990 - 1995),1,X-Men Classic #71,X-Men Classic,71,3/24/1992,10,10,,1,0,0,1,1,,Print,,,,,,,,,,,,,1,1,,
Marvel Comics,X-Men Classic (1990 - 1995),1,X-Men Classic #93,X-Men Classic,93,1/25/1994,10,10,,1,0,0,1,1,,Print,,,,,,,,,,,,,1,1,,
Marvel Comics,X-Men Classic (1990 - 1995),1,X-Men Classic #95,X-Men Classic,95,3/29/1994,10,10,,1,0,0,1,1,,Print,,,,,,,,,,,,,1,1,,
Marvel Comics,X-Men Classic (1990 - 1995),1,X-Men Classic #96,X-Men Classic,96,4/26/1994,10,10,,1,0,0,1,1,,Print,,,,,,,,,,,,,1,1,,
Marvel Comics,X-Men Classic (1990 - 1995),1,X-Men Classic #99,X-Men Classic,99,7/26/1994,10,10,,1,0,0,1,1,,Print,,,,,,,,,,,,,1,1,,
Marvel Comics,X-Men Firsts (1995),1,X-Men Firsts #1,X-Men Firsts,1,12/28/1995,1,1,,1,0,0,1,1,,Print,,,,,,,,,,,,,1,1,,
Marvel Comics,X-Men Unlimited (Vol. 1) (1993 - 2003),1,X-Men Unlimited #1,X-Men Unlimited,1,4/27/1993,1,1,,1,0,0,1,1,,Print,,,,,,,,,,,,,1,1,,
Marvel Comics,X-Men Unlimited (Vol. 1) (1993 - 2003),1,X-Men Unlimited #2,X-Men Unlimited,2,7/27/1993,1,1,,1,0,0,1,1,,Print,,,,,,,,,,,,,1,1,,
Marvel Comics,X-Men Unlimited (Vol. 1) (1993 - 2003),1,X-Men Unlimited #3,X-Men Unlimited,3,10/26/1993,1,1,,1,0,0,1,1,,Print,,,,,,,,,,,,,1,1,,
Marvel Comics,X-Men Unlimited (Vol. 1) (1993 - 2003),1,X-Men Unlimited #4,X-Men Unlimited,4,1/25/1994,1,1,,1,0,0,1,1,,Print,,,,,,,,,,,,,1,1,,
Marvel Comics,X-Men Unlimited (Vol. 1) (1993 - 2003),1,X-Men Unlimited #5,X-Men Unlimited,5,5/3/1994,1,1,,1,0,0,1,1,,Print,,,,,,,,,,,,,1,1,,
Marvel Comics,X-Men Unlimited (Vol. 1) (1993 - 2003),1,X-Men Unlimited #6,X-Men Unlimited,6,7/26/1994,1,1,,1,0,0,1,1,,Print,,,,,,,,,,,,,1,1,,
Marvel Comics,X-Men Unlimited (Vol. 1) (1993 - 2003),1,X-Men Unlimited #7,X-Men Unlimited,7,10/25/1994,1,1,,1,0,0,1,1,,Print,,,,,,,,,,,,,1,1,,
Marvel Comics,X-Men Unlimited (Vol. 1) (1993 - 2003),1,X-Men Unlimited #8,X-Men Unlimited,8,8/10/1995,1,1,,1,0,0,1,1,,Print,,,,,,,,,,,,,1,1,,
Marvel Comics,X-Men Unlimited (Vol. 1) (1993 - 2003),1,X-Men Unlimited #9,X-Men Unlimited,9,11/2/1995,1,1,,1,0,0,1,1,,Print,,,,,,,,,,,,,1,1,,
Marvel Comics,X-Men Unlimited (Vol. 1) (1993 - 2003),1,X-Men Unlimited #10,X-Men Unlimited,10,1/25/1996,1,1,,1,0,0,1,1,,Print,,,,,,,,,,,,,1,1,,
Marvel Comics,X-Men Unlimited (Vol. 1) (1993 - 2003),1,X-Men Unlimited #11,X-Men Unlimited,11,4/24/1996,1,1,,1,0,0,1,1,,Print,,,,,,,,,,,,,1,1,,
Marvel Comics,X-Men Unlimited (Vol. 1) (1993 - 2003),1,X-Men Unlimited #12,X-Men Unlimited,12,7/24/1996,6,6,Onslaught,1,0,0,0,1,,Print,,,,,,,,,,,,,1,1,,
Marvel Comics,X-Men Unlimited (Vol. 1) (1993 - 2003),1,X-Men Unlimited #13,X-Men Unlimited,13,10/23/1996,1,1,,1,0,0,1,1,,Print,,,,,,,,,,,,,1,1,,
Marvel Comics,X-Men vs. the Brood (1996),1,X-Men vs. the Brood #1,X-Men vs. the Brood,1,7/31/1996,8,8,,1,0,0,1,1,,Print,,,,,,,,,,,,,1,1,,
Marvel Comics,X-Men vs. the Brood (1996),1,X-Men vs. the Brood #2,X-Men vs. the Brood,2,8/28/1996,8,8,,1,0,0,1,1,,Print,,,,,,,,,,,,,1,1,,
Marvel Comics,X-Men: Alpha (1994),1,X-Men: Alpha #1,X-Men: Alpha,1,12/27/1994,6,6,Age of Apocalypse,1,0,0,0,1,,Print,,,,,,,,,,,,,1,1,,
Marvel Comics,X-Men: Books of Askani (1995),1,X-Men: Books of Askani #1,X-Men: Books of Askani,1,12/7/1995,1,1,,1,0,0,1,1,,Print,,,,,,,,,,,,,1,1,,
Marvel Comics,X-Men: Clan Destine (1996),1,X-Men: Clan Destine #1,X-Men: Clan Destine,1,8/14/1996,8,8,,1,0,0,1,1,,Print,,,,,,,,,,,,,1,1,,
Marvel Comics,X-Men: Clan Destine (1996),1,X-Men: Clan Destine #2,X-Men: Clan Destine,2,9/11/1996,8,8,,1,0,0,1,1,,Print,,,,,,,,,,,,,1,1,,
Marvel Comics,X-Men: Earthfall (1996),1,X-Men: Earthfall #1,X-Men: Earthfall,1,7/17/1996,8,8,,1,0,0,1,1,,Print,,,,,,,,,,,,,1,1,,
Marvel Comics,X-Men: Omega (1995),1,X-Men: Omega #1,X-Men: Omega,1,6/1/1995,6,6,Age of Apocalypse,1,0,0,0,1,,Print,,,,,,,,,,,,,1,1,,
Marvel Comics,X-Men: Prime (Vol. 1) (1995),1,X-Men: Prime #1,X-Men: Prime,1,7/1/1995,6,6,Age of Apocalypse,1,0,0,0,1,,Print,,,,,,,,,,,,,1,1,,
Marvel Comics,X-Men: Tales from the Age of Apocalypse (2025 - 2026),1,X-Men: Tales from the Age of Apocalypse #1,X-Men: Tales from the Age of Apocalypse,1,11/12/2025,,6,Age of Apocalypse,0,1,0,0,0,,Print,,,,,,,,,,,,,1,0,,
Marvel Comics,X-Men: The Early Years (1994 - 1995),1,X-Men: The Early Years #1,X-Men: The Early Years,1,3/8/1994,4,4,,1,0,0,1,1,,Print,,,,,,,,,,,,,1,1,,
Marvel Comics,X-Men: Wrath of Apocalypse (1996),1,X-Men: Wrath of Apocalypse #1,X-Men: Wrath of Apocalypse,1,2/1/1996,1,1,,1,0,0,1,1,,Print,,,,,,,,,,,,,1,1,,
Marvel Comics,X-Nation 2099 (1996),1,X-Nation 2099 #4,X-Nation 2099,4,4/10/1996,1,1,,1,0,0,1,1,,Print,,,,,,,,,,,,,1,1,,
Marvel Comics,X-Nation 2099 (1996),1,X-Nation 2099 #1,X-Nation 2099,1,1/11/1996,1,1,,1,0,0,1,1,,Print,,,,,,,,,,,,,1,1,,
Marvel Comics,X-Nation 2099 (1996),1,X-Nation 2099 #6,X-Nation 2099,6,6/12/1996,1,1,,1,0,0,1,1,,Print,,,,,,,,,,,,,1,1,,
Marvel Comics,X-Nation 2099 (1996),1,X-Nation 2099 #3,X-Nation 2099,3,3/14/1996,1,1,,1,0,0,1,1,,Print,,,,,,,,,,,,,1,1,,
Marvel Comics,X-Nation 2099 (1996),1,X-Nation 2099 #2,X-Nation 2099,2,2/15/1996,1,1,,1,0,0,1,1,,Print,,,,,,,,,,,,,1,1,,
Marvel Comics,X-Nation 2099 (1996),1,X-Nation 2099 #5,X-Nation 2099,5,5/15/1996,1,1,,1,0,0,1,1,,Print,,,,,,,,,,,,,1,1,,
Marvel Comics,X-Terminators (Vol. 1) (1988 - 1989),1,X-Terminators #1,X-Terminators,1,6/21/1988,10,10,Inferno,1,0,0,0,1,,Print,,,,,,,,,,,,,1,1,,
Marvel Comics,X-Terminators (Vol. 1) (1988 - 1989),1,X-Terminators #2,X-Terminators,2,7/19/1988,10,10,Inferno,1,0,0,0,1,,Print,,,,,,,,,,,,,1,1,,
Marvel Comics,X-Terminators (Vol. 1) (1988 - 1989),1,X-Terminators #3,X-Terminators,3,8/16/1988,10,10,Inferno,1,0,0,0,1,,Print,,,,,,,,,,,,,1,1,,
Marvel Comics,X-Terminators (Vol. 1) (1988 - 1989),1,X-Terminators #4,X-Terminators,4,9/27/1988,10,10,Inferno,1,0,0,0,1,,Print,,,,,,,,,,,,,1,1,,
Marvel Comics,X-Universe (1995),1,X-Universe #1,X-Universe,1,3/21/1995,6,6,Age of Apocalypse,1,0,0,0,1,,Print,,,,,,,,,,,,,1,1,,
Marvel Comics,X-Universe (1995),1,X-Universe #2,X-Universe,2,4/18/1995,6,6,Age of Apocalypse,1,0,0,0,1,,Print,,,,,,,,,,,,,1,1,,
Marvel Comics,XSE (1996 - 1997),1,XSE #1,XSE,1,9/25/1996,8,8,,1,0,0,0,1,,Print,,,,,,,,,,,,,1,1,,
Marvel Comics,XSE (1996 - 1997),1,XSE #2,XSE,2,10/16/1996,8,8,,1,0,0,0,1,,Print,,,,,,,,,,,,,1,1,,
Marvel Comics,XSE (1996 - 1997),1,XSE #3,XSE,3,11/13/1996,8,8,,1,0,0,0,1,,Print,,,,,,,,,,,,,1,1,,
Marvel Comics,XSE (1996 - 1997),1,XSE #4,XSE,4,12/4/1996,8,8,,1,0,0,0,1,,Print,,,,,,,,,,,,,1,1,,
Power Records,Power Records (1974 - 1981),1,Power Records: The Amazing Spider-Man - Invasion of the Dragon Men [Book and Record Set],Power Records: The Amazing Spider-Man - Invasion of the Dragon Men [Book and Record Set],1,1/1/1974,3,17,,1,0,0,1,1,,Print,,,,,,,,,,,,,1,1,,
Power Records,Power Records (1974 - 1981),1,Power Records: The Amazing Spider-Man - The Mark of the Man-Wolf [Book and Record Set],Power Records: The Amazing Spider-Man - The Mark of the Man-Wolf [Book and Record Set],1,2/1/1974,3,17,,1,0,0,1,1,,Print,,,,,,,,,,,,,1,1,,
Power Records,Power Records (1974 - 1981),1,Power Records: Batman - Robin Meets Man-Bat! [Book and Record Set],Power Records: Batman - Robin Meets Man-Bat! [Book and Record Set],1,1/1/1976,3,17,,1,0,0,1,1,,Print,,,,,,,,,,,,,1,1,,